datetime,value,sensor_id,sensor_count,temp_c,humidity_pct,precip_mm,wind_speed_ms,wind_dir_deg,surface_pressure_hpa,lag_1h,lag_6h,lag_12h,lag_24h,roll_mean_3h,roll_mean_6h,roll_mean_24h,roll_mean_7d,roll_std_3h,roll_std_6h,roll_std_24h,hour,hour_sin,hour_cos,month,month_sin,month_cos,day_of_week,dow_sin,dow_cos,is_weekend,day_of_year,sensor_health_mean,sensor_health_min
2021-04-29 18:00:00+00:00,12.0,1304191.0,1.0,23.5,91,0.0,0.4,90,988.4,,,,,,,,,,,,18,-1.0,-1.8369701987210297e-16,4,0.8660254037844387,-0.4999999999999998,3,0.43388373,-0.90096885,0,119,100,100
2021-04-29 19:00:00+00:00,12.0,1304191.0,1.0,22.9,94,0.0,2.6,124,988.1,12.0,,,,,,,,,,,19,-0.9659258262890684,0.2588190451025203,4,0.8660254037844387,-0.4999999999999998,3,0.43388373,-0.90096885,0,119,100,100
2021-04-29 20:00:00+00:00,12.0,1304191.0,1.0,22.5,96,0.0,2.8,140,987.7,12.0,,,,,,,,,,,20,-0.8660254037844386,0.5000000000000001,4,0.8660254037844387,-0.4999999999999998,3,0.43388373,-0.90096885,0,119,100,100
2021-04-29 21:00:00+00:00,12.0,1304191.0,1.0,22.5,90,0.2,2.5,98,987.5,12.0,,,,12.0,,,,0.0,,,21,-0.7071067811865477,0.7071067811865474,4,0.8660254037844387,-0.4999999999999998,3,0.43388373,-0.90096885,0,119,100,100
2021-04-29 22:00:00+00:00,12.0,1304191.0,1.0,22.0,91,0.1,2.1,59,987.7,12.0,,,,12.0,,,,0.0,,,22,-0.5000000000000004,0.8660254037844384,4,0.8660254037844387,-0.4999999999999998,3,0.43388373,-0.90096885,0,119,100,100
2021-04-29 23:00:00+00:00,12.0,1304191.0,1.0,21.5,96,0.0,3.2,27,987.7,12.0,,,,12.0,,,,0.0,,,23,-0.25881904510252157,0.9659258262890681,4,0.8660254037844387,-0.4999999999999998,3,0.43388373,-0.90096885,0,119,100,100
2021-04-30 00:00:00+00:00,12.0,1304191.0,1.0,22.8,96,0.0,0.4,90,988.5,12.0,12.0,,,12.0,12.0,,,0.0,0.0,,0,0.0,1.0,4,0.8660254037844387,-0.4999999999999998,4,-0.43388373,-0.90096885,0,120,100,100
2021-04-30 01:00:00+00:00,12.0,1304191.0,1.0,23.8,91,0.0,1.4,90,989.6,12.0,12.0,,,12.0,12.0,,,0.0,0.0,,1,0.25881904510252074,0.9659258262890683,4,0.8660254037844387,-0.4999999999999998,4,-0.43388373,-0.90096885,0,120,100,100
2021-04-30 02:00:00+00:00,12.0,,,24.5,89,0.1,3.3,96,989.9,12.0,12.0,,,12.0,12.0,,,0.0,0.0,,2,0.49999999999999994,0.8660254037844387,4,0.8660254037844387,-0.4999999999999998,4,-0.43388373,-0.90096885,0,120,100,100
2021-04-30 03:00:00+00:00,12.0,1304191.0,1.0,25.9,79,0.1,2.9,83,990.0,12.0,12.0,,,12.0,12.0,,,0.0,0.0,,3,0.7071067811865476,0.7071067811865476,4,0.8660254037844387,-0.4999999999999998,4,-0.43388373,-0.90096885,0,120,100,100
2021-04-30 04:00:00+00:00,13.0,1304191.0,1.0,27.1,73,0.2,2.1,31,989.2,12.0,12.0,,,12.0,12.0,,,0.0,0.0,,4,0.8660254037844386,0.5000000000000001,4,0.8660254037844387,-0.4999999999999998,4,-0.43388373,-0.90096885,0,120,100,100
2021-04-30 05:00:00+00:00,13.0,,,28.2,72,0.1,0.8,297,988.4,13.0,12.0,,,12.333333333333334,12.166666666666666,,,0.5773502691896255,0.4082482904638632,,5,0.9659258262890683,0.25881904510252074,4,0.8660254037844387,-0.4999999999999998,4,-0.43388373,-0.90096885,0,120,100,100
2021-04-30 06:00:00+00:00,13.0,1304191.0,1.0,29.5,67,0.1,3.9,236,986.8,13.0,12.0,12.0,,12.666666666666666,12.333333333333334,,,0.5773502691896255,0.5163977794943228,,6,1.0,6.123233995736766e-17,4,0.8660254037844387,-0.4999999999999998,4,-0.43388373,-0.90096885,0,120,100,100
2021-04-30 07:00:00+00:00,13.0,1304191.0,1.0,29.6,65,0.0,7.1,210,985.5,13.0,12.0,12.0,,13.0,12.5,,,0.0,0.5477225575051671,,7,0.9659258262890683,-0.25881904510252063,4,0.8660254037844387,-0.4999999999999998,4,-0.43388373,-0.90096885,0,120,100,100
2021-04-30 08:00:00+00:00,13.0,1304191.0,1.0,28.0,70,0.0,9.4,230,985.0,13.0,12.0,12.0,,13.0,12.666666666666666,,,0.0,0.516397779494324,,8,0.8660254037844387,-0.4999999999999998,4,0.8660254037844387,-0.4999999999999998,4,-0.43388373,-0.90096885,0,120,100,100
2021-04-30 09:00:00+00:00,13.0,1304191.0,1.0,27.4,73,0.2,4.9,216,984.9,13.0,12.0,12.0,,13.0,12.833333333333334,,,0.0,0.40824829046386646,,9,0.7071067811865476,-0.7071067811865475,4,0.8660254037844387,-0.4999999999999998,4,-0.43388373,-0.90096885,0,120,100,100
2021-04-30 10:00:00+00:00,14.0,1304191.0,1.0,25.6,86,1.2,5.3,152,985.1,13.0,13.0,12.0,,13.0,13.0,,,0.0,0.0,,10,0.49999999999999994,-0.8660254037844387,4,0.8660254037844387,-0.4999999999999998,4,-0.43388373,-0.90096885,0,120,100,100
2021-04-30 11:00:00+00:00,14.0,1304191.0,1.0,25.0,91,0.0,5.6,153,985.7,14.0,13.0,12.0,,13.333333333333334,13.166666666666666,,,0.5773502691896255,0.4082482904638632,,11,0.258819045102521,-0.9659258262890682,4,0.8660254037844387,-0.4999999999999998,4,-0.43388373,-0.90096885,0,120,100,100
2021-04-30 12:00:00+00:00,14.0,1304191.0,1.0,25.1,92,0.0,4.9,144,986.0,14.0,13.0,12.0,,13.666666666666666,13.333333333333334,,,0.5773502691896255,0.5163977794943228,,12,1.2246467991473532e-16,-1.0,4,0.8660254037844387,-0.4999999999999998,4,-0.43388373,-0.90096885,0,120,100,100
2021-04-30 13:00:00+00:00,14.0,1304191.0,1.0,24.8,92,0.0,5.0,159,986.7,14.0,13.0,12.0,,14.0,13.5,,,0.0,0.5477225575051671,,13,-0.2588190451025208,-0.9659258262890683,4,0.8660254037844387,-0.4999999999999998,4,-0.43388373,-0.90096885,0,120,100,100
2021-04-30 14:00:00+00:00,14.11111111111111,,,24.2,94,0.0,4.4,171,987.5,14.0,13.0,12.0,,14.0,13.666666666666666,,,0.0,0.516397779494324,,14,-0.4999999999999997,-0.8660254037844388,4,0.8660254037844387,-0.4999999999999998,4,-0.43388373,-0.90096885,0,120,100,100
2021-04-30 15:00:00+00:00,14.222222222222221,,,23.8,96,0.0,4.3,180,988.1,14.11111111111111,13.0,12.0,,14.037037037037038,13.851851851851853,,,0.06415002990995845,0.41968045849527136,,15,-0.7071067811865471,-0.7071067811865479,4,0.8660254037844387,-0.4999999999999998,4,-0.43388373,-0.90096885,0,120,100,100
2021-04-30 16:00:00+00:00,14.333333333333334,,,23.6,96,0.0,4.1,165,988.8,14.222222222222221,14.0,13.0,,14.111111111111109,14.055555555555555,,,0.1111111111111122,0.0929622251704751,,16,-0.8660254037844385,-0.5000000000000004,4,0.8660254037844387,-0.4999999999999998,4,-0.43388373,-0.90096885,0,120,100,100
2021-04-30 17:00:00+00:00,14.444444444444445,,,23.2,98,0.0,3.3,139,988.7,14.333333333333334,14.0,13.0,,14.222222222222221,14.111111111111112,,,0.11111111111111487,0.1405456737852779,,17,-0.9659258262890683,-0.25881904510252063,4,0.8660254037844387,-0.4999999999999998,4,-0.43388373,-0.90096885,0,120,100,100
2021-04-30 18:00:00+00:00,14.555555555555555,,,23.0,99,0.0,3.0,104,988.2,14.444444444444445,14.0,13.0,12.0,14.333333333333334,14.185185185185185,12.962962962962962,12.962962962962962,0.11111111111111598,0.18144368465062047,0.945462177798521,18,-1.0,-1.8369701987210297e-16,4,0.8660254037844387,-0.4999999999999998,4,-0.43388373,-0.90096885,0,120,100,100
2021-04-30 19:00:00+00:00,14.666666666666666,,,22.9,99,0.0,2.3,51,987.8,14.555555555555555,14.0,13.0,12.0,14.444444444444445,14.277777777777779,13.069444444444445,13.026666666666667,0.1111111111111171,0.20786985482078904,0.9757183516076672,19,-0.9659258262890684,0.2588190451025203,4,0.8660254037844387,-0.4999999999999998,4,-0.43388373,-0.90096885,0,120,100,100
2021-04-30 20:00:00+00:00,14.777777777777779,,,22.6,99,0.0,2.8,40,987.4,14.666666666666666,14.11111111111111,13.0,12.0,14.555555555555555,14.388888888888888,13.180555555555555,13.08974358974359,0.11111111111112021,0.20786985482079062,1.0001677261379438,20,-0.8660254037844386,0.5000000000000001,4,0.8660254037844387,-0.4999999999999998,4,-0.43388373,-0.90096885,0,120,100,100
2021-04-30 21:00:00+00:00,14.88888888888889,,,22.6,98,0.6,1.5,194,987.8,14.777777777777779,14.222222222222221,13.0,12.0,14.666666666666666,14.5,13.296296296296296,13.152263374485596,0.11111111111112443,0.2078698548207927,1.0181744404907072,21,-0.7071067811865477,0.7071067811865474,4,0.8660254037844387,-0.4999999999999998,4,-0.43388373,-0.90096885,0,120,100,100
2021-04-30 22:00:00+00:00,15.0,1304191.0,1.0,22.1,99,2.7,3.7,151,988.1,14.88888888888889,14.333333333333334,14.0,12.0,14.777777777777777,14.611111111111112,13.416666666666666,13.214285714285714,0.11111111111112865,0.20786985482079479,1.0289684968315704,22,-0.5000000000000004,0.8660254037844384,4,0.8660254037844387,-0.4999999999999998,4,-0.43388373,-0.90096885,0,120,100,100
2021-04-30 23:00:00+00:00,16.0,1304191.0,1.0,22.0,99,2.0,4.2,121,988.5,15.0,14.444444444444445,14.0,12.0,14.888888888888891,14.722222222222221,13.541666666666666,13.275862068965518,0.11111111111113287,0.20786985482079742,1.0316060052561336,23,-0.25881904510252157,0.9659258262890681,4,0.8660254037844387,-0.4999999999999998,4,-0.43388373,-0.90096885,0,120,100,100
2021-05-01 00:00:00+00:00,16.0,,,22.4,98,1.1,3.3,174,989.1,16.0,14.555555555555555,14.0,12.0,15.296296296296296,14.981481481481481,13.708333333333334,13.366666666666667,0.6119522830317968,0.5231276626602165,1.0929985053462854,0,0.0,1.0,5,0.49999999999999994,-0.8660254037844387,5,-0.9749279,-0.22252093,1,121,100,100
2021-05-01 01:00:00+00:00,16.0,1304191.0,1.0,23.4,96,0.0,2.5,180,990.2,16.0,14.666666666666666,14.0,12.0,15.666666666666666,15.222222222222221,13.875,13.451612903225806,0.5773502691896384,0.6126243889817995,1.125659584779145,1,0.25881904510252074,0.9659258262890683,5,0.49999999999999994,-0.8660254037844387,5,-0.9749279,-0.22252093,1,121,100,100
2021-05-01 02:00:00+00:00,16.0,,,24.4,89,0.0,2.2,171,990.2,16.0,14.777777777777779,14.11111111111111,12.0,16.0,15.444444444444445,14.041666666666666,13.53125,0.0,0.6126243889818012,1.1320787315502163,2,0.49999999999999994,0.8660254037844387,5,0.49999999999999994,-0.8660254037844387,5,-0.9749279,-0.22252093,1,121,100,100
2021-05-01 03:00:00+00:00,16.0,1304191.0,1.0,25.7,85,0.0,1.8,143,990.1,16.0,14.88888888888889,14.222222222222221,12.0,16.0,15.648148148148147,14.208333333333334,13.606060606060606,0.0,0.5462178223612251,1.1127102019658048,3,0.7071067811865476,0.7071067811865476,5,0.49999999999999994,-0.8660254037844387,5,-0.9749279,-0.22252093,1,121,100,100
2021-05-01 04:00:00+00:00,16.0,1304191.0,1.0,27.5,79,0.1,1.8,169,989.7,16.0,15.0,14.333333333333334,13.0,16.0,15.833333333333334,14.375,13.676470588235293,0.0,0.408248290463887,1.0661494821067372,4,0.8660254037844386,0.5000000000000001,5,0.49999999999999994,-0.8660254037844387,5,-0.9749279,-0.22252093,1,121,100,100
2021-05-01 05:00:00+00:00,16.0,1304191.0,1.0,29.0,74,0.1,2.5,180,988.5,16.0,16.0,14.444444444444445,13.0,16.0,16.0,14.5,13.742857142857142,0.0,0.0,1.0737686277883849,5,0.9659258262890683,0.25881904510252074,5,0.49999999999999994,-0.8660254037844387,5,-0.9749279,-0.22252093,1,121,100,100
2021-05-01 06:00:00+00:00,16.0,,,29.1,70,0.1,2.5,225,987.2,16.0,16.0,14.555555555555555,13.0,16.0,16.0,14.625,13.805555555555555,0.0,0.0,1.0661494821067377,6,1.0,6.123233995736766e-17,5,0.49999999999999994,-0.8660254037844387,5,-0.9749279,-0.22252093,1,121,100,100
2021-05-01 07:00:00+00:00,16.0,,,28.4,72,0.1,5.7,252,986.0,16.0,16.0,14.666666666666666,13.0,16.0,16.0,14.75,13.864864864864865,0.0,0.0,1.0429581366086582,7,0.9659258262890683,-0.25881904510252063,5,0.49999999999999994,-0.8660254037844387,5,-0.9749279,-0.22252093,1,121,100,100
2021-05-01 08:00:00+00:00,16.0,1304191.0,1.0,26.9,85,3.9,0.0,270,985.3,16.0,16.0,14.777777777777779,13.0,16.0,16.0,14.875,13.921052631578947,0.0,0.0,1.0031151158205973,8,0.8660254037844387,-0.4999999999999998,5,0.49999999999999994,-0.8660254037844387,5,-0.9749279,-0.22252093,1,121,100,100
2021-05-01 09:00:00+00:00,16.0,1304191.0,1.0,26.8,82,0.0,4.5,119,984.8,16.0,16.0,14.88888888888889,13.0,16.0,16.0,15.0,13.974358974358974,0.0,0.0,0.9445154846825763,9,0.7071067811865476,-0.7071067811865475,5,0.49999999999999994,-0.8660254037844387,5,-0.9749279,-0.22252093,1,121,100,100
2021-05-01 10:00:00+00:00,15.0,1304191.0,1.0,26.7,88,0.0,2.9,90,984.7,16.0,16.0,15.0,14.0,16.0,16.0,15.125,14.025,0.0,0.0,0.8633483482177862,10,0.49999999999999994,-0.8660254037844387,5,0.49999999999999994,-0.8660254037844387,5,-0.9749279,-0.22252093,1,121,100,100
2021-05-01 11:00:00+00:00,15.0,1304191.0,1.0,26.0,92,0.0,2.7,113,985.4,15.0,16.0,16.0,14.0,15.666666666666666,15.833333333333334,15.166666666666666,14.048780487804878,0.5773502691896255,0.4082482904638632,0.830187298192718,11,0.258819045102521,-0.9659258262890682,5,0.49999999999999994,-0.8660254037844387,5,-0.9749279,-0.22252093,1,121,100,100
2021-05-01 12:00:00+00:00,15.0,1304191.0,1.0,25.6,94,0.0,2.6,344,986.5,15.0,16.0,16.0,14.0,15.333333333333334,15.666666666666666,15.208333333333334,14.071428571428571,0.5773502691896255,0.5163977794943228,0.7933652005128993,12,1.2246467991473532e-16,-1.0,5,0.49999999999999994,-0.8660254037844387,5,-0.9749279,-0.22252093,1,121,100,100
2021-05-01 13:00:00+00:00,15.027777777777779,,,25.6,94,0.0,1.1,90,987.6,15.0,16.0,16.0,14.0,15.0,15.5,15.25,14.093023255813954,0.0,0.5477225575051671,0.7523446977838174,13,-0.2588190451025208,-0.9659258262890683,5,0.49999999999999994,-0.8660254037844387,5,-0.9749279,-0.22252093,1,121,100,100
2021-05-01 14:00:00+00:00,15.055555555555555,,,25.4,95,0.0,0.0,270,988.1,15.027777777777779,16.0,16.0,14.11111111111111,15.00925925925926,15.337962962962962,15.292824074074074,14.114267676767678,0.01603750747749006,0.5129245205544476,0.7059186922905891,14,-0.4999999999999997,-0.8660254037844388,5,0.49999999999999994,-0.8660254037844387,5,-0.9749279,-0.22252093,1,121,100,100
2021-05-01 15:00:00+00:00,15.083333333333334,,,24.6,98,0.0,1.8,37,988.7,15.055555555555555,16.0,16.0,14.222222222222221,15.027777777777779,15.180555555555555,15.332175925925926,14.135185185185186,0.027777777777777457,0.4020587451702848,0.6621464696781368,15,-0.7071067811865471,-0.7071067811865479,5,0.49999999999999994,-0.8660254037844387,5,-0.9749279,-0.22252093,1,121,100,100
2021-05-01 16:00:00+00:00,15.11111111111111,,,24.5,99,0.0,2.5,352,989.0,15.083333333333334,15.0,16.0,14.333333333333334,15.055555555555557,15.027777777777779,15.368055555555557,14.155797101449275,0.027777777777776347,0.03513641844637269,0.6214674727173914,16,-0.8660254037844385,-0.5000000000000004,5,0.49999999999999994,-0.8660254037844387,5,-0.9749279,-0.22252093,1,121,100,100
2021-05-01 17:00:00+00:00,15.13888888888889,,,23.5,100,0.0,3.7,11,988.4,15.11111111111111,15.0,16.0,14.444444444444445,15.083333333333334,15.046296296296296,15.400462962962962,14.176122931442082,0.027777777777774793,0.04536092116269354,0.5843341234819843,17,-0.9659258262890683,-0.25881904510252063,5,0.49999999999999994,-0.8660254037844387,5,-0.9749279,-0.22252093,1,121,100,100
2021-05-01 18:00:00+00:00,15.166666666666666,,,23.0,100,0.0,2.4,63,987.8,15.13888888888889,15.0,16.0,14.555555555555555,15.111111111111109,15.069444444444445,15.42939814814815,14.196180555555555,0.027777777777773682,0.05196746370522822,0.5511893137563733,18,-1.0,-1.8369701987210297e-16,5,0.49999999999999994,-0.8660254037844387,5,-0.9749279,-0.22252093,1,121,100,100
2021-05-01 19:00:00+00:00,15.194444444444445,,,22.5,100,0.0,3.3,77,987.3,15.166666666666666,15.027777777777779,16.0,14.666666666666666,15.138888888888888,15.097222222222221,15.454861111111109,14.215986394557824,0.027777777777772125,0.0519674637052259,0.5224311240614332,19,-0.9659258262890684,0.2588190451025203,5,0.49999999999999994,-0.8660254037844387,5,-0.9749279,-0.22252093,1,121,100,100
2021-05-01 20:00:00+00:00,15.222222222222221,,,22.8,100,0.0,1.6,63,986.9,15.194444444444445,15.055555555555555,16.0,14.777777777777779,15.166666666666666,15.125,15.476851851851853,14.235555555555557,0.027777777777771014,0.05196746370522433,0.49836465432587335,20,-0.8660254037844386,0.5000000000000001,5,0.49999999999999994,-0.8660254037844387,5,-0.9749279,-0.22252093,1,121,100,100
2021-05-01 21:00:00+00:00,15.25,,,22.1,100,0.0,2.6,34,986.8,15.222222222222221,15.083333333333334,16.0,14.88888888888889,15.194444444444443,15.152777777777779,15.495370370370372,14.254901960784315,0.02777777777776946,0.051967463705222004,0.4791455163480855,21,-0.7071067811865477,0.7071067811865474,5,0.49999999999999994,-0.8660254037844387,5,-0.9749279,-0.22252093,1,121,100,100
2021-05-01 22:00:00+00:00,15.277777777777779,,,22.1,100,0.0,2.9,60,987.0,15.25,15.11111111111111,15.0,15.0,15.222222222222223,15.180555555555555,15.510416666666666,14.274038461538462,0.02777777777776835,0.05196746370522072,0.4647254093754415,22,-0.5000000000000004,0.8660254037844384,5,0.49999999999999994,-0.8660254037844387,5,-0.9749279,-0.22252093,1,121,100,100
2021-05-01 23:00:00+00:00,15.305555555555555,,,22.3,100,0.0,1.4,360,987.6,15.277777777777779,15.13888888888889,15.0,16.0,15.25,15.208333333333334,15.52199074074074,14.292976939203355,0.02777777777776724,0.05196746370521967,0.45481405178749135,23,-0.25881904510252157,0.9659258262890681,5,0.49999999999999994,-0.8660254037844387,5,-0.9749279,-0.22252093,1,121,100,100
2021-05-02 00:00:00+00:00,15.333333333333334,,,23.3,96,1.0,3.3,354,988.8,15.305555555555555,15.166666666666666,15.0,16.0,15.277777777777779,15.236111111111109,15.493055555555555,14.31172839506173,0.02777777777776302,0.051967463705218105,0.44506674428746956,0,0.0,1.0,5,0.49999999999999994,-0.8660254037844387,6,-0.7818315,0.6234898,1,122,100,100
2021-05-02 01:00:00+00:00,15.36111111111111,,,24.7,90,0.0,1.5,14,989.9,15.333333333333334,15.194444444444445,15.027777777777779,16.0,15.305555555555557,15.263888888888891,15.465277777777779,14.33030303030303,0.0277777777777588,0.051967463705216016,0.43268330410735356,1,0.25881904510252074,0.9659258262890683,5,0.49999999999999994,-0.8660254037844387,6,-0.7818315,0.6234898,1,122,100,100
2021-05-02 02:00:00+00:00,15.38888888888889,,,26.4,84,0.1,1.1,198,990.3,15.36111111111111,15.222222222222221,15.055555555555555,16.0,15.333333333333334,15.291666666666666,15.438657407407407,14.348710317460318,0.02777777777775347,0.05196746370521369,0.41775053605894574,2,0.49999999999999994,0.8660254037844387,5,0.49999999999999994,-0.8660254037844387,6,-0.7818315,0.6234898,1,122,100,100
2021-05-02 03:00:00+00:00,15.416666666666666,,,27.2,83,0.4,2.3,252,990.2,15.38888888888889,15.25,15.083333333333334,16.0,15.361111111111109,15.319444444444445,15.413194444444445,14.366959064327485,0.02777777777774703,0.05196746370521189,0.40030789445081433,3,0.7071067811865476,0.7071067811865476,5,0.49999999999999994,-0.8660254037844387,6,-0.7818315,0.6234898,1,122,100,100
2021-05-02 04:00:00+00:00,15.444444444444445,,,28.0,80,0.4,2.1,239,989.4,15.416666666666666,15.277777777777779,15.11111111111111,16.0,15.388888888888888,15.347222222222221,15.388888888888888,14.385057471264368,0.027777777777740147,0.05196746370521031,0.3803408364947656,4,0.8660254037844386,0.5000000000000001,5,0.49999999999999994,-0.8660254037844387,6,-0.7818315,0.6234898,1,122,100,100
2021-05-02 05:00:00+00:00,15.472222222222221,,,29.0,72,0.2,4.7,203,988.2,15.444444444444445,15.305555555555555,15.13888888888889,16.0,15.416666666666666,15.375,15.36574074074074,14.4030131826742,0.027777777777733707,0.051967463705208744,0.35776662548507415,5,0.9659258262890683,0.25881904510252074,5,0.49999999999999994,-0.8660254037844387,6,-0.7818315,0.6234898,1,122,100,100
2021-05-02 06:00:00+00:00,15.5,,,27.1,82,1.7,6.9,313,986.6,15.472222222222221,15.333333333333334,15.166666666666666,16.0,15.444444444444443,15.402777777777779,15.34375,14.420833333333333,0.027777777777726824,0.05196746370520642,0.33240737937284587,6,1.0,6.123233995736766e-17,5,0.49999999999999994,-0.8660254037844387,6,-0.7818315,0.6234898,1,122,100,100
2021-05-02 07:00:00+00:00,15.527777777777779,,,28.4,77,0.0,2.3,321,985.5,15.5,15.36111111111111,15.194444444444445,16.0,15.472222222222223,15.430555555555555,15.322916666666666,14.438524590163935,0.027777777777720385,0.051967463705205136,0.30393868433047094,7,0.9659258262890683,-0.25881904510252063,5,0.49999999999999994,-0.8660254037844387,6,-0.7818315,0.6234898,1,122,100,100
2021-05-02 08:00:00+00:00,15.555555555555555,,,28.8,74,0.1,3.5,156,984.4,15.527777777777779,15.38888888888889,15.222222222222221,16.0,15.5,15.458333333333334,15.30324074074074,14.45609318996416,0.027777777777713942,0.051967463705204095,0.27178519917240657,8,0.8660254037844387,-0.4999999999999998,5,0.49999999999999994,-0.8660254037844387,6,-0.7818315,0.6234898,1,122,100,100
2021-05-02 09:00:00+00:00,15.583333333333334,,,28.8,77,0.1,3.3,174,984.3,15.555555555555555,15.416666666666666,15.25,16.0,15.527777777777779,15.486111111111109,15.284722222222221,14.473544973544975,0.02777777777770595,0.05196746370520253,0.2348824239623505,9,0.7071067811865476,-0.7071067811865475,5,0.49999999999999994,-0.8660254037844387,6,-0.7818315,0.6234898,1,122,100,100
2021-05-02 10:00:00+00:00,15.61111111111111,,,26.5,93,2.0,0.5,45,984.5,15.583333333333334,15.444444444444445,15.277777777777779,15.0,15.555555555555557,15.513888888888891,15.267361111111112,14.490885416666666,0.02777777777769951,0.05196746370520043,0.19101750670825468,10,0.49999999999999994,-0.8660254037844387,5,0.49999999999999994,-0.8660254037844387,6,-0.7818315,0.6234898,1,122,100,100
2021-05-02 11:00:00+00:00,15.63888888888889,,,26.2,94,0.0,3.6,127,985.7,15.61111111111111,15.472222222222221,15.305555555555555,15.0,15.583333333333334,15.541666666666666,15.292824074074074,14.508119658119659,0.027777777777692626,0.051967463705198114,0.1945270988347884,11,0.258819045102521,-0.9659258262890682,5,0.49999999999999994,-0.8660254037844387,6,-0.7818315,0.6234898,1,122,100,100
2021-05-02 12:00:00+00:00,15.666666666666666,,,26.0,91,0.0,4.7,148,985.1,15.63888888888889,15.5,15.333333333333334,15.0,15.611111111111109,15.569444444444445,15.319444444444445,14.525252525252524,0.027777777777686186,0.0519674637051963,0.19641855032962066,12,1.2246467991473532e-16,-1.0,5,0.49999999999999994,-0.8660254037844387,6,-0.7818315,0.6234898,1,122,100,100
2021-05-02 13:00:00+00:00,15.694444444444445,,,25.6,92,0.0,5.0,150,985.8,15.666666666666666,15.527777777777779,15.36111111111111,15.027777777777779,15.638888888888888,15.597222222222221,15.347222222222221,14.542288557213931,0.027777777777679303,0.051967463705194734,0.19641855032962027,13,-0.2588190451025208,-0.9659258262890683,5,0.49999999999999994,-0.8660254037844387,6,-0.7818315,0.6234898,1,122,100,100
2021-05-02 14:00:00+00:00,15.722222222222221,,,24.8,94,0.0,5.1,176,986.4,15.694444444444445,15.555555555555555,15.38888888888889,15.055555555555555,15.666666666666666,15.625,15.375,14.55923202614379,0.027777777777672864,0.051967463705193166,0.19641855032961988,14,-0.4999999999999997,-0.8660254037844388,5,0.49999999999999994,-0.8660254037844387,6,-0.7818315,0.6234898,1,122,100,100
2021-05-02 15:00:00+00:00,15.75,,,24.4,94,0.0,5.4,160,986.9,15.722222222222221,15.583333333333334,15.416666666666666,15.083333333333334,15.694444444444443,15.652777777777779,15.402777777777779,14.576086956521738,0.02777777777766598,0.051967463705190835,0.19641855032961925,15,-0.7071067811865471,-0.7071067811865479,5,0.49999999999999994,-0.8660254037844387,6,-0.7818315,0.6234898,1,122,100,100
2021-05-02 16:00:00+00:00,15.777777777777779,,,25.0,91,0.0,2.6,146,987.2,15.75,15.61111111111111,15.444444444444445,15.11111111111111,15.722222222222223,15.680555555555555,15.430555555555555,14.592857142857143,0.02777777777765954,0.05196746370518956,0.1964185503296186,16,-0.8660254037844385,-0.5000000000000004,5,0.49999999999999994,-0.8660254037844387,6,-0.7818315,0.6234898,1,122,100,100
2021-05-02 17:00:00+00:00,15.805555555555555,,,24.4,94,0.0,2.2,9,986.6,15.777777777777779,15.63888888888889,15.472222222222221,15.13888888888889,15.75,15.708333333333334,15.458333333333334,14.609546165884195,0.027777777777653098,0.05196746370518851,0.19641855032961786,17,-0.9659258262890683,-0.25881904510252063,5,0.49999999999999994,-0.8660254037844387,6,-0.7818315,0.6234898,1,122,100,100
2021-05-02 18:00:00+00:00,15.833333333333334,,,23.4,97,0.0,2.9,7,986.0,15.805555555555555,15.666666666666666,15.5,15.166666666666666,15.777777777777779,15.736111111111109,15.486111111111109,14.626157407407407,0.027777777777645105,0.05196746370518694,0.19641855032961694,18,-1.0,-1.8369701987210297e-16,5,0.49999999999999994,-0.8660254037844387,6,-0.7818315,0.6234898,1,122,100,100
2021-05-02 19:00:00+00:00,15.86111111111111,,,22.8,99,0.0,4.3,5,985.3,15.833333333333334,15.694444444444445,15.527777777777779,15.194444444444445,15.805555555555557,15.763888888888891,15.513888888888891,14.642694063926943,0.027777777777638665,0.05196746370518485,0.19641855032961592,19,-0.9659258262890684,0.2588190451025203,5,0.49999999999999994,-0.8660254037844387,6,-0.7818315,0.6234898,1,122,100,100
2021-05-02 20:00:00+00:00,15.88888888888889,,,23.0,99,0.0,2.6,74,985.1,15.86111111111111,15.722222222222221,15.555555555555555,15.222222222222221,15.833333333333334,15.791666666666666,15.541666666666666,14.65915915915916,0.027777777777631782,0.05196746370518253,0.19641855032961475,20,-0.8660254037844386,0.5000000000000001,5,0.49999999999999994,-0.8660254037844387,6,-0.7818315,0.6234898,1,122,100,100
2021-05-02 21:00:00+00:00,15.916666666666666,,,22.4,100,0.0,6.9,354,985.5,15.88888888888889,15.75,15.583333333333334,15.25,15.861111111111109,15.819444444444445,15.569444444444445,14.675555555555556,0.027777777777625343,0.05196746370518072,0.19641855032961347,21,-0.7071067811865477,0.7071067811865474,5,0.49999999999999994,-0.8660254037844387,6,-0.7818315,0.6234898,1,122,100,100
2021-05-02 22:00:00+00:00,15.944444444444445,,,21.7,100,2.6,6.5,3,986.1,15.916666666666666,15.777777777777779,15.61111111111111,15.277777777777779,15.888888888888888,15.847222222222221,15.597222222222221,14.691885964912279,0.02777777777761846,0.05196746370517915,0.19641855032961208,22,-0.5000000000000004,0.8660254037844384,5,0.49999999999999994,-0.8660254037844387,6,-0.7818315,0.6234898,1,122,100,100
2021-05-02 23:00:00+00:00,15.972222222222221,,,21.7,99,0.0,2.0,45,986.3,15.944444444444445,15.805555555555555,15.63888888888889,15.305555555555555,15.916666666666666,15.875,15.625,14.708152958152958,0.02777777777761202,0.05196746370517758,0.19641855032961067,23,-0.25881904510252157,0.9659258262890681,5,0.49999999999999994,-0.8660254037844387,6,-0.7818315,0.6234898,1,122,100,100
2021-05-03 00:00:00+00:00,16.0,1304191.0,1.0,23.5,96,0.1,3.2,180,986.5,15.972222222222221,15.833333333333334,15.666666666666666,15.333333333333334,15.944444444444443,15.902777777777779,15.652777777777779,14.724358974358974,0.027777777777605137,0.05196746370517526,0.19641855032960898,0,0.0,1.0,5,0.49999999999999994,-0.8660254037844387,0,0.0,1.0,0,123,100,100
2021-05-03 01:00:00+00:00,17.0,1304191.0,1.0,24.8,92,0.0,5.1,172,987.6,16.0,15.86111111111111,15.694444444444445,15.36111111111111,15.972222222222223,15.930555555555555,15.680555555555555,14.740506329113924,0.027777777777598697,0.05196746370517397,0.1964185503296073,1,0.25881904510252074,0.9659258262890683,5,0.49999999999999994,-0.8660254037844387,0,0.0,1.0,0,123,100,100
2021-05-03 02:00:00+00:00,17.0,1304191.0,1.0,26.5,88,0.0,3.0,166,988.1,17.0,15.88888888888889,15.722222222222221,15.38888888888889,16.324074074074073,16.12037037037037,15.748842592592593,14.76875,0.5855337686578528,0.43271560909436385,0.32399139156882256,2,0.49999999999999994,0.8660254037844387,5,0.49999999999999994,-0.8660254037844387,0,0.0,1.0,0,123,100,100
2021-05-03 03:00:00+00:00,17.0,1304191.0,1.0,28.0,84,0.1,3.3,139,987.8,17.0,15.916666666666666,15.75,15.416666666666666,16.666666666666668,16.305555555555554,15.815972222222221,14.796296296296296,0.5773502691896079,0.5386310952684763,0.40335519996354136,3,0.7071067811865476,0.7071067811865476,5,0.49999999999999994,-0.8660254037844387,0,0.0,1.0,0,123,100,100
2021-05-03 04:00:00+00:00,17.0,,,29.6,75,0.1,4.3,175,987.0,17.0,15.944444444444445,15.777777777777779,15.444444444444445,17.0,16.48611111111111,15.881944444444445,14.823170731707316,0.0,0.5632111416897301,0.46062412442716605,4,0.8660254037844386,0.5000000000000001,5,0.49999999999999994,-0.8660254037844387,0,0.0,1.0,0,123,100,100
2021-05-03 05:00:00+00:00,17.0,1304191.0,1.0,31.0,65,0.0,4.0,243,986.0,17.0,15.972222222222221,15.805555555555555,15.472222222222221,17.0,16.662037037037038,15.94675925925926,14.849397590361447,0.0,0.5236436525893433,0.5038044117615771,5,0.9659258262890683,0.25881904510252074,5,0.49999999999999994,-0.8660254037844387,0,0.0,1.0,0,123,100,100
2021-05-03 06:00:00+00:00,17.166666666666668,,,27.2,85,2.7,12.0,277,985.6,17.0,16.0,15.833333333333334,15.5,17.0,16.833333333333332,16.010416666666668,14.875,0.0,0.4082482904638454,0.5366851011026554,6,1.0,6.123233995736766e-17,5,0.49999999999999994,-0.8660254037844387,0,0.0,1.0,0,123,100,100
2021-05-03 07:00:00+00:00,17.333333333333332,,,29.1,76,0.1,1.3,146,984.1,17.166666666666668,17.0,15.86111111111111,15.527777777777779,17.055555555555557,17.02777777777778,16.07986111111111,14.901960784313726,0.0962250448649378,0.06804138174397752,0.574280600869136,7,0.9659258262890683,-0.25881904510252063,5,0.49999999999999994,-0.8660254037844387,0,0.0,1.0,0,123,100,100
2021-05-03 08:00:00+00:00,17.5,,,30.5,69,0.0,4.1,165,983.2,17.333333333333332,17.0,15.88888888888889,15.555555555555555,17.166666666666668,17.083333333333332,16.15509259259259,14.930232558139535,0.1666666666666646,0.13944333775567808,0.615591648313719,8,0.8660254037844387,-0.4999999999999998,5,0.49999999999999994,-0.8660254037844387,0,0.0,1.0,0,123,100,100
2021-05-03 09:00:00+00:00,17.666666666666668,,,30.4,68,0.2,6.0,213,982.7,17.5,17.0,15.916666666666666,15.583333333333334,17.333333333333332,17.166666666666668,16.23611111111111,14.959770114942529,0.1666666666666646,0.21081851067789056,0.6596348149571755,9,0.7071067811865476,-0.7071067811865475,5,0.49999999999999994,-0.8660254037844387,0,0.0,1.0,0,123,100,100
2021-05-03 10:00:00+00:00,17.833333333333332,,,29.6,74,0.4,5.4,217,982.3,17.666666666666668,17.0,15.944444444444445,15.61111111111111,17.5,17.27777777777778,16.322916666666668,14.990530303030305,0.1666666666666677,0.2721655269759072,0.7054829216293411,10,0.49999999999999994,-0.8660254037844387,5,0.49999999999999994,-0.8660254037844387,0,0.0,1.0,0,123,100,100
2021-05-03 11:00:00+00:00,18.0,1304191.0,1.0,28.5,85,0.0,3.3,229,982.9,17.833333333333332,17.0,15.972222222222221,15.63888888888889,17.666666666666668,17.416666666666668,16.41550925925926,15.02247191011236,0.1666666666666646,0.3118047822311593,0.7522768787660467,11,0.258819045102521,-0.9659258262890682,5,0.49999999999999994,-0.8660254037844387,0,0.0,1.0,0,123,100,100
2021-05-03 12:00:00+00:00,18.0,1304191.0,1.0,26.9,91,0.0,4.8,318,983.0,18.0,17.166666666666668,16.0,15.666666666666666,17.833333333333332,17.583333333333332,16.51388888888889,15.055555555555555,0.1666666666666646,0.3118047822311593,0.7992213064763085,12,1.2246467991473532e-16,-1.0,5,0.49999999999999994,-0.8660254037844387,0,0.0,1.0,0,123,100,100
2021-05-03 13:00:00+00:00,17.0,1304191.0,1.0,26.6,91,0.0,4.0,360,984.0,18.0,17.333333333333332,17.0,15.694444444444445,17.944444444444443,17.72222222222222,16.61111111111111,15.087912087912088,0.09622504486493781,0.2721655269759071,0.8328903814710266,13,-0.2588190451025208,-0.9659258262890683,5,0.49999999999999994,-0.8660254037844387,0,0.0,1.0,0,123,100,100
2021-05-03 14:00:00+00:00,16.0,1304191.0,1.0,26.5,92,0.0,2.0,135,985.2,17.0,17.5,17.0,15.722222222222221,17.666666666666668,17.666666666666668,16.66550925925926,15.108695652173912,0.5773502691896263,0.380058475033045,0.812810045170098,14,-0.4999999999999997,-0.8660254037844388,5,0.49999999999999994,-0.8660254037844387,0,0.0,1.0,0,123,100,100
2021-05-03 15:00:00+00:00,16.0,1304191.0,1.0,26.2,93,0.0,1.9,112,986.1,16.0,17.666666666666668,17.0,15.75,17.0,17.416666666666668,16.677083333333332,15.118279569892474,1.0000000000000004,0.7870479302078399,0.8006812593448197,15,-0.7071067811865471,-0.7071067811865479,5,0.49999999999999994,-0.8660254037844387,0,0.0,1.0,0,123,100,100
2021-05-03 16:00:00+00:00,16.0,1304191.0,1.0,25.4,95,0.0,1.6,27,986.5,16.0,17.833333333333332,17.0,15.777777777777779,16.333333333333332,17.13888888888889,16.6875,15.127659574468085,0.5773502691896263,0.9569434365419626,0.7896459081293503,16,-0.8660254037844385,-0.5000000000000004,5,0.49999999999999994,-0.8660254037844387,0,0.0,1.0,0,123,100,100
2021-05-03 17:00:00+00:00,15.0,1304191.0,1.0,24.0,99,0.0,3.7,349,986.1,16.0,18.0,17.0,15.805555555555555,16.0,16.833333333333332,16.69675925925926,15.136842105263158,0.0,0.9831920802501753,0.7797557951165709,17,-0.9659258262890683,-0.25881904510252063,5,0.49999999999999994,-0.8660254037844387,0,0.0,1.0,0,123,100,100
2021-05-03 18:00:00+00:00,15.0,1304191.0,1.0,24.2,100,0.0,1.9,22,985.6,15.0,18.0,17.166666666666668,15.833333333333334,15.666666666666666,16.333333333333332,16.663194444444446,15.135416666666666,0.5773502691896255,1.032795558988644,0.835155515842063,18,-1.0,-1.8369701987210297e-16,5,0.49999999999999994,-0.8660254037844387,0,0.0,1.0,0,123,100,100
2021-05-03 19:00:00+00:00,14.0,1304191.0,1.0,23.9,100,0.0,1.5,346,985.3,15.0,17.0,17.333333333333332,15.86111111111111,15.333333333333334,15.833333333333334,16.62847222222222,15.1340206185567,0.5773502691896255,0.7527726527090792,0.8868792386512392,19,-0.9659258262890684,0.2588190451025203,5,0.49999999999999994,-0.8660254037844387,0,0.0,1.0,0,123,100,100
2021-05-03 20:00:00+00:00,14.0,1304191.0,1.0,23.0,100,0.0,1.5,346,984.8,14.0,16.0,17.5,15.88888888888889,14.666666666666666,15.333333333333334,16.550925925925927,15.122448979591837,0.5773502691896255,0.8164965809277233,1.0271628486388562,20,-0.8660254037844386,0.5000000000000001,5,0.49999999999999994,-0.8660254037844387,0,0.0,1.0,0,123,100,100
2021-05-03 21:00:00+00:00,14.0,,,22.8,100,0.0,1.5,346,984.5,14.0,16.0,17.666666666666668,15.916666666666666,14.333333333333334,15.0,16.47222222222222,15.11111111111111,0.5773502691896255,0.8944271909999131,1.145629282080025,21,-0.7071067811865477,0.7071067811865474,5,0.49999999999999994,-0.8660254037844387,0,0.0,1.0,0,123,100,100
2021-05-03 22:00:00+00:00,14.0,1304191.0,1.0,22.4,100,0.0,2.3,342,985.1,14.0,16.0,17.833333333333332,15.944444444444445,14.0,14.666666666666666,16.39236111111111,15.1,0.0,0.8164965809277233,1.2482492436133967,22,-0.5000000000000004,0.8660254037844384,5,0.49999999999999994,-0.8660254037844387,0,0.0,1.0,0,123,100,100
2021-05-03 23:00:00+00:00,14.368421052631579,,,22.4,100,0.0,1.8,11,985.7,14.0,15.0,18.0,15.972222222222221,14.0,14.333333333333334,16.31134259259259,15.089108910891088,0.0,0.5163977794943192,1.3384307544678093,23,-0.25881904510252157,0.9659258262890681,5,0.49999999999999994,-0.8660254037844387,0,0.0,1.0,0,123,100,100
2021-05-04 00:00:00+00:00,14.736842105263158,,,23.7,95,0.0,0.5,315,986.9,14.368421052631579,15.0,18.0,16.0,14.122807017543858,14.228070175438596,16.244517543859647,15.082043343653252,0.2127079939119673,0.40586649097322497,1.3949426626388581,0,0.0,1.0,5,0.49999999999999994,-0.8660254037844387,1,0.7818315,0.6234898,0,124,100,100
2021-05-04 01:00:00+00:00,15.105263157894736,,,26.0,88,0.0,0.5,315,987.8,14.736842105263158,14.0,17.0,17.0,14.36842105263158,14.18421052631579,16.19188596491228,15.078691875319366,0.36842105263157876,0.30824316767044496,1.4280072789605902,1,0.25881904510252074,0.9659258262890683,5,0.49999999999999994,-0.8660254037844387,1,0.7818315,0.6234898,0,124,100,100
2021-05-04 02:00:00+00:00,15.473684210526315,,,28.2,78,0.0,1.8,360,988.1,15.105263157894736,14.0,16.0,17.0,14.736842105263158,14.36842105263158,16.11293859649123,15.078947368421051,0.36842105263157876,0.46601986570902,1.433751941510716,2,0.49999999999999994,0.8660254037844387,5,0.49999999999999994,-0.8660254037844387,1,0.7818315,0.6234898,0,124,100,100
2021-05-04 03:00:00+00:00,15.842105263157894,,,29.6,71,0.2,2.1,329,987.7,15.473684210526315,14.0,16.0,17.0,15.105263157894735,14.614035087719296,16.049342105263158,15.082706766917294,0.36842105263157876,0.6016290596309508,1.4265270443913187,3,0.7071067811865476,0.7071067811865476,5,0.49999999999999994,-0.8660254037844387,1,0.7818315,0.6234898,0,124,100,100
2021-05-04 04:00:00+00:00,16.210526315789473,,,30.9,66,0.0,1.3,304,986.9,15.842105263157894,14.0,16.0,17.0,15.473684210526315,14.921052631578947,16.001096491228072,15.089870903674282,0.36842105263157876,0.6892526765109829,1.412488702933961,4,0.8660254037844386,0.5000000000000001,5,0.49999999999999994,-0.8660254037844387,1,0.7818315,0.6234898,0,124,100,100
2021-05-04 05:00:00+00:00,16.57894736842105,,,32.1,61,0.0,0.8,243,985.9,16.210526315789473,14.368421052631579,15.0,17.0,15.842105263157896,15.289473684210526,15.968201754385966,15.100344318740778,0.36842105263157876,0.6892526765109808,1.3973257506450538,5,0.9659258262890683,0.25881904510252074,5,0.49999999999999994,-0.8660254037844387,1,0.7818315,0.6234898,0,124,100,100
2021-05-04 06:00:00+00:00,16.94736842105263,,,32.4,59,0.0,3.1,201,984.6,16.57894736842105,14.736842105263158,15.0,17.166666666666668,16.210526315789473,15.657894736842104,15.950657894736842,15.114035087719298,0.36842105263157787,0.6892526765109787,1.386408537030907,6,1.0,6.123233995736766e-17,5,0.49999999999999994,-0.8660254037844387,1,0.7818315,0.6234898,0,124,100,100
2021-05-04 07:00:00+00:00,17.31578947368421,,,32.9,58,0.0,4.7,238,983.4,16.94736842105263,15.105263157894736,14.0,17.333333333333332,16.57894736842105,16.02631578947368,15.941520467836256,15.130854659584742,0.36842105263157876,0.6892526765109769,1.3787472140201238,7,0.9659258262890683,-0.25881904510252063,5,0.49999999999999994,-0.8660254037844387,1,0.7818315,0.6234898,0,124,100,100
2021-05-04 08:00:00+00:00,17.684210526315788,,,32.5,61,0.0,4.0,265,982.6,17.31578947368421,15.473684210526315,14.0,17.5,16.94736842105263,16.394736842105264,15.94078947368421,15.150717703349283,0.36842105263157787,0.6892526765109753,1.3779816473076176,8,0.8660254037844387,-0.4999999999999998,5,0.49999999999999994,-0.8660254037844387,1,0.7818315,0.6234898,0,124,100,100
2021-05-04 09:00:00+00:00,18.05263157894737,,,32.2,63,0.0,1.9,338,982.0,17.684210526315788,15.842105263157894,14.0,17.666666666666668,17.31578947368421,16.763157894736842,15.9484649122807,15.173541963015648,0.36842105263157876,0.6892526765109739,1.3875241364462916,9,0.7071067811865476,-0.7071067811865475,5,0.49999999999999994,-0.8660254037844387,1,0.7818315,0.6234898,0,124,100,100
2021-05-04 10:00:00+00:00,18.421052631578945,,,30.9,74,0.0,2.7,203,981.9,18.05263157894737,16.210526315789473,14.0,17.833333333333332,17.68421052631579,17.13157894736842,15.96454678362573,15.199248120300751,0.36842105263157876,0.6892526765109728,1.4103534451606021,10,0.49999999999999994,-0.8660254037844387,5,0.49999999999999994,-0.8660254037844387,1,0.7818315,0.6234898,0,124,100,100
2021-05-04 11:00:00+00:00,18.789473684210527,,,29.6,78,0.0,4.3,222,982.5,18.421052631578945,16.57894736842105,14.368421052631579,18.0,18.05263157894737,17.5,15.989035087719296,15.227759664648346,0.36842105263157343,0.6892526765109691,1.4487909935697048,11,0.258819045102521,-0.9659258262890682,5,0.49999999999999994,-0.8660254037844387,1,0.7818315,0.6234898,0,124,100,100
2021-05-04 12:00:00+00:00,19.157894736842106,,,28.0,81,0.0,5.9,259,982.2,18.789473684210527,16.94736842105263,14.736842105263158,18.0,18.421052631578945,17.86842105263158,16.021929824561404,15.259002770083104,0.3684210526315703,0.6892526765109666,1.5043328698380278,12,1.2246467991473532e-16,-1.0,5,0.49999999999999994,-0.8660254037844387,1,0.7818315,0.6234898,0,124,100,100
2021-05-04 13:00:00+00:00,19.526315789473685,,,29.7,69,0.0,2.2,171,983.3,19.157894736842106,17.31578947368421,15.105263157894736,17.0,18.789473684210524,18.236842105263158,16.07017543859649,15.292906178489703,0.36842105263156943,0.689252676510964,1.5868351162922125,13,-0.2588190451025208,-0.9659258262890683,5,0.49999999999999994,-0.8660254037844387,1,0.7818315,0.6234898,0,124,100,100
2021-05-04 14:00:00+00:00,19.894736842105264,,,27.9,79,0.0,3.7,119,984.2,19.526315789473685,17.684210526315788,15.473684210526315,16.0,19.157894736842106,18.605263157894736,16.17543859649123,15.329401088929218,0.3684210526315663,0.6892526765109614,1.728651839829923,14,-0.4999999999999997,-0.8660254037844388,5,0.49999999999999994,-0.8660254037844387,1,0.7818315,0.6234898,0,124,100,100
2021-05-04 15:00:00+00:00,20.263157894736842,,,26.6,85,0.0,3.7,119,985.2,19.894736842105264,18.05263157894737,15.842105263157894,16.0,19.526315789473685,18.973684210526315,16.337719298245613,15.368421052631579,0.36842105263156544,0.6892526765109589,1.8870245191811896,15,-0.7071067811865471,-0.7071067811865479,5,0.49999999999999994,-0.8660254037844387,1,0.7818315,0.6234898,0,124,100,100
2021-05-04 16:00:00+00:00,20.63157894736842,,,25.3,91,0.0,4.0,117,985.7,20.263157894736842,18.421052631578945,16.210526315789473,16.0,19.894736842105264,19.342105263157894,16.515350877192983,15.409901873327387,0.3684210526315663,0.6892526765109573,2.0476663038058547,16,-0.8660254037844385,-0.5000000000000004,5,0.49999999999999994,-0.8660254037844387,1,0.7818315,0.6234898,0,124,100,100
2021-05-04 17:00:00+00:00,21.0,1304191.0,1.0,24.8,92,0.0,3.8,107,985.6,20.63157894736842,18.789473684210527,16.57894736842105,15.0,20.263157894736842,19.710526315789476,16.708333333333332,15.453781512605042,0.36842105263156544,0.6892526765109548,2.208890054028413,17,-0.9659258262890683,-0.25881904510252063,5,0.49999999999999994,-0.8660254037844387,1,0.7818315,0.6234898,0,124,100,100
2021-05-04 18:00:00+00:00,22.0,1304191.0,1.0,25.1,87,0.0,2.9,97,985.5,21.0,19.157894736842106,16.94736842105263,15.0,20.63157894736842,20.078947368421055,16.958333333333332,15.5,0.3684210526315663,0.6892526765109532,2.3426247934655593,18,-1.0,-1.8369701987210297e-16,5,0.49999999999999994,-0.8660254037844387,1,0.7818315,0.6234898,0,124,100,100
2021-05-04 19:00:00+00:00,22.0,1304191.0,1.0,25.3,85,0.0,1.3,56,985.1,22.0,19.526315789473685,17.31578947368421,14.0,21.210526315789476,20.55263157894737,17.25,15.553719008264462,0.708085476161766,0.8799080788052592,2.517444856222072,19,-0.9659258262890684,0.2588190451025203,5,0.49999999999999994,-0.8660254037844387,1,0.7818315,0.6234898,0,124,100,100
2021-05-04 20:00:00+00:00,23.0,,,23.7,92,0.0,3.7,61,984.8,22.0,19.894736842105264,17.684210526315788,14.0,21.666666666666668,20.964912280701753,17.583333333333332,15.60655737704918,0.5773502691896132,0.8823706840139993,2.5967914251183597,20,-0.8660254037844386,0.5000000000000001,5,0.49999999999999994,-0.8660254037844387,1,0.7818315,0.6234898,0,124,100,100
2021-05-04 21:00:00+00:00,24.0,,,23.4,92,0.0,3.5,24,984.9,23.0,20.263157894736842,18.05263157894737,14.0,22.333333333333332,21.482456140350877,17.958333333333332,15.666666666666666,0.5773502691896263,1.0278216572866057,2.704436702805462,21,-0.7071067811865477,0.7071067811865474,5,0.49999999999999994,-0.8660254037844387,1,0.7818315,0.6234898,0,124,100,100
2021-05-04 22:00:00+00:00,25.0,1304191.0,1.0,23.5,91,0.0,3.6,354,985.4,24.0,20.63157894736842,18.421052631578945,14.0,23.0,22.105263157894736,18.375,15.733870967741936,1.0000000000000004,1.2494874295346212,2.8352452381832323,22,-0.5000000000000004,0.8660254037844384,5,0.49999999999999994,-0.8660254037844387,1,0.7818315,0.6234898,0,124,100,100
2021-05-04 23:00:00+00:00,25.0,1304191.0,1.0,23.4,92,0.0,3.5,24,985.6,25.0,21.0,18.789473684210527,14.368421052631579,24.0,22.833333333333332,18.833333333333332,15.808,1.0000000000000004,1.4719601443879522,2.982532417026125,23,-0.25881904510252157,0.9659258262890681,5,0.49999999999999994,-0.8660254037844387,1,0.7818315,0.6234898,0,124,100,100
2021-05-05 00:00:00+00:00,26.0,1304191.0,1.0,24.2,92,0.0,3.3,6,986.6,25.0,22.0,19.157894736842106,14.736842105263158,24.666666666666668,23.5,19.276315789473685,15.880952380952381,0.5773502691896263,1.378404875208997,3.0785317249619113,0,0.0,1.0,5,0.49999999999999994,-0.8660254037844387,2,0.9749279,-0.22252093,0,125,100,100
2021-05-05 01:00:00+00:00,26.0,1304191.0,1.0,26.4,86,0.0,2.3,342,987.7,26.0,22.0,19.526315789473685,15.105263157894736,25.333333333333332,24.166666666666668,19.74561403508772,15.960629921259843,0.5773502691896263,1.4719601443879489,3.2120327585766373,1,0.25881904510252074,0.9659258262890683,5,0.49999999999999994,-0.8660254037844387,2,0.9749279,-0.22252093,0,125,100,100
2021-05-05 02:00:00+00:00,27.0,1304191.0,1.0,28.8,75,0.0,4.7,9,988.2,26.0,23.0,19.894736842105264,15.473684210526315,25.666666666666668,24.833333333333332,20.19956140350877,16.0390625,0.5773502691896263,1.169045194449977,3.2964632073824975,2,0.49999999999999994,0.8660254037844387,5,0.49999999999999994,-0.8660254037844387,2,0.9749279,-0.22252093,0,125,100,100
2021-05-05 03:00:00+00:00,27.0,,,30.6,68,0.0,4.3,360,988.2,27.0,24.0,20.263157894736842,15.842105263157894,26.333333333333332,25.5,20.67982456140351,16.124031007751938,0.5773502691896263,1.0488088481701103,3.4155003938372843,3,0.7071067811865476,0.7071067811865476,5,0.49999999999999994,-0.8660254037844387,2,0.9749279,-0.22252093,0,125,100,100
2021-05-05 04:00:00+00:00,27.0,1304191.0,1.0,31.6,63,0.0,2.2,351,987.7,27.0,25.0,20.63157894736842,16.210526315789473,26.666666666666668,26.0,21.144736842105264,16.20769230769231,0.5773502691896263,0.8944271909998652,3.4870158844480894,4,0.8660254037844386,0.5000000000000001,5,0.49999999999999994,-0.8660254037844387,2,0.9749279,-0.22252093,0,125,100,100
2021-05-05 05:00:00+00:00,27.5,,,32.3,60,0.0,0.4,180,986.5,27.0,25.0,21.0,16.57894736842105,27.0,26.333333333333332,21.59429824561403,16.290076335877863,0.0,0.8164965809276692,3.5185877669799694,5,0.9659258262890683,0.25881904510252074,5,0.49999999999999994,-0.8660254037844387,2,0.9749279,-0.22252093,0,125,100,100
2021-05-05 06:00:00+00:00,28.0,1304191.0,1.0,32.8,59,0.0,3.9,236,985.1,27.5,26.0,22.0,16.94736842105263,27.166666666666668,26.75,22.049342105263154,16.375,0.28867513459481237,0.6123724356957176,3.5478382147206275,6,1.0,6.123233995736766e-17,5,0.49999999999999994,-0.8660254037844387,2,0.9749279,-0.22252093,0,125,100,100
2021-05-05 07:00:00+00:00,28.0,1304191.0,1.0,32.7,59,0.0,4.8,222,983.7,28.0,26.0,22.0,17.31578947368421,27.5,27.083333333333332,22.50986842105263,16.462406015037594,0.49999999999999956,0.6645800679124926,3.574029233689371,7,0.9659258262890683,-0.25881904510252063,5,0.49999999999999994,-0.8660254037844387,2,0.9749279,-0.22252093,0,125,100,100
2021-05-05 08:00:00+00:00,28.0,1304191.0,1.0,32.0,61,0.3,7.0,215,983.3,28.0,27.0,23.0,17.684210526315788,27.833333333333332,27.416666666666668,22.95504385964912,16.54850746268657,0.28867513459481237,0.49159604012499414,3.5643250150116703,8,0.8660254037844387,-0.4999999999999998,5,0.49999999999999994,-0.8660254037844387,2,0.9749279,-0.22252093,0,125,100,100
2021-05-05 09:00:00+00:00,28.0,1304191.0,1.0,32.1,60,0.0,7.1,195,982.8,28.0,27.0,24.0,18.05263157894737,28.0,27.583333333333332,23.38486842105263,16.633333333333333,0.0,0.49159604012499547,3.5228287388484545,9,0.7071067811865476,-0.7071067811865475,5,0.49999999999999994,-0.8660254037844387,2,0.9749279,-0.22252093,0,125,100,100
2021-05-05 10:00:00+00:00,29.0,1304191.0,1.0,30.4,74,0.2,6.3,211,983.6,28.0,27.0,25.0,18.421052631578945,28.0,27.75,23.799342105263154,16.716911764705884,0.0,0.4183300132669315,3.4526686638140536,10,0.49999999999999994,-0.8660254037844387,5,0.49999999999999994,-0.8660254037844387,2,0.9749279,-0.22252093,0,125,100,100
2021-05-05 11:00:00+00:00,29.0,1304191.0,1.0,28.8,82,0.0,6.6,81,984.7,29.0,27.5,25.0,18.789473684210527,28.333333333333332,28.083333333333332,24.240131578947366,16.806569343065693,0.5773502691896263,0.49159604012500047,3.4112278611807803,11,0.258819045102521,-0.9659258262890682,5,0.49999999999999994,-0.8660254037844387,2,0.9749279,-0.22252093,0,125,100,100
2021-05-05 12:00:00+00:00,28.5,,,27.8,85,0.0,4.1,285,984.5,29.0,28.0,26.0,19.157894736842106,28.666666666666668,28.333333333333332,24.665570175438592,16.894927536231883,0.5773502691896263,0.5163977794942418,3.3378049340954785,12,1.2246467991473532e-16,-1.0,5,0.49999999999999994,-0.8660254037844387,2,0.9749279,-0.22252093,0,125,100,100
2021-05-05 13:00:00+00:00,28.0,1304191.0,1.0,27.2,88,0.0,2.8,40,985.4,28.5,28.0,26.0,19.526315789473685,28.833333333333332,28.416666666666668,25.054824561403507,16.97841726618705,0.28867513459481237,0.49159604012500385,3.2098595986523586,13,-0.2588190451025208,-0.9659258262890683,5,0.49999999999999994,-0.8660254037844387,2,0.9749279,-0.22252093,0,125,100,100
2021-05-05 14:00:00+00:00,27.5,,,26.5,89,0.0,5.2,78,985.8,28.0,28.0,27.0,19.894736842105264,28.5,28.416666666666668,25.407894736842106,17.057142857142857,0.49999999999999956,0.49159604012500385,3.036670178239294,14,-0.4999999999999997,-0.8660254037844388,5,0.49999999999999994,-0.8660254037844387,2,0.9749279,-0.22252093,0,125,100,100
2021-05-05 15:00:00+00:00,27.0,1304191.0,1.0,26.6,86,0.0,5.2,115,986.6,27.5,28.0,27.0,20.263157894736842,28.0,28.333333333333332,25.724780701754383,17.131205673758867,0.49999999999999956,0.6055300708194296,2.825838898512867,15,-0.7071067811865471,-0.7071067811865479,5,0.49999999999999994,-0.8660254037844387,2,0.9749279,-0.22252093,0,125,100,100
2021-05-05 16:00:00+00:00,26.0,1304191.0,1.0,27.0,82,0.0,1.8,270,986.8,27.0,29.0,27.0,20.63157894736842,27.5,28.166666666666668,26.005482456140346,17.200704225352112,0.49999999999999956,0.8164965809276743,2.5839742159715136,16,-0.8660254037844385,-0.5000000000000004,5,0.49999999999999994,-0.8660254037844387,2,0.9749279,-0.22252093,0,125,100,100
2021-05-05 17:00:00+00:00,26.0,,,25.0,93,0.0,5.2,326,986.8,26.0,29.0,27.5,21.0,26.833333333333332,27.666666666666668,26.229166666666668,17.262237762237763,0.7637626158259726,1.0801234497346028,2.317134505988059,17,-0.9659258262890683,-0.25881904510252063,5,0.49999999999999994,-0.8660254037844387,2,0.9749279,-0.22252093,0,125,100,100
2021-05-05 18:00:00+00:00,26.0,,,24.4,95,0.0,4.3,24,986.6,26.0,28.5,28.0,22.0,26.333333333333332,27.166666666666668,26.4375,17.322916666666668,0.577350269189624,1.032795558988601,2.034017763164696,18,-1.0,-1.8369701987210297e-16,5,0.49999999999999994,-0.8660254037844387,2,0.9749279,-0.22252093,0,125,100,100
2021-05-05 19:00:00+00:00,26.0,,,24.0,96,0.0,3.6,53,986.2,26.0,28.0,28.0,22.0,26.0,26.75,26.604166666666668,17.382758620689657,0.0,0.8803408430828987,1.8056623900016895,19,-0.9659258262890684,0.2588190451025203,5,0.49999999999999994,-0.8660254037844387,2,0.9749279,-0.22252093,0,125,100,100
2021-05-05 20:00:00+00:00,26.0,1304191.0,1.0,23.3,96,0.0,4.1,75,986.0,26.0,27.5,28.0,23.0,26.0,26.416666666666668,26.770833333333332,17.44178082191781,0.0,0.6645800679124944,1.525002969823653,20,-0.8660254037844386,0.5000000000000001,5,0.49999999999999994,-0.8660254037844387,2,0.9749279,-0.22252093,0,125,100,100
2021-05-05 21:00:00+00:00,26.0,1304191.0,1.0,23.1,96,0.0,3.3,49,986.6,26.0,27.0,28.0,24.0,26.0,26.166666666666668,26.895833333333332,17.5,0.0,0.4082482904637528,1.3103199631376483,21,-0.7071067811865477,0.7071067811865474,5,0.49999999999999994,-0.8660254037844387,2,0.9749279,-0.22252093,0,125,100,100
2021-05-05 22:00:00+00:00,26.0,1304191.0,1.0,23.3,95,2.1,2.4,297,987.7,26.0,26.0,29.0,25.0,26.0,26.0,26.979166666666668,17.55743243243243,0.0,0.0,1.1747263017647631,22,-0.5000000000000004,0.8660254037844384,5,0.49999999999999994,-0.8660254037844387,2,0.9749279,-0.22252093,0,125,100,100
2021-05-05 23:00:00+00:00,26.0,1304191.0,1.0,22.9,98,0.3,3.7,61,988.6,26.0,26.0,29.0,25.0,26.0,26.0,27.020833333333332,17.614093959731544,0.0,0.0,1.1178314280110493,23,-0.25881904510252157,0.9659258262890681,5,0.49999999999999994,-0.8660254037844387,2,0.9749279,-0.22252093,0,125,100,100
2021-05-06 00:00:00+00:00,25.0,1304191.0,1.0,23.0,98,4.8,2.9,330,990.6,26.0,26.0,28.5,26.0,26.0,26.0,27.0625,17.67,0.0,0.0,1.0561671886755095,0,0.0,1.0,5,0.49999999999999994,-0.8660254037844387,3,0.43388373,-0.90096885,0,126,100,100
2021-05-06 01:00:00+00:00,25.0,,,24.8,90,0.0,1.6,297,990.7,25.0,26.0,28.0,26.0,25.666666666666668,25.833333333333332,27.020833333333332,17.718543046357617,0.5773502691896263,0.40824829046386274,1.1178314280110493,1,0.25881904510252074,0.9659258262890683,5,0.49999999999999994,-0.8660254037844387,3,0.43388373,-0.90096885,0,126,100,100
2021-05-06 02:00:00+00:00,25.0,1304191.0,1.0,26.5,79,0.0,4.0,27,991.6,25.0,26.0,27.5,27.0,25.333333333333332,25.666666666666668,26.979166666666668,17.76644736842105,0.5773502691896263,0.5163977794943212,1.1747263017647631,2,0.49999999999999994,0.8660254037844387,5,0.49999999999999994,-0.8660254037844387,3,0.43388373,-0.90096885,0,126,100,100
2021-05-06 03:00:00+00:00,25.0,1304191.0,1.0,28.2,73,0.0,3.1,144,991.9,25.0,26.0,27.0,27.0,25.0,25.5,26.895833333333332,17.813725490196077,0.0,0.5477225575051646,1.2421857197371038,3,0.7071067811865476,0.7071067811865476,5,0.49999999999999994,-0.8660254037844387,3,0.43388373,-0.90096885,0,126,100,100
2021-05-06 04:00:00+00:00,25.0,1304191.0,1.0,29.8,67,0.0,3.6,180,991.2,25.0,26.0,26.0,27.0,25.0,25.333333333333332,26.8125,17.86038961038961,0.0,0.5163977794943203,1.3006060460248783,4,0.8660254037844386,0.5000000000000001,5,0.49999999999999994,-0.8660254037844387,3,0.43388373,-0.90096885,0,126,100,100
2021-05-06 05:00:00+00:00,25.0,1304191.0,1.0,30.9,62,0.0,4.4,189,989.9,25.0,26.0,26.0,27.5,25.0,25.166666666666668,26.729166666666668,17.906451612903226,0.0,0.4082482904638601,1.3511602636145574,5,0.9659258262890683,0.25881904510252074,5,0.49999999999999994,-0.8660254037844387,3,0.43388373,-0.90096885,0,126,100,100
2021-05-06 06:00:00+00:00,25.0,1304191.0,1.0,31.7,58,0.0,3.8,197,988.3,25.0,25.0,26.0,28.0,25.0,25.0,26.625,17.951923076923077,0.0,0.0,1.3850914268991457,6,1.0,6.123233995736766e-17,5,0.49999999999999994,-0.8660254037844387,3,0.43388373,-0.90096885,0,126,100,100
2021-05-06 07:00:00+00:00,25.0,1304191.0,1.0,32.5,55,0.0,6.1,208,987.0,25.0,25.0,26.0,28.0,25.0,25.0,26.5,17.996815286624205,0.0,0.0,1.3909646324387972,7,0.9659258262890683,-0.25881904510252063,5,0.49999999999999994,-0.8660254037844387,3,0.43388373,-0.90096885,0,126,100,100
2021-05-06 08:00:00+00:00,25.0,1304191.0,1.0,32.2,57,0.0,7.7,169,986.3,25.0,25.0,26.0,28.0,25.0,25.0,26.375,18.04113924050633,0.0,0.0,1.3850914268991457,8,0.8660254037844387,-0.4999999999999998,5,0.49999999999999994,-0.8660254037844387,3,0.43388373,-0.90096885,0,126,100,100
2021-05-06 09:00:00+00:00,25.0,1304191.0,1.0,27.9,80,1.3,4.7,122,987.2,25.0,25.0,26.0,28.0,25.0,25.0,26.25,18.08490566037736,0.0,0.0,1.367320451610101,9,0.7071067811865476,-0.7071067811865475,5,0.49999999999999994,-0.8660254037844387,3,0.43388373,-0.90096885,0,126,100,100
2021-05-06 10:00:00+00:00,25.0,1304191.0,1.0,27.2,86,0.0,7.6,5,987.1,25.0,25.0,26.0,29.0,25.0,25.0,26.125,18.128125,0.0,0.0,1.337177429610901,10,0.49999999999999994,-0.8660254037844387,5,0.49999999999999994,-0.8660254037844387,3,0.43388373,-0.90096885,0,126,100,100
2021-05-06 11:00:00+00:00,25.0,1304191.0,1.0,26.5,88,0.0,6.2,10,987.6,25.0,25.0,26.0,29.0,25.0,25.0,25.958333333333332,18.17080745341615,0.0,0.0,1.2061136534039743,11,0.258819045102521,-0.9659258262890682,5,0.49999999999999994,-0.8660254037844387,3,0.43388373,-0.90096885,0,126,100,100
2021-05-06 12:00:00+00:00,25.0,1304191.0,1.0,25.5,93,0.0,1.4,180,987.6,25.0,25.0,25.0,28.5,25.0,25.0,25.791666666666668,18.212962962962962,0.0,0.0,1.0312156889329192,12,1.2246467991473532e-16,-1.0,5,0.49999999999999994,-0.8660254037844387,3,0.43388373,-0.90096885,0,126,100,100
2021-05-06 13:00:00+00:00,25.0,1304191.0,1.0,25.1,94,0.0,2.3,219,988.5,25.0,25.0,25.0,28.0,25.0,25.0,25.645833333333332,18.254601226993866,0.0,0.0,0.8657638831975035,13,-0.2588190451025208,-0.9659258262890683,5,0.49999999999999994,-0.8660254037844387,3,0.43388373,-0.90096885,0,126,100,100
2021-05-06 14:00:00+00:00,25.0,1304191.0,1.0,25.2,94,0.0,2.3,219,989.5,25.0,25.0,25.0,27.5,25.0,25.0,25.520833333333332,18.295731707317074,0.0,0.0,0.7144345083117215,14,-0.4999999999999997,-0.8660254037844388,5,0.49999999999999994,-0.8660254037844387,3,0.43388373,-0.90096885,0,126,100,100
2021-05-06 15:00:00+00:00,25.0,1304191.0,1.0,24.9,96,0.0,2.6,214,990.2,25.0,25.0,25.0,27.0,25.0,25.0,25.416666666666668,18.336363636363636,0.0,0.0,0.5835920751217173,15,-0.7071067811865471,-0.7071067811865479,5,0.49999999999999994,-0.8660254037844387,3,0.43388373,-0.90096885,0,126,100,100
2021-05-06 16:00:00+00:00,25.0,1304191.0,1.0,24.8,97,0.0,1.8,143,990.4,25.0,25.0,25.0,26.0,25.0,25.0,25.333333333333332,18.376506024096386,0.0,0.0,0.48154341234301956,16,-0.8660254037844385,-0.5000000000000004,5,0.49999999999999994,-0.8660254037844387,3,0.43388373,-0.90096885,0,126,100,100
2021-05-06 17:00:00+00:00,25.0,1304191.0,1.0,24.6,96,0.0,4.7,90,989.7,25.0,25.0,25.0,26.0,25.0,25.0,25.291666666666668,18.41616766467066,0.0,0.0,0.46430562148747745,17,-0.9659258262890683,-0.25881904510252063,5,0.49999999999999994,-0.8660254037844387,3,0.43388373,-0.90096885,0,126,100,100
2021-05-06 18:00:00+00:00,24.0,1304191.0,1.0,24.0,97,0.0,3.2,63,988.7,25.0,25.0,25.0,26.0,25.0,25.0,25.25,18.455357142857142,0.0,0.0,0.44232586846462996,18,-1.0,-1.8369701987210297e-16,5,0.49999999999999994,-0.8660254037844387,3,0.43388373,-0.90096885,0,126,100,100
2021-05-06 19:00:00+00:00,24.0,1304191.0,1.0,24.0,96,0.0,2.5,45,987.9,24.0,25.0,25.0,26.0,24.666666666666668,24.833333333333332,25.166666666666668,18.526785714285715,0.5773502691896263,0.40824829046386274,0.48154341234302184,19,-0.9659258262890684,0.2588190451025203,5,0.49999999999999994,-0.8660254037844387,3,0.43388373,-0.90096885,0,126,100,100
2021-05-06 20:00:00+00:00,23.0,1304191.0,1.0,24.5,93,0.0,0.5,45,987.6,24.0,25.0,25.0,26.0,24.333333333333332,24.666666666666668,25.083333333333332,18.598214285714285,0.5773502691896263,0.5163977794943212,0.503610155185284,20,-0.8660254037844386,0.5000000000000001,5,0.49999999999999994,-0.8660254037844387,3,0.43388373,-0.90096885,0,126,100,100
2021-05-06 21:00:00+00:00,23.0,1304191.0,1.0,24.1,94,0.0,2.3,309,987.9,23.0,25.0,25.0,26.0,23.666666666666668,24.333333333333332,24.958333333333332,18.663690476190474,0.5773502691896263,0.8164965809277245,0.6240935455708058,21,-0.7071067811865477,0.7071067811865474,5,0.49999999999999994,-0.8660254037844387,3,0.43388373,-0.90096885,0,126,100,100
2021-05-06 22:00:00+00:00,22.0,1304191.0,1.0,23.9,96,0.0,2.4,297,988.2,23.0,25.0,25.0,26.0,23.333333333333332,24.0,24.833333333333332,18.729166666666668,0.5773502691896263,0.8944271909999143,0.7019641181630006,22,-0.5000000000000004,0.8660254037844384,5,0.49999999999999994,-0.8660254037844387,3,0.43388373,-0.90096885,0,126,100,100
2021-05-06 23:00:00+00:00,21.666666666666668,,,23.9,97,0.0,1.8,349,988.9,22.0,25.0,25.0,26.0,22.666666666666668,23.5,24.666666666666668,18.788690476190474,0.5773502691896263,1.0488088481701503,0.868114732282406,23,-0.25881904510252157,0.9659258262890681,5,0.49999999999999994,-0.8660254037844387,3,0.43388373,-0.90096885,0,126,100,100
2021-05-07 00:00:00+00:00,21.333333333333332,,,23.8,97,0.0,1.4,180,990.6,21.666666666666668,24.0,25.0,25.0,22.222222222222225,22.944444444444446,24.486111111111114,18.846230158730158,0.6938886664887107,0.9756289519340064,1.0166686465490933,0,0.0,1.0,5,0.49999999999999994,-0.8660254037844387,4,-0.43388373,-0.90096885,0,127,100,100
2021-05-07 01:00:00+00:00,21.0,1304191.0,1.0,24.4,93,0.0,0.5,45,991.4,21.333333333333332,24.0,25.0,25.0,21.666666666666668,22.5,24.333333333333332,18.901785714285715,0.3333333333333311,1.0055402085998875,1.1958058750571585,1,0.25881904510252074,0.9659258262890683,5,0.49999999999999994,-0.8660254037844387,4,-0.43388373,-0.90096885,0,127,100,100
2021-05-07 02:00:00+00:00,20.5,,,25.2,89,0.0,2.7,23,991.8,21.0,23.0,25.0,25.0,21.333333333333332,22.0,24.166666666666668,18.955357142857142,0.33333333333332793,0.8432740427115618,1.3655527450512015,2,0.49999999999999994,0.8660254037844387,5,0.49999999999999994,-0.8660254037844387,4,-0.43388373,-0.90096885,0,127,100,100
2021-05-07 03:00:00+00:00,20.0,1304191.0,1.0,26.5,81,0.0,3.0,14,991.9,20.5,23.0,25.0,25.0,20.944444444444443,21.583333333333332,23.979166666666668,19.00595238095238,0.4194352464039236,0.8676276723213507,1.5435016498193763,3,0.7071067811865476,0.7071067811865476,5,0.49999999999999994,-0.8660254037844387,4,-0.43388373,-0.90096885,0,127,100,100
2021-05-07 04:00:00+00:00,20.0,1304191.0,1.0,27.9,74,0.0,2.3,51,991.4,20.0,22.0,25.0,25.0,20.5,21.083333333333332,23.770833333333332,19.053571428571427,0.4999999999999943,0.7434902674398389,1.7263323636981556,4,0.8660254037844386,0.5000000000000001,5,0.49999999999999994,-0.8660254037844387,4,-0.43388373,-0.90096885,0,127,100,100
2021-05-07 05:00:00+00:00,20.0,1304191.0,1.0,29.0,69,0.0,2.9,120,990.2,20.0,21.666666666666668,25.0,25.0,20.166666666666668,20.75,23.5625,19.095238095238095,0.28867513459480326,0.6972166887783853,1.8674768557503618,5,0.9659258262890683,0.25881904510252074,5,0.49999999999999994,-0.8660254037844387,4,-0.43388373,-0.90096885,0,127,100,100
2021-05-07 06:00:00+00:00,20.0,,,31.0,63,0.0,1.9,158,988.6,20.0,21.333333333333332,24.0,25.0,20.0,20.472222222222225,23.354166666666668,19.136904761904763,0.0,0.581345820457107,1.9758887806326362,6,1.0,6.123233995736766e-17,5,0.49999999999999994,-0.8660254037844387,4,-0.43388373,-0.90096885,0,127,100,100
2021-05-07 07:00:00+00:00,20.0,1304191.0,1.0,31.9,58,0.0,0.8,243,987.0,20.0,21.0,24.0,25.0,20.0,20.25,23.145833333333332,19.178571428571427,0.0,0.41833001326701913,2.0567506970830634,7,0.9659258262890683,-0.25881904510252063,5,0.49999999999999994,-0.8660254037844387,4,-0.43388373,-0.90096885,0,127,100,100
2021-05-07 08:00:00+00:00,20.0,1304191.0,1.0,32.4,55,0.0,1.3,236,985.9,20.0,20.5,23.0,25.0,20.0,20.083333333333332,22.9375,19.220238095238095,0.0,0.20412414523189398,2.1132275495858184,8,0.8660254037844387,-0.4999999999999998,5,0.49999999999999994,-0.8660254037844387,4,-0.43388373,-0.90096885,0,127,100,100
2021-05-07 09:00:00+00:00,20.0,1304191.0,1.0,32.3,56,0.0,3.1,225,985.1,20.0,20.0,23.0,25.0,20.0,20.0,22.729166666666668,19.261904761904763,0.0,0.0,2.1472443299634927,9,0.7071067811865476,-0.7071067811865475,5,0.49999999999999994,-0.8660254037844387,4,-0.43388373,-0.90096885,0,127,100,100
2021-05-07 10:00:00+00:00,19.0,1304191.0,1.0,31.4,68,0.0,2.5,278,985.1,20.0,20.0,22.0,25.0,20.0,20.0,22.520833333333332,19.303571428571427,0.0,0.0,2.1598625045699853,10,0.49999999999999994,-0.8660254037844387,5,0.49999999999999994,-0.8660254037844387,4,-0.43388373,-0.90096885,0,127,100,100
2021-05-07 11:00:00+00:00,18.0,1304191.0,1.0,29.6,81,0.0,4.3,312,985.5,19.0,20.0,21.666666666666668,25.0,19.666666666666668,19.833333333333332,22.270833333333332,19.333333333333332,0.5773502691896263,0.40824829046386274,2.207153773024836,11,0.258819045102521,-0.9659258262890682,5,0.49999999999999994,-0.8660254037844387,4,-0.43388373,-0.90096885,0,127,100,100
2021-05-07 12:00:00+00:00,18.0,,,26.8,88,0.0,6.6,283,985.5,18.0,20.0,21.333333333333332,25.0,19.0,19.5,21.979166666666668,19.357142857142858,1.0000000000000004,0.836660026534074,2.2917160732487063,12,1.2246467991473532e-16,-1.0,5,0.49999999999999994,-0.8660254037844387,4,-0.43388373,-0.90096885,0,127,100,100
2021-05-07 13:00:00+00:00,18.0,1304191.0,1.0,28.0,81,0.0,1.3,124,986.3,18.0,20.0,21.0,25.0,18.333333333333332,19.166666666666668,21.6875,19.38095238095238,0.5773502691896263,0.9831920802501724,2.335564409540253,13,-0.2588190451025208,-0.9659258262890683,5,0.49999999999999994,-0.8660254037844387,4,-0.43388373,-0.90096885,0,127,100,100
2021-05-07 14:00:00+00:00,18.0,1304191.0,1.0,26.4,89,0.0,3.9,124,986.8,18.0,20.0,20.5,25.0,18.0,18.833333333333332,21.395833333333332,19.404761904761905,0.0,0.983192080250171,2.340987703930052,14,-0.4999999999999997,-0.8660254037844388,5,0.49999999999999994,-0.8660254037844387,4,-0.43388373,-0.90096885,0,127,100,100
2021-05-07 15:00:00+00:00,19.0,1304191.0,1.0,26.8,86,0.0,0.7,90,987.6,18.0,20.0,20.0,25.0,18.0,18.5,21.104166666666668,19.42791005291005,0.0,0.8366600265340686,2.3082568134651362,15,-0.7071067811865471,-0.7071067811865479,5,0.49999999999999994,-0.8660254037844387,4,-0.43388373,-0.90096885,0,127,100,100
2021-05-07 16:00:00+00:00,20.0,1304191.0,1.0,26.3,88,0.0,0.4,90,987.8,19.0,19.0,20.0,25.0,18.333333333333332,18.333333333333332,20.854166666666668,19.456349206349206,0.5773502691896263,0.5163977794943099,2.1898494973984075,16,-0.8660254037844385,-0.5000000000000004,5,0.49999999999999994,-0.8660254037844387,4,-0.43388373,-0.90096885,0,127,100,100
2021-05-07 17:00:00+00:00,20.333333333333332,,,24.4,94,0.0,3.7,101,987.2,20.0,18.0,20.0,25.0,19.0,18.5,20.645833333333332,19.490079365079367,1.0000000000000004,0.8366600265340686,2.008624219718231,17,-0.9659258262890683,-0.25881904510252063,5,0.49999999999999994,-0.8660254037844387,4,-0.43388373,-0.90096885,0,127,100,100
2021-05-07 18:00:00+00:00,20.666666666666668,,,23.9,95,0.0,4.4,81,986.9,20.333333333333332,18.0,20.0,24.0,19.777777777777775,18.88888888888889,20.45138888888889,19.525132275132275,0.6938886664887107,1.0680546525064776,1.7818727370061243,18,-1.0,-1.8369701987210297e-16,5,0.49999999999999994,-0.8660254037844387,4,-0.43388373,-0.90096885,0,127,100,100
2021-05-07 19:00:00+00:00,21.0,1304191.0,1.0,24.1,93,0.0,2.0,45,986.5,20.666666666666668,18.0,20.0,24.0,20.333333333333332,19.333333333333332,20.3125,19.561507936507937,0.3333333333333311,1.1737877907772656,1.61537936197409,19,-0.9659258262890684,0.2588190451025203,5,0.49999999999999994,-0.8660254037844387,4,-0.43388373,-0.90096885,0,127,100,100
2021-05-07 20:00:00+00:00,21.0,1304191.0,1.0,23.1,96,0.0,3.1,21,986.2,21.0,18.0,20.0,23.0,20.666666666666668,19.833333333333332,20.1875,19.599206349206348,0.33333333333332793,1.1303883305208788,1.4221441422558718,20,-0.8660254037844386,0.5000000000000001,5,0.49999999999999994,-0.8660254037844387,4,-0.43388373,-0.90096885,0,127,100,100
2021-05-07 21:00:00+00:00,21.5,,,23.2,95,0.0,2.5,45,986.2,21.0,19.0,20.0,23.0,20.88888888888889,20.333333333333332,20.104166666666668,19.636243386243386,0.1924500897298624,0.7601169500660964,1.3038520595668621,21,-0.7071067811865477,0.7071067811865474,5,0.49999999999999994,-0.8660254037844387,4,-0.43388373,-0.90096885,0,127,100,100
2021-05-07 22:00:00+00:00,22.0,1304191.0,1.0,23.4,94,0.0,1.3,34,986.4,21.5,20.0,19.0,22.0,21.166666666666668,20.75,20.041666666666668,19.675595238095237,0.28867513459481237,0.534893551196051,1.1899843704571926,22,-0.5000000000000004,0.8660254037844384,5,0.49999999999999994,-0.8660254037844387,4,-0.43388373,-0.90096885,0,127,100,100
2021-05-07 23:00:00+00:00,22.0,1304191.0,1.0,22.8,98,0.0,1.5,315,987.0,22.0,20.333333333333332,18.0,21.666666666666668,21.5,21.083333333333332,20.041666666666668,19.717261904761905,0.49999999999999956,0.5939509893735276,1.1899843704571926,23,-0.25881904510252157,0.9659258262890681,5,0.49999999999999994,-0.8660254037844387,4,-0.43388373,-0.90096885,0,127,100,100
2021-05-08 00:00:00+00:00,22.0,1304191.0,1.0,24.1,91,0.0,2.6,344,988.1,22.0,20.666666666666668,18.0,21.333333333333332,21.833333333333332,21.36111111111111,20.055555555555554,19.75297619047619,0.28867513459481237,0.5619081248218057,1.21152543548924,0,0.0,1.0,5,0.49999999999999994,-0.8660254037844387,5,-0.9749279,-0.22252093,1,128,100,100
2021-05-08 01:00:00+00:00,22.0,1304191.0,1.0,25.9,84,0.1,1.8,360,989.0,22.0,21.0,18.0,21.0,22.0,21.583333333333332,20.083333333333332,19.788690476190474,0.0,0.4915960401251075,1.2491543032908243,1,0.25881904510252074,0.9659258262890683,5,0.49999999999999994,-0.8660254037844387,5,-0.9749279,-0.22252093,1,128,100,100
2021-05-08 02:00:00+00:00,23.0,1304191.0,1.0,26.5,83,0.0,1.9,22,989.3,22.0,21.0,18.0,20.5,22.0,21.75,20.125,19.824404761904763,0.0,0.4183300132670631,1.2968281632599545,2,0.49999999999999994,0.8660254037844387,5,0.49999999999999994,-0.8660254037844387,5,-0.9749279,-0.22252093,1,128,100,100
2021-05-08 03:00:00+00:00,23.0,1304191.0,1.0,27.3,80,0.0,1.8,11,989.1,23.0,21.5,19.0,20.0,22.333333333333332,22.083333333333332,20.229166666666668,19.866071428571427,0.5773502691896263,0.4915960401251125,1.4225686945878173,3,0.7071067811865476,0.7071067811865476,5,0.49999999999999994,-0.8660254037844387,5,-0.9749279,-0.22252093,1,128,100,100
2021-05-08 04:00:00+00:00,23.5,,,29.5,70,0.0,1.5,76,988.4,23.0,22.0,20.0,20.0,22.666666666666668,22.333333333333332,20.354166666666668,19.907738095238095,0.5773502691896263,0.5163977794943484,1.5293525042074612,4,0.8660254037844386,0.5000000000000001,5,0.49999999999999994,-0.8660254037844387,5,-0.9749279,-0.22252093,1,128,100,100
2021-05-08 05:00:00+00:00,24.0,,,31.6,62,0.1,0.8,243,987.5,23.5,22.0,20.333333333333332,20.0,23.166666666666668,22.583333333333332,20.5,19.952380952380953,0.28867513459481237,0.6645800679125852,1.6557614241550118,5,0.9659258262890683,0.25881904510252074,5,0.49999999999999994,-0.8660254037844387,5,-0.9749279,-0.22252093,1,128,100,100
2021-05-08 06:00:00+00:00,24.5,,,32.0,60,0.1,0.8,333,986.1,24.0,22.0,20.666666666666668,20.0,23.5,22.916666666666668,20.666666666666668,20.0,0.49999999999999956,0.8010409893798813,1.798415835369628,6,1.0,6.123233995736766e-17,5,0.49999999999999994,-0.8660254037844387,5,-0.9749279,-0.22252093,1,128,100,100
2021-05-08 07:00:00+00:00,25.0,1304191.0,1.0,32.3,58,0.0,2.1,149,984.8,24.5,22.0,21.0,20.0,24.0,23.333333333333332,20.854166666666668,20.050595238095237,0.49999999999999956,0.8755950357709327,1.9537604642562618,7,0.9659258262890683,-0.25881904510252063,5,0.49999999999999994,-0.8660254037844387,5,-0.9749279,-0.22252093,1,128,100,100
2021-05-08 08:00:00+00:00,25.666666666666668,,,32.0,60,0.0,4.8,207,983.6,25.0,23.0,21.0,20.0,24.5,23.833333333333332,21.0625,20.104166666666668,0.49999999999999956,0.8164965809277481,2.1183648899005347,8,0.8660254037844387,-0.4999999999999998,5,0.49999999999999994,-0.8660254037844387,5,-0.9749279,-0.22252093,1,128,100,100
2021-05-08 09:00:00+00:00,26.333333333333332,,,30.9,72,1.5,3.6,233,983.2,25.666666666666668,23.0,21.5,20.0,25.055555555555557,24.277777777777782,21.29861111111111,20.161706349206348,0.5853140973807075,0.9813067629253349,2.30258160443633,9,0.7071067811865476,-0.7071067811865475,5,0.49999999999999994,-0.8660254037844387,5,-0.9749279,-0.22252093,1,128,100,100
2021-05-08 10:00:00+00:00,27.0,1304191.0,1.0,30.7,75,0.0,3.5,246,983.6,26.333333333333332,23.5,22.0,19.0,25.666666666666668,24.833333333333332,21.5625,20.223214285714285,0.6666666666666637,1.0540925533894758,2.5015997297188615,10,0.49999999999999994,-0.8660254037844387,5,0.49999999999999994,-0.8660254037844387,5,-0.9749279,-0.22252093,1,128,100,100
2021-05-08 11:00:00+00:00,27.0,1304191.0,1.0,29.5,84,0.0,2.6,254,984.3,27.0,24.0,22.0,18.0,26.333333333333332,25.416666666666668,21.895833333333332,20.294642857142858,0.6666666666666637,1.1340683890802807,2.672463129538735,11,0.258819045102521,-0.9659258262890682,5,0.49999999999999994,-0.8660254037844387,5,-0.9749279,-0.22252093,1,128,100,100
2021-05-08 12:00:00+00:00,27.0,1304191.0,1.0,27.4,84,0.0,5.5,293,985.2,27.0,24.5,22.0,18.0,26.777777777777775,25.916666666666668,22.270833333333332,20.366071428571427,0.3849001794597494,1.0421665467242465,2.7327909058809645,12,1.2246467991473532e-16,-1.0,5,0.49999999999999994,-0.8660254037844387,5,-0.9749279,-0.22252093,1,128,100,100
2021-05-08 13:00:00+00:00,25.5,,,28.0,78,0.0,1.8,191,985.8,27.0,25.0,22.0,18.0,27.0,26.333333333333332,22.645833333333332,20.4375,0.0,0.8432740427115843,2.7387505966987704,13,-0.2588190451025208,-0.9659258262890683,5,0.49999999999999994,-0.8660254037844387,5,-0.9749279,-0.22252093,1,128,100,100
2021-05-08 14:00:00+00:00,24.0,1304191.0,1.0,27.1,84,0.0,3.7,209,986.4,25.5,25.666666666666668,23.0,18.0,26.5,26.416666666666668,22.958333333333332,20.499834656084655,0.8660254037844386,0.6972166887784158,2.6104814740905633,14,-0.4999999999999997,-0.8660254037844388,5,0.49999999999999994,-0.8660254037844387,5,-0.9749279,-0.22252093,1,128,100,100
2021-05-08 15:00:00+00:00,23.0,1304191.0,1.0,27.1,83,0.0,2.6,236,987.2,24.0,26.333333333333332,23.0,19.0,25.5,26.138888888888886,23.208333333333332,20.553075396825395,1.5,1.2037749266678144,2.3932523905411456,15,-0.7071067811865471,-0.7071067811865479,5,0.49999999999999994,-0.8660254037844387,5,-0.9749279,-0.22252093,1,128,100,100
2021-05-08 16:00:00+00:00,24.0,1304191.0,1.0,26.4,88,0.0,4.0,333,987.3,23.0,27.0,23.5,20.0,24.166666666666668,25.583333333333332,23.375,20.600198412698415,1.258305739211792,1.7440374613713712,2.220485432412368,16,-0.8660254037844385,-0.5000000000000004,5,0.49999999999999994,-0.8660254037844387,5,-0.9749279,-0.22252093,1,128,100,100
2021-05-08 17:00:00+00:00,24.0,,,25.7,89,0.0,4.1,75,986.7,24.0,27.0,24.0,20.333333333333332,23.666666666666668,25.083333333333332,23.541666666666668,20.653108465608465,0.5773502691896274,1.685724374465381,2.1031664648201165,17,-0.9659258262890683,-0.25881904510252063,5,0.49999999999999994,-0.8660254037844387,5,-0.9749279,-0.22252093,1,128,100,100
2021-05-08 18:00:00+00:00,24.0,1304191.0,1.0,25.3,90,0.0,3.8,139,986.2,24.0,27.0,24.5,20.666666666666668,23.666666666666668,24.583333333333332,23.694444444444443,20.705853174603174,0.5773502691896274,1.4288690166235332,1.990112435021134,18,-1.0,-1.8369701987210297e-16,5,0.49999999999999994,-0.8660254037844387,5,-0.9749279,-0.22252093,1,128,100,100
2021-05-08 19:00:00+00:00,24.0,1304191.0,1.0,25.6,88,0.0,1.9,248,985.7,24.0,25.5,25.0,21.0,24.0,24.083333333333332,23.833333333333332,20.758432539682538,0.0,0.8010409893798851,1.88305435922778,19,-0.9659258262890684,0.2588190451025203,5,0.49999999999999994,-0.8660254037844387,5,-0.9749279,-0.22252093,1,128,100,100
2021-05-08 20:00:00+00:00,24.0,1304191.0,1.0,24.0,96,0.0,4.0,355,985.1,24.0,24.0,25.666666666666668,21.0,24.0,23.833333333333332,23.958333333333332,20.81084656084656,0.0,0.40824829046391226,1.783749782067018,20,-0.8660254037844386,0.5000000000000001,5,0.49999999999999994,-0.8660254037844387,5,-0.9749279,-0.22252093,1,128,100,100
2021-05-08 21:00:00+00:00,24.0,1304191.0,1.0,23.7,97,0.0,4.0,5,985.1,24.0,23.0,26.333333333333332,21.5,24.0,23.833333333333332,24.083333333333332,20.863095238095237,0.0,0.40824829046391226,1.6688391637870172,21,-0.7071067811865477,0.7071067811865474,5,0.49999999999999994,-0.8660254037844387,5,-0.9749279,-0.22252093,1,128,100,100
2021-05-08 22:00:00+00:00,24.0,1304191.0,1.0,24.1,95,0.0,2.3,342,985.3,24.0,24.0,27.0,22.0,24.0,24.0,24.1875,20.915178571428573,0.0,1.9785465333997838e-07,1.5760224041419795,22,-0.5000000000000004,0.8660254037844384,5,0.49999999999999994,-0.8660254037844387,5,-0.9749279,-0.22252093,1,128,100,100
2021-05-08 23:00:00+00:00,24.0,1304191.0,1.0,23.9,97,0.0,2.4,243,985.8,24.0,24.0,27.0,22.0,24.0,24.0,24.270833333333332,20.96709656084656,0.0,1.9785465333997838e-07,1.506677969048275,23,-0.25881904510252157,0.9659258262890681,5,0.49999999999999994,-0.8660254037844387,5,-0.9749279,-0.22252093,1,128,100,100
2021-05-09 00:00:00+00:00,24.0,1304191.0,1.0,23.9,98,0.0,2.5,82,986.8,24.0,24.0,27.0,22.0,24.0,24.0,24.354166666666668,21.018849206349206,0.0,1.9785465333997838e-07,1.4289218428067418,0,0.0,1.0,5,0.49999999999999994,-0.8660254037844387,6,-0.7818315,0.6234898,1,129,100,100
2021-05-09 01:00:00+00:00,24.0,,,24.2,96,0.0,2.7,157,987.5,24.0,24.0,25.5,22.0,24.0,24.0,24.4375,21.07043650793651,0.0,1.9785465333997838e-07,1.3412919181378107,1,0.25881904510252074,0.9659258262890683,5,0.49999999999999994,-0.8660254037844387,6,-0.7818315,0.6234898,1,129,100,100
2021-05-09 02:00:00+00:00,24.0,1304191.0,1.0,26.0,87,0.0,0.8,243,988.2,24.0,24.0,24.0,23.0,24.0,24.0,24.520833333333332,21.121858465608465,0.0,1.9785465333997838e-07,1.241699493778672,2,0.49999999999999994,0.8660254037844387,5,0.49999999999999994,-0.8660254037844387,6,-0.7818315,0.6234898,1,129,100,100
2021-05-09 03:00:00+00:00,24.47826086956522,,,27.6,78,0.0,3.3,347,988.4,24.0,24.0,23.0,23.0,24.0,24.0,24.5625,21.17311507936508,0.0,1.9785465333997838e-07,1.2046733676417363,3,0.7071067811865476,0.7071067811865476,5,0.49999999999999994,-0.8660254037844387,6,-0.7818315,0.6234898,1,129,100,100
2021-05-09 04:00:00+00:00,24.956521739130434,,,28.4,74,0.0,3.7,11,988.1,24.47826086956522,24.0,24.0,23.5,24.159420289855074,24.079710144927535,24.62409420289855,21.227053140096615,0.276124041786343,0.19524918239586,1.1582053190244637,4,0.8660254037844386,0.5000000000000001,5,0.49999999999999994,-0.8660254037844387,6,-0.7818315,0.6234898,1,129,100,100
2021-05-09 05:00:00+00:00,25.434782608695652,,,29.1,70,0.0,0.8,153,987.3,24.956521739130434,24.0,24.0,24.0,24.47826086956522,24.23913043478261,24.684782608695652,21.28367264780308,0.47826086956521596,0.4001417518206924,1.1346640224979694,5,0.9659258262890683,0.25881904510252074,5,0.49999999999999994,-0.8660254037844387,6,-0.7818315,0.6234898,1,129,100,100
2021-05-09 06:00:00+00:00,25.91304347826087,,,29.8,67,0.0,2.2,189,986.1,25.434782608695652,24.0,24.0,24.5,24.956521739130437,24.47826086956522,24.7445652173913,21.342973602484474,0.47826086956521374,0.604957465423547,1.1348134101069738,6,1.0,6.123233995736766e-17,5,0.49999999999999994,-0.8660254037844387,6,-0.7818315,0.6234898,1,129,100,100
2021-05-09 07:00:00+00:00,26.391304347826086,,,30.7,64,0.0,4.6,231,984.4,25.91304347826087,24.0,24.0,25.0,25.434782608695652,24.797101449275363,24.803442028985504,21.404956004140786,0.47826086956521147,0.7809967295830653,1.157992410960552,7,0.9659258262890683,-0.25881904510252063,5,0.49999999999999994,-0.8660254037844387,6,-0.7818315,0.6234898,1,129,100,100
2021-05-09 08:00:00+00:00,26.869565217391305,,,31.0,61,0.0,3.7,241,983.2,26.391304347826086,24.0,24.0,25.666666666666668,25.91304347826087,25.195652173913047,24.86141304347826,21.469619852772027,0.4782608695652062,0.8947441577068296,1.2022403747837527,8,0.8660254037844387,-0.4999999999999998,5,0.49999999999999994,-0.8660254037844387,6,-0.7818315,0.6234898,1,129,100,100
2021-05-09 09:00:00+00:00,27.347826086956523,,,31.2,59,0.0,3.8,229,982.5,26.869565217391305,24.47826086956522,24.0,26.333333333333332,26.39130434782609,25.67391304347826,24.91153381642512,21.53696514837819,0.47826086956520397,0.8947441577068275,1.2609129832797434,9,0.7071067811865476,-0.7071067811865475,5,0.49999999999999994,-0.8660254037844387,6,-0.7818315,0.6234898,1,129,100,100
2021-05-09 10:00:00+00:00,27.82608695652174,,,30.3,68,0.0,1.4,90,982.4,27.347826086956523,24.956521739130434,24.0,27.0,26.8695652173913,26.15217391304348,24.95380434782609,21.606991890959282,0.4782608695652017,0.8947441577068254,1.3259755833487323,10,0.49999999999999994,-0.8660254037844387,5,0.49999999999999994,-0.8660254037844387,6,-0.7818315,0.6234898,1,129,100,100
2021-05-09 11:00:00+00:00,28.304347826086957,,,28.5,86,0.0,3.1,201,982.8,27.82608695652174,25.434782608695652,24.0,27.0,27.34782608695652,26.6304347826087,24.98822463768116,21.6797000805153,0.47826086956519326,0.8947441577068211,1.3905506460204633,11,0.258819045102521,-0.9659258262890682,5,0.49999999999999994,-0.8660254037844387,6,-0.7818315,0.6234898,1,129,100,100
2021-05-09 12:00:00+00:00,28.782608695652172,,,28.1,63,0.0,8.1,193,982.4,28.304347826086957,25.91304347826087,24.0,27.0,27.82608695652174,27.10869565217391,25.042572463768114,21.75508971704624,0.4782608695651848,0.894744157706817,1.4942216194370779,12,1.2246467991473532e-16,-1.0,5,0.49999999999999994,-0.8660254037844387,6,-0.7818315,0.6234898,1,129,100,100
2021-05-09 13:00:00+00:00,29.26086956521739,,,27.1,66,0.0,8.0,188,982.9,28.782608695652172,26.391304347826086,24.0,25.5,28.304347826086957,27.58695652173913,25.116847826086957,21.833160800552104,0.47826086956517416,0.8947441577068124,1.6335611173313442,13,-0.2588190451025208,-0.9659258262890683,5,0.49999999999999994,-0.8660254037844387,6,-0.7818315,0.6234898,1,129,100,100
2021-05-09 14:00:00+00:00,29.73913043478261,,,25.9,74,0.0,5.8,180,983.4,29.26086956521739,26.869565217391305,24.0,24.0,28.782608695652172,28.065217391304344,25.273550724637683,21.913913331032898,0.4782608695651613,0.8947441577068087,1.8393379678259187,14,-0.4999999999999997,-0.8660254037844388,5,0.49999999999999994,-0.8660254037844387,6,-0.7818315,0.6234898,1,129,100,100
2021-05-09 15:00:00+00:00,30.217391304347828,,,25.0,80,0.0,5.1,172,984.3,29.73913043478261,27.347826086956523,24.47826086956522,23.0,29.26086956521739,28.543478260869566,25.512681159420293,21.997347308488614,0.4782608695651484,0.8947441577068066,2.029776659599541,15,-0.7071067811865471,-0.7071067811865479,5,0.49999999999999994,-0.8660254037844387,6,-0.7818315,0.6234898,1,129,100,100
2021-05-09 16:00:00+00:00,30.695652173913043,,,24.6,82,0.0,4.5,166,984.9,30.217391304347828,27.82608695652174,24.956521739130434,24.0,29.73913043478261,29.02173913043478,25.81340579710145,22.083462732919255,0.4782608695651333,0.8947441577068045,2.171055935979999,16,-0.8660254037844385,-0.5000000000000004,5,0.49999999999999994,-0.8660254037844387,6,-0.7818315,0.6234898,1,129,100,100
2021-05-09 17:00:00+00:00,31.17391304347826,,,24.5,81,0.0,6.3,167,984.7,30.695652173913043,28.304347826086957,25.434782608695652,24.0,30.217391304347828,29.5,26.092391304347828,22.17225960432482,0.4782608695651173,0.8947441577068004,2.3506708418568327,17,-0.9659258262890683,-0.25881904510252063,5,0.49999999999999994,-0.8660254037844387,6,-0.7818315,0.6234898,1,129,100,100
2021-05-09 18:00:00+00:00,31.652173913043477,,,23.8,82,0.0,4.7,171,984.1,31.17391304347826,28.782608695652172,25.91304347826087,24.0,30.695652173913047,29.97826086956522,26.39130434782609,22.263737922705314,0.47826086956510444,0.8947441577067962,2.5228470286447355,18,-1.0,-1.8369701987210297e-16,5,0.49999999999999994,-0.8660254037844387,6,-0.7818315,0.6234898,1,129,100,100
2021-05-09 19:00:00+00:00,32.130434782608695,,,23.1,86,0.0,3.3,167,983.8,31.652173913043477,29.26086956521739,26.391304347826086,24.0,31.17391304347826,30.456521739130434,26.71014492753623,22.35789768806073,0.4782608695650907,0.8947441577067905,2.6857757564498534,19,-0.9659258262890684,0.2588190451025203,5,0.49999999999999994,-0.8660254037844387,6,-0.7818315,0.6234898,1,129,100,100
2021-05-09 20:00:00+00:00,32.608695652173914,,,22.6,89,0.0,3.4,162,983.4,32.130434782608695,29.73913043478261,26.869565217391305,24.0,31.65217391304348,30.934782608695656,27.04891304347826,22.454738900391074,0.4782608695650778,0.8947441577067868,2.8375458397533384,20,-0.8660254037844386,0.5000000000000001,5,0.49999999999999994,-0.8660254037844387,6,-0.7818315,0.6234898,1,129,100,100
2021-05-09 21:00:00+00:00,33.08695652173913,,,22.5,90,0.0,3.3,174,983.4,32.608695652173914,30.217391304347828,27.347826086956523,24.0,32.130434782608695,31.41304347826087,27.407608695652172,22.554261559696343,0.47826086956506625,0.8947441577067847,2.976105839341019,21,-0.7071067811865477,0.7071067811865474,5,0.49999999999999994,-0.8660254037844387,6,-0.7818315,0.6234898,1,129,100,100
2021-05-09 22:00:00+00:00,33.565217391304344,,,22.1,93,0.0,2.8,220,984.0,33.08695652173913,30.695652173913043,27.82608695652174,24.0,32.608695652173914,31.89130434782609,27.78623188405797,22.656465665976537,0.47826086956505737,0.8947441577067826,3.099217288956946,22,-0.5000000000000004,0.8660254037844384,5,0.49999999999999994,-0.8660254037844387,6,-0.7818315,0.6234898,1,129,100,100
2021-05-09 23:00:00+00:00,34.04347826086956,,,21.9,95,0.0,2.2,270,984.6,33.565217391304344,31.17391304347826,28.304347826086957,24.0,33.08695652173913,32.369565217391305,28.184782608695652,22.761351219231653,0.4782608695650467,0.8947441577067774,3.2043943793700786,23,-0.25881904510252157,0.9659258262890681,5,0.49999999999999994,-0.8660254037844387,6,-0.7818315,0.6234898,1,129,100,100
2021-05-10 00:00:00+00:00,34.52173913043478,,,23.8,92,0.0,1.5,194,985.4,34.04347826086956,31.652173913043477,28.782608695652172,24.0,33.565217391304344,32.84782608695652,28.60326086956522,22.868918219461698,0.47826086956504227,0.8947441577067722,3.2888231589764505,0,0.0,1.0,5,0.49999999999999994,-0.8660254037844387,0,0.0,1.0,0,130,100,100
2021-05-10 01:00:00+00:00,35.0,1304191.0,1.0,26.1,81,0.0,2.5,180,986.5,34.52173913043478,32.130434782608695,29.26086956521739,24.0,34.04347826086956,33.32608695652174,29.041666666666668,22.979166666666668,0.4782608695650378,0.8947441577067659,3.3492491799376505,1,0.25881904510252074,0.9659258262890683,5,0.49999999999999994,-0.8660254037844387,0,0.0,1.0,0,130,100,100
2021-05-10 02:00:00+00:00,35.0,1304191.0,1.0,28.2,70,0.0,3.1,201,986.8,35.0,32.608695652173914,29.73913043478261,24.0,34.52173913043478,33.80434782608696,29.5,23.086309523809526,0.4782608695650254,0.8947441577067596,3.3818150404573784,2,0.49999999999999994,0.8660254037844387,5,0.49999999999999994,-0.8660254037844387,0,0.0,1.0,0,130,100,100
2021-05-10 03:00:00+00:00,35.0,1304191.0,1.0,29.7,65,0.0,4.6,198,986.8,35.0,33.08695652173913,30.217391304347828,24.47826086956522,34.84057971014493,34.20289855072463,29.958333333333332,23.19345238095238,0.276124041785994,0.7809967295829763,3.349249179937647,3,0.7071067811865476,0.7071067811865476,5,0.49999999999999994,-0.8660254037844387,0,0.0,1.0,0,130,100,100
2021-05-10 04:00:00+00:00,35.0,1304191.0,1.0,30.5,64,0.1,5.6,165,986.3,35.0,33.565217391304344,30.695652173913043,24.956521739130434,35.0,34.52173913043478,30.39673913043478,23.300595238095237,0.0,0.6049574654234254,3.288823158976443,4,0.8660254037844386,0.5000000000000001,5,0.49999999999999994,-0.8660254037844387,0,0.0,1.0,0,130,100,100
2021-05-10 05:00:00+00:00,35.0,1304191.0,1.0,29.9,67,0.2,3.6,225,985.4,35.0,34.04347826086956,31.17391304347826,25.434782608695652,35.0,34.76086956521739,30.815217391304348,23.407738095238095,0.0,0.40014175182049627,3.2043943793700675,5,0.9659258262890683,0.25881904510252074,5,0.49999999999999994,-0.8660254037844387,0,0.0,1.0,0,130,100,100
2021-05-10 06:00:00+00:00,34.0,1304191.0,1.0,30.6,66,0.0,5.3,298,984.2,35.0,34.52173913043478,31.652173913043477,25.91304347826087,35.0,34.92028985507246,31.21376811594203,23.514880952380953,0.0,0.19524918239543917,3.0992172889569307,6,1.0,6.123233995736766e-17,5,0.49999999999999994,-0.8660254037844387,0,0.0,1.0,0,130,100,100
2021-05-10 07:00:00+00:00,34.0,,,31.9,62,0.1,5.9,218,982.9,34.0,35.0,32.130434782608695,26.391304347826086,34.666666666666664,34.833333333333336,31.55072463768116,23.615079365079367,0.5773502691896247,0.4082482904638636,2.933011904852133,7,0.9659258262890683,-0.25881904510252063,5,0.49999999999999994,-0.8660254037844387,0,0.0,1.0,0,130,100,100
2021-05-10 08:00:00+00:00,34.0,1304191.0,1.0,30.5,67,0.9,8.9,212,982.2,34.0,35.0,32.608695652173914,26.869565217391305,34.333333333333336,34.666666666666664,31.867753623188406,23.714285714285715,0.5773502691896247,0.5163977794943242,2.7570148332820077,8,0.8660254037844387,-0.4999999999999998,5,0.49999999999999994,-0.8660254037844387,0,0.0,1.0,0,130,100,100
2021-05-10 09:00:00+00:00,33.0,1304191.0,1.0,30.2,68,0.0,5.0,270,981.8,34.0,35.0,33.08695652173913,27.347826086956523,34.0,34.5,32.16485507246377,23.8125,0.0,0.5477225575051704,2.5730385772066757,9,0.7071067811865476,-0.7071067811865475,5,0.49999999999999994,-0.8660254037844387,0,0.0,1.0,0,130,100,100
2021-05-10 10:00:00+00:00,33.0,1304191.0,1.0,30.0,70,0.0,4.4,279,982.0,33.0,35.0,33.565217391304344,27.82608695652174,33.666666666666664,34.166666666666664,32.40036231884058,23.903769841269842,0.5773502691896247,0.7527726527090869,2.3630737522182486,10,0.49999999999999994,-0.8660254037844387,5,0.49999999999999994,-0.8660254037844387,0,0.0,1.0,0,130,100,100
2021-05-10 11:00:00+00:00,33.0,1304191.0,1.0,29.0,79,0.0,2.5,225,982.5,33.0,35.0,34.04347826086956,28.304347826086957,33.333333333333336,33.833333333333336,32.61594202898551,23.99404761904762,0.5773502691896247,0.7527726527090903,2.1544179424559005,11,0.258819045102521,-0.9659258262890682,5,0.49999999999999994,-0.8660254037844387,0,0.0,1.0,0,130,100,100
2021-05-10 12:00:00+00:00,32.0,1304191.0,1.0,27.6,87,0.0,6.3,283,982.1,33.0,34.0,34.52173913043478,28.782608695652172,33.0,33.5,32.811594202898554,24.083333333333332,0.0,0.5477225575051846,1.949290002591934,12,1.2246467991473532e-16,-1.0,5,0.49999999999999994,-0.8660254037844387,0,0.0,1.0,0,130,100,100
2021-05-10 13:00:00+00:00,33.0,1304191.0,1.0,27.7,84,0.0,4.7,203,983.2,32.0,34.0,35.0,29.26086956521739,32.666666666666664,33.166666666666664,32.94565217391304,24.166666666666668,0.5773502691896247,0.7527726527090972,1.7617736716046977,13,-0.2588190451025208,-0.9659258262890683,5,0.49999999999999994,-0.8660254037844387,0,0.0,1.0,0,130,100,100
2021-05-10 14:00:00+00:00,32.791666666666664,,,26.5,89,0.0,5.6,165,983.8,33.0,34.0,35.0,29.73913043478261,32.666666666666664,33.0,33.10144927536232,24.261904761904763,0.5773502691896247,0.6324555320336968,1.5774395039491238,14,-0.4999999999999997,-0.8660254037844388,5,0.49999999999999994,-0.8660254037844387,0,0.0,1.0,0,130,100,100
2021-05-10 15:00:00+00:00,32.583333333333336,,,26.6,83,0.0,5.1,188,984.7,32.791666666666664,33.0,35.0,30.217391304347828,32.59722222222222,32.79861111111111,33.228638285024154,24.361855158730158,0.527594997589514,0.4000144673310011,1.408572854019978,15,-0.7071067811865471,-0.7071067811865479,5,0.49999999999999994,-0.8660254037844387,0,0.0,1.0,0,130,100,100
2021-05-10 16:00:00+00:00,32.375,,,25.6,86,0.0,5.4,180,984.8,32.583333333333336,33.0,35.0,30.695652173913043,32.791666666666664,32.729166666666664,33.327219202898554,24.460565476190474,0.20833333333332865,0.39418516517555124,1.2640403736341557,16,-0.8660254037844385,-0.5000000000000004,5,0.49999999999999994,-0.8660254037844387,0,0.0,1.0,0,130,100,100
2021-05-10 17:00:00+00:00,32.166666666666664,,,25.5,87,0.0,4.7,171,984.4,32.375,33.0,35.0,31.17391304347826,32.583333333333336,32.625,33.39719202898551,24.558035714285715,0.20833333333332865,0.39086797998532996,1.15369770720489,17,-0.9659258262890683,-0.25881904510252063,5,0.49999999999999994,-0.8660254037844387,0,0.0,1.0,0,130,100,100
2021-05-10 18:00:00+00:00,31.958333333333332,,,26.2,81,0.0,2.5,188,983.9,32.166666666666664,32.0,34.0,31.652173913043477,32.375,32.48611111111111,33.43855676328502,24.660218253968257,0.20833333333333487,0.37883838047187934,1.0863497199154681,18,-1.0,-1.8369701987210297e-16,5,0.49999999999999994,-0.8660254037844387,0,0.0,1.0,0,130,100,100
2021-05-10 19:00:00+00:00,31.75,,,25.8,83,0.0,1.0,315,983.4,31.958333333333332,33.0,34.0,32.130434782608695,32.166666666666664,32.479166666666664,33.4513134057971,24.761160714285715,0.20833333333333087,0.38975597778900045,1.0660690402994353,19,-0.9659258262890684,0.2588190451025203,5,0.49999999999999994,-0.8660254037844387,0,0.0,1.0,0,130,100,100
2021-05-10 20:00:00+00:00,31.541666666666668,,,24.5,92,0.0,3.7,11,983.1,31.75,32.791666666666664,34.0,32.608695652173914,31.958333333333332,32.270833333333336,33.43546195652174,24.866815476190474,0.20833333333332954,0.38975597778900467,1.0891418659270005,20,-0.8660254037844386,0.5000000000000001,5,0.49999999999999994,-0.8660254037844387,0,0.0,1.0,0,130,100,100
2021-05-10 21:00:00+00:00,31.333333333333332,,,24.3,89,0.5,5.5,101,983.5,31.541666666666668,32.583333333333336,33.0,33.08695652173913,31.75,32.0625,33.391002415458935,24.97123015873016,0.20833333333332868,0.38975597778901083,1.1447188482144344,21,-0.7071067811865477,0.7071067811865474,5,0.49999999999999994,-0.8660254037844387,0,0.0,1.0,0,130,100,100
2021-05-10 22:00:00+00:00,31.125,,,23.7,92,0.4,1.9,338,983.8,31.333333333333332,32.375,33.0,33.565217391304344,31.541666666666668,31.854166666666668,33.317934782608695,25.074404761904763,0.20833333333333176,0.3897559777890155,1.218555695401223,22,-0.5000000000000004,0.8660254037844384,5,0.49999999999999994,-0.8660254037844387,0,0.0,1.0,0,130,100,100
2021-05-10 23:00:00+00:00,30.916666666666668,,,23.5,93,0.2,2.8,40,984.4,31.125,32.166666666666664,33.0,34.04347826086956,31.333333333333332,31.645833333333332,33.216259057971016,25.176339285714285,0.20833333333333176,0.38975597778902116,1.2963476621204209,23,-0.25881904510252157,0.9659258262890681,5,0.49999999999999994,-0.8660254037844387,0,0.0,1.0,0,130,100,100
2021-05-11 00:00:00+00:00,30.708333333333332,,,24.8,89,0.2,3.3,41,984.7,30.916666666666668,31.958333333333332,32.0,34.52173913043478,31.125,31.4375,33.08597524154589,25.27484074770259,0.20833333333332868,0.38975597778902793,1.3649073485632097,0,0.0,1.0,5,0.49999999999999994,-0.8660254037844387,1,0.7818315,0.6234898,0,131,100,100
2021-05-11 01:00:00+00:00,30.5,,,26.8,81,0.0,1.3,304,985.7,30.708333333333332,31.75,33.0,35.0,30.916666666666668,31.229166666666668,32.927083333333336,25.369909147869674,0.20833333333333176,0.38975597778903565,1.4116626242605115,1,0.25881904510252074,0.9659258262890683,5,0.49999999999999994,-0.8660254037844387,1,0.7818315,0.6234898,0,131,100,100
2021-05-11 02:00:00+00:00,30.291666666666668,,,28.9,73,0.0,1.0,315,986.0,30.5,31.541666666666668,32.791666666666664,35.0,30.708333333333332,31.020833333333332,32.739583333333336,25.46154448621554,0.20833333333333176,0.3897559777890434,1.4231655070251847,2,0.49999999999999994,0.8660254037844387,5,0.49999999999999994,-0.8660254037844387,1,0.7818315,0.6234898,0,131,100,100
2021-05-11 03:00:00+00:00,30.083333333333332,,,30.5,66,0.0,1.3,236,986.0,30.291666666666668,31.333333333333332,32.583333333333336,35.0,30.5,30.8125,32.54340277777778,25.549746762740185,0.20833333333332868,0.38975597778905124,1.422541058317976,3,0.7071067811865476,0.7071067811865476,5,0.49999999999999994,-0.8660254037844387,1,0.7818315,0.6234898,0,131,100,100
2021-05-11 04:00:00+00:00,29.875,,,31.4,62,0.0,3.6,180,985.4,30.083333333333332,31.125,32.375,35.0,30.291666666666668,30.604166666666668,32.338541666666664,25.634515977443613,0.20833333333333176,0.3897559777890605,1.4073281562062907,4,0.8660254037844386,0.5000000000000001,5,0.49999999999999994,-0.8660254037844387,1,0.7818315,0.6234898,0,131,100,100
2021-05-11 05:00:00+00:00,29.666666666666668,,,32.2,58,0.0,5.4,233,984.6,29.875,30.916666666666668,32.166666666666664,35.0,30.083333333333332,30.395833333333332,32.125,25.715852130325814,0.20833333333333176,0.38975597778906834,1.3743685418724807,5,0.9659258262890683,0.25881904510252074,5,0.49999999999999994,-0.8660254037844387,1,0.7818315,0.6234898,0,131,100,100
2021-05-11 06:00:00+00:00,29.458333333333332,,,29.8,71,1.1,10.9,297,983.7,29.666666666666668,30.708333333333332,31.958333333333332,34.0,29.875,30.1875,31.902777777777775,25.793755221386803,0.20833333333332868,0.3897559777890761,1.3193713430041407,6,1.0,6.123233995736766e-17,5,0.49999999999999994,-0.8660254037844387,1,0.7818315,0.6234898,0,131,100,100
2021-05-11 07:00:00+00:00,29.25,,,30.8,68,0.7,2.1,239,982.6,29.458333333333332,30.5,31.75,34.0,29.666666666666668,29.979166666666668,31.713541666666668,25.86822525062657,0.20833333333333176,0.38975597778908544,1.3311413424390899,7,0.9659258262890683,-0.25881904510252063,5,0.49999999999999994,-0.8660254037844387,1,0.7818315,0.6234898,0,131,100,100
2021-05-11 08:00:00+00:00,29.041666666666668,,,31.8,62,0.1,4.3,138,981.7,29.25,30.291666666666668,31.541666666666668,34.0,29.458333333333332,29.770833333333332,31.515625,25.939262218045116,0.20833333333333176,0.38975597778909316,1.3295242522491517,8,0.8660254037844387,-0.4999999999999998,5,0.49999999999999994,-0.8660254037844387,1,0.7818315,0.6234898,0,131,100,100
2021-05-11 09:00:00+00:00,28.833333333333336,,,29.4,80,1.4,7.0,291,981.6,29.041666666666668,30.083333333333332,31.333333333333332,33.0,29.25,29.5625,31.309027777777775,26.006866123642443,0.20833333333332868,0.389755977789101,1.311812084886621,9,0.7071067811865476,-0.7071067811865475,5,0.49999999999999994,-0.8660254037844387,1,0.7818315,0.6234898,0,131,100,100
2021-05-11 10:00:00+00:00,28.625,,,28.1,87,1.1,4.2,340,981.3,28.833333333333336,29.875,31.125,33.0,29.041666666666668,29.354166666666668,31.135416666666668,26.071036967418546,0.20833333333332954,0.3897559777891098,1.353351203744308,10,0.49999999999999994,-0.8660254037844387,5,0.49999999999999994,-0.8660254037844387,1,0.7818315,0.6234898,0,131,100,100
2021-05-11 11:00:00+00:00,28.416666666666668,,,27.5,92,0.0,4.0,280,981.7,28.625,29.666666666666668,30.916666666666668,33.0,28.833333333333332,29.145833333333332,30.953125,26.13177474937343,0.20833333333332954,0.3897559777891197,1.3855443577418867,11,0.258819045102521,-0.9659258262890682,5,0.49999999999999994,-0.8660254037844387,1,0.7818315,0.6234898,0,131,100,100
2021-05-11 12:00:00+00:00,28.208333333333336,,,29.0,84,0.0,3.3,264,980.8,28.416666666666668,29.458333333333332,30.708333333333332,32.0,28.625,28.9375,30.762152777777775,26.189079469507107,0.20833333333332646,0.389755977789129,1.4068542940295852,12,1.2246467991473532e-16,-1.0,5,0.49999999999999994,-0.8660254037844387,1,0.7818315,0.6234898,0,131,100,100
2021-05-11 13:00:00+00:00,28.0,1304191.0,1.0,27.4,92,0.0,4.8,153,981.6,28.208333333333336,29.25,30.5,33.0,28.416666666666668,28.729166666666668,30.604166666666668,26.24295112781955,0.20833333333332335,0.38975597778913784,1.4731391274719259,13,-0.2588190451025208,-0.9659258262890683,5,0.49999999999999994,-0.8660254037844387,1,0.7818315,0.6234898,0,131,100,100
2021-05-11 14:00:00+00:00,27.0,,,28.1,87,0.0,2.9,187,982.2,28.0,29.041666666666668,30.291666666666668,32.791666666666664,28.208333333333332,28.520833333333332,30.395833333333332,26.293389724310778,0.20833333333332335,0.38975597778914767,1.473139127471929,14,-0.4999999999999997,-0.8660254037844388,5,0.49999999999999994,-0.8660254037844387,1,0.7818315,0.6234898,0,131,100,100
2021-05-11 15:00:00+00:00,26.0,,,26.5,94,0.0,2.6,16,983.1,27.0,28.833333333333336,30.083333333333332,32.583333333333336,27.73611111111111,28.180555555555557,30.15451388888889,26.33568295739348,0.6459453307907446,0.6490734136416784,1.5366142811629575,15,-0.7071067811865471,-0.7071067811865479,5,0.49999999999999994,-0.8660254037844387,1,0.7818315,0.6234898,0,131,100,100
2021-05-11 16:00:00+00:00,25.0,1304191.0,1.0,25.5,98,0.0,3.6,53,983.6,26.0,28.625,29.875,32.375,27.0,27.708333333333332,29.880208333333332,26.36983082706767,0.9999999999999962,1.009675415390821,1.6663184645323463,16,-0.8660254037844385,-0.5000000000000004,5,0.49999999999999994,-0.8660254037844387,1,0.7818315,0.6234898,0,131,100,100
2021-05-11 17:00:00+00:00,24.0,1304191.0,1.0,25.1,99,0.0,2.8,40,983.5,25.0,28.416666666666668,29.666666666666668,32.166666666666664,26.0,27.104166666666668,29.572916666666668,26.395833333333332,0.9999999999999962,1.3712701938147165,1.8555248648709863,17,-0.9659258262890683,-0.25881904510252063,5,0.49999999999999994,-0.8660254037844387,1,0.7818315,0.6234898,0,131,100,100
2021-05-11 18:00:00+00:00,23.77777777777778,,,25.0,99,0.0,5.5,23,983.4,24.0,28.208333333333336,29.458333333333332,31.958333333333332,25.0,26.368055555555557,29.23263888888889,26.413690476190474,0.9999999999999962,1.6771372489608851,2.0928376199654357,18,-1.0,-1.8369701987210297e-16,5,0.49999999999999994,-0.8660254037844387,1,0.7818315,0.6234898,0,131,100,100
2021-05-11 19:00:00+00:00,23.555555555555557,,,24.3,98,0.4,6.0,17,983.3,23.77777777777778,28.0,29.25,31.75,24.259259259259263,25.62962962962963,28.891782407407405,26.424272486772484,0.6510516974535845,1.680192032920633,2.2867957279858193,19,-0.9659258262890684,0.2588190451025203,5,0.49999999999999994,-0.8660254037844387,1,0.7818315,0.6234898,0,131,100,100
2021-05-11 20:00:00+00:00,23.333333333333332,,,23.6,97,0.2,5.4,37,983.4,23.555555555555557,27.0,29.041666666666668,31.541666666666668,23.777777777777782,24.88888888888889,28.550347222222225,26.433531746031743,0.2222222222222045,1.3788526273324198,2.4475811989615117,20,-0.8660254037844386,0.5000000000000001,5,0.49999999999999994,-0.8660254037844387,1,0.7818315,0.6234898,0,131,100,100
2021-05-11 21:00:00+00:00,23.11111111111111,,,23.1,98,0.1,3.3,96,983.2,23.333333333333332,26.0,28.833333333333336,31.333333333333332,23.555555555555557,24.277777777777782,28.208333333333332,26.435515873015873,0.22222222222220675,1.0225844768751295,2.5812611813022035,21,-0.7071067811865477,0.7071067811865474,5,0.49999999999999994,-0.8660254037844387,1,0.7818315,0.6234898,0,131,100,100
2021-05-11 22:00:00+00:00,22.88888888888889,,,23.0,97,0.0,2.2,9,983.0,23.11111111111111,25.0,28.625,31.125,23.333333333333332,23.796296296296294,27.865740740740737,26.430224867724867,0.22222222222220897,0.668208094543526,2.6917433379081643,22,-0.5000000000000004,0.8660254037844384,5,0.49999999999999994,-0.8660254037844387,1,0.7818315,0.6234898,0,131,100,100
2021-05-11 23:00:00+00:00,22.666666666666668,,,23.4,96,0.0,3.3,49,983.5,22.88888888888889,24.0,28.416666666666668,30.916666666666668,23.11111111111111,23.444444444444446,27.522569444444443,26.41765873015873,0.22222222222221122,0.4157397096419513,2.781663382916561,23,-0.25881904510252157,0.9659258262890681,5,0.49999999999999994,-0.8660254037844387,1,0.7818315,0.6234898,0,131,100,100
2021-05-12 00:00:00+00:00,22.444444444444443,,,24.4,98,0.0,3.0,346,984.8,22.666666666666668,23.77777777777778,28.208333333333336,30.708333333333332,22.88888888888889,23.222222222222225,27.178819444444446,26.40376984126984,0.22222222222221744,0.4157397096419616,2.852839435111181,0,0.0,1.0,5,0.49999999999999994,-0.8660254037844387,2,0.9749279,-0.22252093,0,132,100,100
2021-05-12 01:00:00+00:00,22.22222222222222,,,25.9,91,0.0,1.8,11,985.3,22.444444444444443,23.555555555555557,28.0,30.5,22.666666666666668,23.0,26.834490740740737,26.382605820105816,0.22222222222222587,0.415739709641973,2.9065239928118327,1,0.25881904510252074,0.9659258262890683,5,0.49999999999999994,-0.8660254037844387,2,0.9749279,-0.22252093,0,132,100,100
2021-05-12 02:00:00+00:00,22.0,1304191.0,1.0,27.5,82,0.0,0.4,360,985.6,22.22222222222222,23.333333333333332,27.0,30.291666666666668,22.444444444444443,22.777777777777775,26.489583333333332,26.360119047619047,0.2222222222222343,0.41573970964198437,2.943550617455073,2,0.49999999999999994,0.8660254037844387,5,0.49999999999999994,-0.8660254037844387,2,0.9749279,-0.22252093,0,132,100,100
2021-05-12 03:00:00+00:00,21.5,,,28.8,74,0.0,1.8,233,985.3,22.0,23.11111111111111,26.0,30.083333333333332,22.222222222222218,22.555555555555557,26.144097222222225,26.330357142857142,0.22222222222224275,0.4157397096419968,2.9644204699782573,3,0.7071067811865476,0.7071067811865476,5,0.49999999999999994,-0.8660254037844387,2,0.9749279,-0.22252093,0,132,100,100
2021-05-12 04:00:00+00:00,21.0,1304191.0,1.0,30.2,69,0.1,1.6,207,984.8,21.5,22.88888888888889,25.0,29.875,21.907407407407405,22.287037037037038,25.786458333333332,26.297619047619047,0.36990711769332163,0.49742133402124944,2.986196247803309,4,0.8660254037844386,0.5000000000000001,5,0.49999999999999994,-0.8660254037844387,2,0.9749279,-0.22252093,0,132,100,100
2021-05-12 05:00:00+00:00,21.0,1304191.0,1.0,31.0,65,0.0,3.0,166,983.8,21.0,22.666666666666668,24.0,29.666666666666668,21.5,21.972222222222225,25.416666666666668,26.261904761904763,0.5000000000000283,0.6223710139561007,3.007321313308828,5,0.9659258262890683,0.25881904510252074,5,0.49999999999999994,-0.8660254037844387,2,0.9749279,-0.22252093,0,132,100,100
2021-05-12 06:00:00+00:00,21.0,1304191.0,1.0,32.1,58,0.0,4.1,195,982.5,21.0,22.444444444444443,23.77777777777778,29.458333333333332,21.166666666666668,21.694444444444443,25.055555555555557,26.223214285714285,0.2886751345948788,0.6223710139561112,2.995114782506097,6,1.0,6.123233995736766e-17,5,0.49999999999999994,-0.8660254037844387,2,0.9749279,-0.22252093,0,132,100,100
2021-05-12 07:00:00+00:00,21.0,1304191.0,1.0,33.2,54,0.0,7.7,208,981.1,21.0,22.22222222222222,23.555555555555557,29.25,21.0,21.453703703703706,24.703125,26.18154761904762,2.0620752130594938e-07,0.5493168222381689,2.9518490334678282,7,0.9659258262890683,-0.25881904510252063,5,0.49999999999999994,-0.8660254037844387,2,0.9749279,-0.22252093,0,132,100,100
2021-05-12 08:00:00+00:00,21.0,,,31.6,64,0.8,7.0,249,980.5,21.0,22.0,23.333333333333332,29.041666666666668,21.0,21.25,24.359375,26.139880952380953,2.0620752130594938e-07,0.4183300132675575,2.878795169759121,8,0.8660254037844387,-0.4999999999999998,5,0.49999999999999994,-0.8660254037844387,2,0.9749279,-0.22252093,0,132,100,100
2021-05-12 09:00:00+00:00,21.0,1304191.0,1.0,31.6,66,0.0,3.8,221,980.1,21.0,21.5,23.11111111111111,28.833333333333336,21.0,21.083333333333332,24.024305555555557,26.098214285714285,2.0620752130594938e-07,0.20412414523301792,2.776286586457718,9,0.7071067811865476,-0.7071067811865475,5,0.49999999999999994,-0.8660254037844387,2,0.9749279,-0.22252093,0,132,100,100
2021-05-12 10:00:00+00:00,21.0,1304191.0,1.0,31.1,69,0.0,1.8,259,980.0,21.0,21.0,22.88888888888889,28.625,21.0,21.0,23.697916666666668,26.05654761904762,2.0620752130594938e-07,6.695249423454314e-07,2.643627356462917,10,0.49999999999999994,-0.8660254037844387,5,0.49999999999999994,-0.8660254037844387,2,0.9749279,-0.22252093,0,132,100,100
2021-05-12 11:00:00+00:00,21.5,,,29.7,82,0.0,3.5,204,980.3,21.0,21.0,22.666666666666668,28.416666666666668,21.0,21.0,23.380208333333332,26.008928571428573,2.0620752130594938e-07,6.695249423454314e-07,2.4787942977365627,11,0.258819045102521,-0.9659258262890682,5,0.49999999999999994,-0.8660254037844387,2,0.9749279,-0.22252093,0,132,100,100
2021-05-12 12:00:00+00:00,22.0,1304191.0,1.0,27.8,92,0.0,5.0,270,979.9,21.5,21.0,22.444444444444443,28.208333333333336,21.166666666666668,21.083333333333332,23.09201388888889,25.964285714285715,0.2886751345948788,0.20412414523301792,2.260219428047391,12,1.2246467991473532e-16,-1.0,5,0.49999999999999994,-0.8660254037844387,2,0.9749279,-0.22252093,0,132,100,100
2021-05-12 13:00:00+00:00,23.0,1304191.0,1.0,27.6,93,0.0,4.6,321,980.6,22.0,21.0,22.22222222222222,28.0,21.5,21.25,22.833333333333332,25.925595238095237,0.5000000000000283,0.41833001326755603,1.98808852273617,13,-0.2588190451025208,-0.9659258262890683,5,0.49999999999999994,-0.8660254037844387,2,0.9749279,-0.22252093,0,132,100,100
2021-05-12 14:00:00+00:00,24.0,,,27.0,95,0.0,3.9,34,981.4,23.0,21.0,22.0,27.0,22.166666666666668,21.583333333333332,22.625,25.895833333333332,0.7637626158259797,0.8010409893801197,1.6576446631614874,14,-0.4999999999999997,-0.8660254037844388,5,0.49999999999999994,-0.8660254037844387,2,0.9749279,-0.22252093,0,132,100,100
2021-05-12 15:00:00+00:00,25.0,,,26.5,95,0.0,5.8,68,982.2,24.0,21.0,21.5,26.0,23.0,22.083333333333332,22.5,25.875,0.9999999999999929,1.2006942436220194,1.4076510510356182,15,-0.7071067811865471,-0.7071067811865479,5,0.49999999999999994,-0.8660254037844387,2,0.9749279,-0.22252093,0,132,100,100
2021-05-12 16:00:00+00:00,26.0,1304191.0,1.0,27.0,87,0.0,3.9,68,982.7,25.0,21.0,21.0,25.0,24.0,22.75,22.458333333333332,25.863095238095237,0.9999999999999778,1.5411035007423568,1.3110302521533945,16,-0.8660254037844385,-0.5000000000000004,5,0.49999999999999994,-0.8660254037844387,2,0.9749279,-0.22252093,0,132,100,100
2021-05-12 17:00:00+00:00,26.0,1304191.0,1.0,27.1,85,0.0,1.3,34,982.5,26.0,21.5,21.0,24.0,25.0,23.583333333333332,22.5,25.863095238095237,0.9999999999999627,1.7440374613714482,1.4076510510356182,17,-0.9659258262890683,-0.25881904510252063,5,0.49999999999999994,-0.8660254037844387,2,0.9749279,-0.22252093,0,132,100,100
2021-05-12 18:00:00+00:00,26.571428571428573,,,26.5,87,0.0,3.0,104,982.3,26.0,22.0,21.0,23.77777777777778,25.666666666666668,24.333333333333332,22.583333333333332,25.863095238095237,0.5773502691895442,1.6329931618555305,1.5521010641597197,18,-1.0,-1.8369701987210297e-16,5,0.49999999999999994,-0.8660254037844387,2,0.9749279,-0.22252093,0,132,100,100
2021-05-12 19:00:00+00:00,27.142857142857142,,,25.7,88,0.0,3.3,131,981.7,26.571428571428573,23.0,21.0,23.555555555555557,26.190476190476193,25.0952380952381,22.699735449735453,25.866496598639454,0.3299144395369304,1.3722219927107728,1.7390705493577043,19,-0.9659258262890684,0.2588190451025203,5,0.49999999999999994,-0.8660254037844387,2,0.9749279,-0.22252093,0,132,100,100
2021-05-12 20:00:00+00:00,27.714285714285715,,,25.0,92,0.0,3.5,156,981.4,27.142857142857142,24.0,21.0,23.333333333333332,26.571428571428573,25.78571428571429,22.849206349206344,25.873299319727888,0.5714285714285731,1.1275764148955685,1.9564067747568246,20,-0.8660254037844386,0.5000000000000001,5,0.49999999999999994,-0.8660254037844387,2,0.9749279,-0.22252093,0,132,100,100
2021-05-12 21:00:00+00:00,28.285714285714285,,,25.1,89,0.0,2.2,189,981.4,27.714285714285715,25.0,21.0,23.11111111111111,27.142857142857142,26.40476190476191,23.031746031746035,25.883503401360546,0.5714285714285762,0.9579598503225851,2.1935483702078185,21,-0.7071067811865477,0.7071067811865474,5,0.49999999999999994,-0.8660254037844387,2,0.9749279,-0.22252093,0,132,100,100
2021-05-12 22:00:00+00:00,28.857142857142858,,,24.0,97,0.0,2.3,288,981.5,28.285714285714285,26.0,21.0,22.88888888888889,27.71428571428571,26.952380952380953,23.247354497354497,25.897108843537413,0.5714285714285785,0.9331389496317452,2.4419365778309974,22,-0.5000000000000004,0.8660254037844384,5,0.49999999999999994,-0.8660254037844387,2,0.9749279,-0.22252093,0,132,100,100
2021-05-12 23:00:00+00:00,29.42857142857143,,,23.9,99,0.0,1.1,360,982.1,28.857142857142858,26.0,21.5,22.666666666666668,28.28571428571429,27.42857142857143,23.496031746031747,25.9141156462585,0.5714285714285816,1.0690449676497376,2.694659021958855,23,-0.25881904510252157,0.9659258262890681,5,0.49999999999999994,-0.8660254037844387,2,0.9749279,-0.22252093,0,132,100,100
2021-05-13 00:00:00+00:00,30.0,1304191.0,1.0,25.0,94,0.0,1.5,346,982.9,29.42857142857143,26.571428571428573,22.0,22.444444444444443,28.857142857142858,28.0,23.777777777777775,25.93452380952381,0.5714285714285847,1.0690449676497262,2.945957786546966,0,0.0,1.0,5,0.49999999999999994,-0.8660254037844387,3,0.43388373,-0.90096885,0,133,100,100
2021-05-13 01:00:00+00:00,30.0,1304191.0,1.0,27.4,86,0.0,1.1,198,983.6,30.0,27.142857142857142,23.0,22.22222222222222,29.42857142857143,28.57142857142857,24.092592592592595,25.964285714285715,0.5714285714285816,1.0690449676497158,3.190808935354501,1,0.25881904510252074,0.9659258262890683,5,0.49999999999999994,-0.8660254037844387,3,0.43388373,-0.90096885,0,133,100,100
2021-05-13 02:00:00+00:00,31.0,1304191.0,1.0,28.7,81,0.1,3.9,338,984.5,30.0,27.714285714285715,24.0,22.0,29.80952380952381,29.047619047619047,24.416666666666668,25.99404761904762,0.32991443953694505,0.9331389496316985,3.3818416583380295,2,0.49999999999999994,0.8660254037844387,5,0.49999999999999994,-0.8660254037844387,3,0.43388373,-0.90096885,0,133,100,100
2021-05-13 03:00:00+00:00,31.0,1304191.0,1.0,28.2,79,0.2,7.2,360,984.8,31.0,28.285714285714285,25.0,21.5,30.333333333333332,29.59523809523809,24.791666666666668,26.029761904761905,0.5773502691896263,0.9579598503225152,3.594516470159013,3,0.7071067811865476,0.7071067811865476,5,0.49999999999999994,-0.8660254037844387,3,0.43388373,-0.90096885,0,133,100,100
2021-05-13 04:00:00+00:00,31.0,,,29.9,72,0.1,3.7,331,984.2,31.0,28.857142857142858,26.0,21.0,30.666666666666668,30.047619047619047,25.1875,26.06547619047619,0.5773502691896263,0.8507699593953181,3.7365441817754994,4,0.8660254037844386,0.5000000000000001,5,0.49999999999999994,-0.8660254037844387,3,0.43388373,-0.90096885,0,133,100,100
2021-05-13 05:00:00+00:00,31.0,,,30.5,71,2.5,5.4,352,983.6,31.0,29.42857142857143,26.0,21.0,31.0,30.4047619047619,25.604166666666668,26.101190476190474,0.0,0.6846221461457209,3.806195573167635,5,0.9659258262890683,0.25881904510252074,5,0.49999999999999994,-0.8660254037844387,3,0.43388373,-0.90096885,0,133,100,100
2021-05-13 06:00:00+00:00,31.0,,,31.0,71,2.6,2.6,164,982.4,31.0,30.0,26.571428571428573,21.0,31.0,30.666666666666668,26.020833333333332,26.136904761904763,0.0,0.5163977794942913,3.8275538166643392,6,1.0,6.123233995736766e-17,5,0.49999999999999994,-0.8660254037844387,3,0.43388373,-0.90096885,0,133,100,100
2021-05-13 07:00:00+00:00,31.0,1304191.0,1.0,29.9,74,3.9,11.6,185,982.0,31.0,30.0,27.142857142857142,21.0,31.0,30.833333333333332,26.4375,26.172619047619047,0.0,0.40824829046381783,3.8014330004805945,7,0.9659258262890683,-0.25881904510252063,5,0.49999999999999994,-0.8660254037844387,3,0.43388373,-0.90096885,0,133,100,100
2021-05-13 08:00:00+00:00,30.6,,,29.4,81,0.1,2.5,225,981.2,31.0,31.0,27.714285714285715,21.0,31.0,31.0,26.854166666666668,26.208333333333332,0.0,0.0,3.726834937885542,8,0.8660254037844387,-0.4999999999999998,5,0.49999999999999994,-0.8660254037844387,3,0.43388373,-0.90096885,0,133,100,100
2021-05-13 09:00:00+00:00,30.2,,,29.5,77,0.3,1.9,248,980.7,30.6,31.0,28.285714285714285,21.0,30.866666666666664,30.933333333333337,27.254166666666666,26.241666666666667,0.2309401076758495,0.16329931618554464,3.583621371253552,9,0.7071067811865476,-0.7071067811865475,5,0.49999999999999994,-0.8660254037844387,3,0.43388373,-0.90096885,0,133,100,100
2021-05-13 10:00:00+00:00,29.8,,,28.0,89,1.4,2.5,8,980.6,30.2,31.0,28.857142857142858,21.0,30.599999999999998,30.8,27.6375,26.27261904761905,0.4000000000000008,0.3346640106136307,3.371301746482878,10,0.49999999999999994,-0.8660254037844387,5,0.49999999999999994,-0.8660254037844387,3,0.43388373,-0.90096885,0,133,100,100
2021-05-13 11:00:00+00:00,29.4,,,27.5,92,0.0,2.9,30,980.9,29.8,31.0,29.42857142857143,21.5,30.2,30.600000000000005,28.004166666666666,26.301190476190477,0.400000000000003,0.5059644256269414,3.0843494772354423,11,0.258819045102521,-0.9659258262890682,5,0.49999999999999994,-0.8660254037844387,3,0.43388373,-0.90096885,0,133,100,100
2021-05-13 12:00:00+00:00,29.0,1304191.0,1.0,26.9,92,0.0,3.2,207,981.3,29.4,31.0,30.0,22.0,29.8,30.333333333333332,28.333333333333332,26.327380952380953,0.40000000000000613,0.653197264742183,2.7650585263687044,12,1.2246467991473532e-16,-1.0,5,0.49999999999999994,-0.8660254037844387,3,0.43388373,-0.90096885,0,133,100,100
2021-05-13 13:00:00+00:00,28.0,,,26.3,94,0.1,3.5,114,982.0,29.0,31.0,30.0,23.0,29.399999999999995,30.0,28.625,26.351190476190474,0.40000000000000835,0.7483314773547916,2.4149829931373863,13,-0.2588190451025208,-0.9659258262890683,5,0.49999999999999994,-0.8660254037844387,3,0.43388373,-0.90096885,0,133,100,100
2021-05-13 14:00:00+00:00,27.0,1304191.0,1.0,25.6,95,0.1,2.8,50,982.7,28.0,30.6,31.0,24.0,28.8,29.5,28.833333333333332,26.36904761904762,0.7211102550928041,0.9273618495495753,2.104318737714518,14,-0.4999999999999997,-0.8660254037844388,5,0.49999999999999994,-0.8660254037844387,3,0.43388373,-0.90096885,0,133,100,100
2021-05-13 15:00:00+00:00,25.0,1304191.0,1.0,25.4,97,0.5,3.2,360,983.4,27.0,30.2,31.0,25.0,28.0,28.899999999999995,28.958333333333332,26.38095238095238,1.000000000000005,1.1983321743156257,1.8820966459454271,15,-0.7071067811865471,-0.7071067811865479,5,0.49999999999999994,-0.8660254037844387,3,0.43388373,-0.90096885,0,133,100,100
2021-05-13 16:00:00+00:00,24.0,1304191.0,1.0,25.1,97,0.2,4.5,29,984.0,25.0,29.8,31.0,26.0,26.666666666666668,28.03333333333333,28.958333333333332,26.38095238095238,1.5275252316519505,1.7996295915178473,1.8820966459454271,16,-0.8660254037844385,-0.5000000000000004,5,0.49999999999999994,-0.8660254037844387,3,0.43388373,-0.90096885,0,133,100,100
2021-05-13 17:00:00+00:00,23.0,1304191.0,1.0,24.8,98,0.2,6.2,353,983.8,24.0,29.4,31.0,26.0,25.333333333333332,27.066666666666663,28.875,26.375,1.5275252316519505,2.1786846184491013,2.0551027237023662,17,-0.9659258262890683,-0.25881904510252063,5,0.49999999999999994,-0.8660254037844387,3,0.43388373,-0.90096885,0,133,100,100
2021-05-13 18:00:00+00:00,22.5,,,24.4,99,0.0,3.4,342,983.1,23.0,29.0,31.0,26.571428571428573,24.0,26.0,28.75,26.363095238095237,1.0000000000000053,2.3664319132398592,2.312671010967381,18,-1.0,-1.8369701987210297e-16,5,0.49999999999999994,-0.8660254037844387,3,0.43388373,-0.90096885,0,133,100,100
2021-05-13 19:00:00+00:00,22.0,1304191.0,1.0,24.0,98,0.0,2.6,196,982.5,22.5,28.0,31.0,27.142857142857142,23.166666666666668,24.916666666666668,28.580357142857142,26.354166666666668,0.7637626158259807,2.20037875527527,2.609680335824816,19,-0.9659258262890684,0.2588190451025203,5,0.49999999999999994,-0.8660254037844387,3,0.43388373,-0.90096885,0,133,100,100
2021-05-13 20:00:00+00:00,22.095238095238095,,,24.5,95,0.0,2.6,326,982.1,22.0,27.0,30.6,27.714285714285715,22.5,23.916666666666668,28.36607142857143,26.342261904761905,0.500000000000012,1.8551729479126113,2.9249494721062113,20,-0.8660254037844386,0.5000000000000001,5,0.49999999999999994,-0.8660254037844387,3,0.43388373,-0.90096885,0,133,100,100
2021-05-13 21:00:00+00:00,22.19047619047619,,,23.3,99,0.0,4.5,29,981.9,22.095238095238095,25.0,30.2,28.285714285714285,22.1984126984127,23.09920634920635,28.131944444444443,26.33687641723356,0.26548775688379633,1.184022187796485,3.1920794090522646,21,-0.7071067811865477,0.7071067811865474,5,0.49999999999999994,-0.8660254037844387,3,0.43388373,-0.90096885,0,133,100,100
2021-05-13 22:00:00+00:00,22.285714285714285,,,23.9,99,0.0,2.5,90,982.1,22.19047619047619,24.0,29.8,28.857142857142858,22.09523809523809,22.63095238095238,27.877976190476193,26.332057823129254,0.09523809523816029,0.7624625934098903,3.414068940538584,22,-0.5000000000000004,0.8660254037844384,5,0.49999999999999994,-0.8660254037844387,3,0.43388373,-0.90096885,0,133,100,100
2021-05-13 23:00:00+00:00,22.38095238095238,,,23.2,100,0.0,2.9,173,982.5,22.285714285714285,23.0,29.4,29.42857142857143,22.19047619047619,22.3452380952381,27.604166666666668,26.33375850340136,0.09523809523815585,0.3638263521415228,3.5910531392778924,23,-0.25881904510252157,0.9659258262890681,5,0.49999999999999994,-0.8660254037844387,3,0.43388373,-0.90096885,0,133,100,100
2021-05-14 00:00:00+00:00,22.476190476190474,,,24.5,96,0.0,1.8,191,983.5,22.38095238095238,22.5,29.0,30.0,22.28571428571429,22.242063492063494,27.310515873015873,26.33801020408163,0.09523809523815141,0.18468375044831203,3.721174526726582,0,0.0,1.0,5,0.49999999999999994,-0.8660254037844387,4,-0.43388373,-0.90096885,0,134,100,100
2021-05-14 01:00:00+00:00,22.571428571428573,,,25.9,91,0.0,1.5,256,984.2,22.476190476190474,22.0,28.0,30.0,22.38095238095238,22.23809523809524,26.99702380952381,26.344812925170068,0.09523809523814696,0.17817416127533686,3.8008176428260225,1,0.25881904510252074,0.9659258262890683,5,0.49999999999999994,-0.8660254037844387,4,-0.43388373,-0.90096885,0,134,100,100
2021-05-14 02:00:00+00:00,22.666666666666668,,,28.0,81,0.0,4.2,200,984.8,22.571428571428573,22.095238095238095,27.0,31.0,22.476190476190478,22.333333333333332,26.6875,26.354166666666668,0.09523809523814473,0.17817416127533067,3.84782065265746,2,0.49999999999999994,0.8660254037844387,5,0.49999999999999994,-0.8660254037844387,4,-0.43388373,-0.90096885,0,134,100,100
2021-05-14 03:00:00+00:00,22.761904761904763,,,29.5,77,0.0,4.0,180,984.8,22.666666666666668,22.19047619047619,25.0,31.0,22.571428571428573,22.428571428571427,26.340277777777775,26.367063492063494,0.09523809523814251,0.1781741612753245,3.817622597053802,3,0.7071067811865476,0.7071067811865476,5,0.49999999999999994,-0.8660254037844387,4,-0.43388373,-0.90096885,0,134,100,100
2021-05-14 04:00:00+00:00,22.857142857142858,,,30.9,72,0.0,5.8,176,984.1,22.761904761904763,22.285714285714285,24.0,31.0,22.666666666666668,22.523809523809522,25.99702380952381,26.383503401360546,0.0952380952381403,0.17817416127531835,3.7501974216001086,4,0.8660254037844386,0.5000000000000001,5,0.49999999999999994,-0.8660254037844387,4,-0.43388373,-0.90096885,0,134,100,100
2021-05-14 05:00:00+00:00,22.952380952380953,,,31.8,63,0.0,7.3,189,983.2,22.857142857142858,22.38095238095238,23.0,31.0,22.761904761904763,22.61904761904762,25.65773809523809,26.400510204081634,0.0952380952381403,0.1781741612753122,3.644757298850566,5,0.9659258262890683,0.25881904510252074,5,0.49999999999999994,-0.8660254037844387,4,-0.43388373,-0.90096885,0,134,100,100
2021-05-14 06:00:00+00:00,23.047619047619047,,,32.3,60,0.0,8.2,209,982.1,22.952380952380953,22.476190476190474,22.5,31.0,22.857142857142858,22.71428571428572,25.322420634920633,26.41808390022676,0.0952380952381403,0.178174161275306,3.49918357237893,6,1.0,6.123233995736766e-17,5,0.49999999999999994,-0.8660254037844387,4,-0.43388373,-0.90096885,0,134,100,100
2021-05-14 07:00:00+00:00,23.142857142857142,,,32.7,60,0.0,9.4,198,981.0,23.047619047619047,22.571428571428573,22.0,31.0,22.952380952380953,22.80952380952381,24.991071428571427,26.436224489795922,0.0952380952381403,0.17817416127529984,3.3095603949599286,7,0.9659258262890683,-0.25881904510252063,5,0.49999999999999994,-0.8660254037844387,4,-0.43388373,-0.90096885,0,134,100,100
2021-05-14 08:00:00+00:00,23.238095238095237,,,32.7,59,0.0,9.4,173,980.0,23.142857142857142,22.666666666666668,22.095238095238095,30.6,23.047619047619047,22.90476190476191,24.663690476190478,26.454931972789115,0.0952380952381403,0.17817416127529567,3.0692001842941017,8,0.8660254037844387,-0.4999999999999998,5,0.49999999999999994,-0.8660254037844387,4,-0.43388373,-0.90096885,0,134,100,100
2021-05-14 09:00:00+00:00,23.333333333333332,,,32.5,59,0.0,10.1,178,979.3,23.238095238095237,22.761904761904763,22.19047619047619,30.2,23.142857142857142,23.0,24.35694444444444,26.47420634920635,0.0952380952381403,0.17817416127529148,2.8067781366126336,9,0.7071067811865476,-0.7071067811865475,5,0.49999999999999994,-0.8660254037844387,4,-0.43388373,-0.90096885,0,134,100,100
2021-05-14 10:00:00+00:00,23.428571428571427,,,31.1,68,0.0,8.0,190,979.4,23.333333333333332,22.857142857142858,22.285714285714285,29.8,23.238095238095237,23.0952380952381,24.070833333333336,26.49404761904762,0.0952380952381403,0.17817416127528732,2.5206618570085224,10,0.49999999999999994,-0.8660254037844387,5,0.49999999999999994,-0.8660254037844387,4,-0.43388373,-0.90096885,0,134,100,100
2021-05-14 11:00:00+00:00,23.523809523809526,,,30.1,77,0.0,4.5,209,979.8,23.428571428571427,22.952380952380953,22.38095238095238,29.4,23.333333333333332,23.19047619047619,23.805357142857144,26.52040816326531,0.0952380952381403,0.17817416127528315,2.2070403122194158,11,0.258819045102521,-0.9659258262890682,5,0.49999999999999994,-0.8660254037844387,4,-0.43388373,-0.90096885,0,134,100,100
2021-05-14 12:00:00+00:00,23.61904761904762,,,28.9,87,0.0,5.9,218,980.2,23.523809523809526,23.047619047619047,22.476190476190474,29.0,23.428571428571427,23.28571428571429,23.560515873015873,26.55328798185941,0.09523809523814251,0.17817416127528002,1.8576999107043128,12,1.2246467991473532e-16,-1.0,5,0.49999999999999994,-0.8660254037844387,4,-0.43388373,-0.90096885,0,134,100,100
2021-05-14 13:00:00+00:00,23.714285714285715,,,28.4,80,0.0,4.9,163,981.3,23.61904761904762,23.142857142857142,22.571428571428573,28.0,23.52380952380953,23.38095238095238,23.336309523809522,26.58673469387755,0.09523809523814473,0.17817416127527688,1.4533786835344498,13,-0.2588190451025208,-0.9659258262890683,5,0.49999999999999994,-0.8660254037844387,4,-0.43388373,-0.90096885,0,134,100,100
2021-05-14 14:00:00+00:00,23.80952380952381,,,27.3,80,0.0,5.6,130,982.1,23.714285714285715,23.238095238095237,22.666666666666668,27.0,23.61904761904762,23.476190476190478,23.15773809523809,26.62074829931973,0.09523809523814696,0.17817416127527375,1.067517880284263,14,-0.4999999999999997,-0.8660254037844388,5,0.49999999999999994,-0.8660254037844387,4,-0.43388373,-0.90096885,0,134,100,100
2021-05-14 15:00:00+00:00,23.904761904761905,,,26.5,84,0.0,5.7,108,983.0,23.80952380952381,23.333333333333332,22.761904761904763,25.0,23.71428571428571,23.571428571428573,23.024801587301585,26.655328798185945,0.09523809523815141,0.1781741612752706,0.7055182824444661,15,-0.7071067811865471,-0.7071067811865479,5,0.49999999999999994,-0.8660254037844387,4,-0.43388373,-0.90096885,0,134,100,100
2021-05-14 16:00:00+00:00,24.0,1304191.0,1.0,27.8,75,0.0,4.1,128,983.3,23.904761904761905,23.428571428571427,22.857142857142858,24.0,23.80952380952381,23.666666666666668,22.979166666666668,26.68452380952381,0.09523809523815585,0.1781741612752675,0.5996857642742721,16,-0.8660254037844385,-0.5000000000000004,5,0.49999999999999994,-0.8660254037844387,4,-0.43388373,-0.90096885,0,134,100,100
2021-05-14 17:00:00+00:00,25.0,1304191.0,1.0,27.4,77,0.0,1.8,79,983.0,24.0,23.523809523809526,22.952380952380953,23.0,23.90476190476191,23.761904761904763,22.979166666666668,26.708333333333332,0.09523809523816029,0.17817416127526436,0.5996857642742721,17,-0.9659258262890683,-0.25881904510252063,5,0.49999999999999994,-0.8660254037844387,4,-0.43388373,-0.90096885,0,134,100,100
2021-05-14 18:00:00+00:00,26.0,,,26.2,83,0.0,1.3,34,982.9,25.0,23.61904761904762,23.047619047619047,22.5,24.3015873015873,24.00793650793651,23.0625,26.736111111111114,0.6067147572576753,0.5043274560419264,0.7279511459882991,18,-1.0,-1.8369701987210297e-16,5,0.49999999999999994,-0.8660254037844387,4,-0.43388373,-0.90096885,0,134,100,100
2021-05-14 19:00:00+00:00,27.0,1304191.0,1.0,25.0,90,0.0,2.3,39,982.4,26.0,23.714285714285715,23.142857142857142,22.0,25.0,24.40476190476191,23.208333333333332,26.767857142857142,1.0000000000000075,0.9103835378241124,0.9322735035591351,19,-0.9659258262890684,0.2588190451025203,5,0.49999999999999994,-0.8660254037844387,4,-0.43388373,-0.90096885,0,134,100,100
2021-05-14 20:00:00+00:00,27.5,,,24.4,93,0.0,3.1,45,982.4,27.0,23.80952380952381,23.238095238095237,22.095238095238095,26.0,24.952380952380953,23.416666666666668,26.803571428571427,1.0000000000000075,1.3117297437486943,1.1770464023412592,20,-0.8660254037844386,0.5000000000000001,5,0.49999999999999994,-0.8660254037844387,4,-0.43388373,-0.90096885,0,134,100,100
2021-05-14 21:00:00+00:00,28.0,1304191.0,1.0,24.0,95,0.0,2.6,16,982.3,27.5,23.904761904761905,23.333333333333332,22.19047619047619,26.833333333333332,25.567460317460316,23.64186507936508,26.842261904761905,0.7637626158259836,1.5177271964294636,1.4076711140844964,21,-0.7071067811865477,0.7071067811865474,5,0.49999999999999994,-0.8660254037844387,4,-0.43388373,-0.90096885,0,134,100,100
2021-05-14 22:00:00+00:00,28.0,1304191.0,1.0,23.7,96,0.0,3.1,54,982.5,28.0,24.0,23.428571428571427,22.285714285714285,27.5,26.25,23.883928571428573,26.88095238095238,0.5000000000000164,1.5411035007422655,1.6292957916515476,22,-0.5000000000000004,0.8660254037844384,5,0.49999999999999994,-0.8660254037844387,4,-0.43388373,-0.90096885,0,134,100,100
2021-05-14 23:00:00+00:00,28.333333333333332,,,23.9,95,0.0,2.6,124,983.1,28.0,25.0,23.523809523809526,22.38095238095238,27.833333333333332,26.916666666666668,24.12202380952381,26.916666666666668,0.2886751345948416,1.2006942436218784,1.794715924575865,23,-0.25881904510252157,0.9659258262890681,5,0.49999999999999994,-0.8660254037844387,4,-0.43388373,-0.90096885,0,134,100,100
2021-05-15 00:00:00+00:00,28.666666666666668,,,25.4,92,0.0,0.8,153,984.2,28.333333333333332,26.0,23.61904761904762,22.476190476190474,28.11111111111111,27.472222222222225,24.370039682539684,26.95436507936508,0.19245008972987457,0.8590477070355256,1.948362009660328,0,0.0,1.0,5,0.49999999999999994,-0.8660254037844387,5,-0.9749279,-0.22252093,1,135,100,100
2021-05-15 01:00:00+00:00,29.0,1304191.0,1.0,27.5,86,0.0,1.1,162,984.8,28.666666666666668,27.0,23.714285714285715,22.571428571428573,28.333333333333332,27.916666666666668,24.62797619047619,26.99404761904762,0.333333333333335,0.5939509893735294,2.0912677951021075,1,0.25881904510252074,0.9659258262890683,5,0.49999999999999994,-0.8660254037844387,5,-0.9749279,-0.22252093,1,135,100,100
2021-05-15 02:00:00+00:00,29.0,1304191.0,1.0,29.6,77,0.0,2.5,188,985.2,29.0,27.5,23.80952380952381,22.666666666666668,28.666666666666668,28.25,24.895833333333332,27.035714285714285,0.333333333333335,0.5348935511960444,2.2238967767650784,2,0.49999999999999994,0.8660254037844387,5,0.49999999999999994,-0.8660254037844387,5,-0.9749279,-0.22252093,1,135,100,100
2021-05-15 03:00:00+00:00,29.0,,,31.5,65,0.0,3.5,204,985.1,29.0,28.0,23.904761904761905,22.761904761904763,28.88888888888889,28.5,25.159722222222225,27.071428571428573,0.19245008972987457,0.45946829173633635,2.321498689461501,3,0.7071067811865476,0.7071067811865476,5,0.49999999999999994,-0.8660254037844387,5,-0.9749279,-0.22252093,1,135,100,100
2021-05-15 04:00:00+00:00,29.0,1304191.0,1.0,32.5,61,0.0,4.3,204,984.6,29.0,28.0,24.0,22.857142857142858,29.0,28.666666666666668,25.419642857142858,27.107142857142858,0.0,0.4216370213557729,2.3895787054684727,4,0.8660254037844386,0.5000000000000001,5,0.49999999999999994,-0.8660254037844387,5,-0.9749279,-0.22252093,1,135,100,100
2021-05-15 05:00:00+00:00,30.0,1304191.0,1.0,33.0,59,0.0,6.9,208,984.1,29.0,28.333333333333332,25.0,22.952380952380953,29.0,28.833333333333332,25.67559523809524,27.139880952380953,0.0,0.27888667551133306,2.431784628892373,5,0.9659258262890683,0.25881904510252074,5,0.49999999999999994,-0.8660254037844387,5,-0.9749279,-0.22252093,1,135,100,100
2021-05-15 06:00:00+00:00,30.0,1304191.0,1.0,33.9,54,0.0,6.3,211,982.9,30.0,28.666666666666668,26.0,23.047619047619047,29.333333333333332,29.11111111111111,25.969246031746035,27.175595238095237,0.5773502691896263,0.4554200340426244,2.512813256634189,6,1.0,6.123233995736766e-17,5,0.49999999999999994,-0.8660254037844387,5,-0.9749279,-0.22252093,1,135,100,100
2021-05-15 07:00:00+00:00,30.0,1304191.0,1.0,34.5,49,0.0,6.0,197,981.5,30.0,29.0,27.0,23.142857142857142,29.666666666666668,29.333333333333332,26.258928571428573,27.208333333333332,0.5773502691896263,0.5163977794942954,2.5616264414690626,7,0.9659258262890683,-0.25881904510252063,5,0.49999999999999994,-0.8660254037844387,5,-0.9749279,-0.22252093,1,135,100,100
2021-05-15 08:00:00+00:00,30.0,,,34.7,47,0.0,7.9,196,980.6,30.0,29.0,27.5,23.238095238095237,30.0,29.5,26.544642857142858,27.238095238095237,0.0,0.5477225575051371,2.5812949328803256,8,0.8660254037844387,-0.4999999999999998,5,0.49999999999999994,-0.8660254037844387,5,-0.9749279,-0.22252093,1,135,100,100
2021-05-15 09:00:00+00:00,30.0,,,34.4,47,0.0,5.6,207,980.0,30.0,29.0,28.0,23.333333333333332,30.0,29.666666666666668,26.82638888888889,27.263888888888886,0.0,0.5163977794942873,2.5737134159890496,9,0.7071067811865476,-0.7071067811865475,5,0.49999999999999994,-0.8660254037844387,5,-0.9749279,-0.22252093,1,135,100,100
2021-05-15 10:00:00+00:00,30.0,1304191.0,1.0,33.5,53,0.0,6.0,213,979.9,30.0,29.0,28.0,23.428571428571427,30.0,29.833333333333332,27.104166666666668,27.285714285714285,0.0,0.4082482904638129,2.539860794835577,10,0.49999999999999994,-0.8660254037844387,5,0.49999999999999994,-0.8660254037844387,5,-0.9749279,-0.22252093,1,135,100,100
2021-05-15 11:00:00+00:00,31.0,1304191.0,1.0,31.1,65,0.0,5.5,259,980.4,30.0,30.0,28.333333333333332,23.523809523809526,30.0,30.0,27.37797619047619,27.303571428571427,0.0,0.0,2.4798936366262816,11,0.258819045102521,-0.9659258262890682,5,0.49999999999999994,-0.8660254037844387,5,-0.9749279,-0.22252093,1,135,100,100
2021-05-15 12:00:00+00:00,31.0,1304191.0,1.0,29.4,73,0.0,7.2,233,980.6,31.0,30.0,28.666666666666668,23.61904761904762,30.333333333333332,30.166666666666668,27.689484126984127,27.327380952380953,0.5773502691896263,0.40824829046386274,2.444004460259424,12,1.2246467991473532e-16,-1.0,5,0.49999999999999994,-0.8660254037844387,5,-0.9749279,-0.22252093,1,135,100,100
2021-05-15 13:00:00+00:00,31.0,,,28.6,76,0.0,6.6,189,981.4,31.0,30.0,29.0,23.714285714285715,30.666666666666668,30.333333333333332,27.99702380952381,27.351190476190474,0.5773502691896263,0.5163977794943212,2.3728881289606227,13,-0.2588190451025208,-0.9659258262890683,5,0.49999999999999994,-0.8660254037844387,5,-0.9749279,-0.22252093,1,135,100,100
2021-05-15 14:00:00+00:00,31.0,1304191.0,1.0,28.1,77,0.0,5.1,176,982.3,31.0,30.0,29.0,23.80952380952381,31.0,30.5,28.30059523809524,27.383928571428573,0.0,0.5477225575051646,2.2647395606407303,14,-0.4999999999999997,-0.8660254037844388,5,0.49999999999999994,-0.8660254037844387,5,-0.9749279,-0.22252093,1,135,100,100
2021-05-15 15:00:00+00:00,30.0,,,27.7,79,0.0,5.2,155,983.4,31.0,30.0,29.0,23.904761904761905,31.0,30.666666666666668,28.600198412698415,27.425595238095237,0.0,0.5163977794943203,2.1154793411146353,15,-0.7071067811865471,-0.7071067811865479,5,0.49999999999999994,-0.8660254037844387,5,-0.9749279,-0.22252093,1,135,100,100
2021-05-15 16:00:00+00:00,29.0,1304191.0,1.0,26.8,84,0.0,4.1,142,983.5,30.0,30.0,29.0,24.0,30.666666666666668,30.666666666666668,28.854166666666668,27.467261904761905,0.5773502691896263,0.5163977794943203,1.8800455462670245,16,-0.8660254037844385,-0.5000000000000004,5,0.49999999999999994,-0.8660254037844387,5,-0.9749279,-0.22252093,1,135,100,100
2021-05-15 17:00:00+00:00,28.0,1304191.0,1.0,26.4,86,0.0,4.3,138,983.6,29.0,31.0,30.0,25.0,30.0,30.5,29.0625,27.49702380952381,1.0000000000000004,0.8366600265340742,1.5702645243169426,17,-0.9659258262890683,-0.25881904510252063,5,0.49999999999999994,-0.8660254037844387,5,-0.9749279,-0.22252093,1,135,100,100
2021-05-15 18:00:00+00:00,28.0,,,26.8,81,0.0,2.3,108,983.5,28.0,31.0,30.0,26.0,29.0,30.0,29.1875,27.520833333333332,1.0000000000000004,1.2649110640673507,1.3345216624815999,18,-1.0,-1.8369701987210297e-16,5,0.49999999999999994,-0.8660254037844387,5,-0.9749279,-0.22252093,1,135,100,100
2021-05-15 19:00:00+00:00,28.0,,,26.0,84,0.0,7.0,12,983.4,28.0,31.0,30.0,27.0,28.333333333333332,29.5,29.270833333333332,27.544642857142858,0.5773502691896263,1.3784048752090212,1.1803672768305453,19,-0.9659258262890684,0.2588190451025203,5,0.49999999999999994,-0.8660254037844387,5,-0.9749279,-0.22252093,1,135,100,100
2021-05-15 20:00:00+00:00,28.0,,,24.9,91,2.0,4.0,95,983.3,28.0,31.0,30.0,27.5,28.0,29.0,29.3125,27.56845238095238,0.0,1.2649110640673507,1.1124162021307846,20,-0.8660254037844386,0.5000000000000001,5,0.49999999999999994,-0.8660254037844387,5,-0.9749279,-0.22252093,1,135,100,100
2021-05-15 21:00:00+00:00,28.0,1304191.0,1.0,24.3,95,0.5,7.2,117,983.4,28.0,30.0,30.0,28.0,28.0,28.5,29.333333333333332,27.592261904761905,0.0,0.8366600265340742,1.0812410118024829,21,-0.7071067811865477,0.7071067811865474,5,0.49999999999999994,-0.8660254037844387,5,-0.9749279,-0.22252093,1,135,100,100
2021-05-15 22:00:00+00:00,28.0,1304191.0,1.0,24.1,96,0.0,3.5,156,983.8,28.0,29.0,30.0,28.0,28.0,28.166666666666668,29.333333333333332,27.616071428571427,0.0,0.40824829046386,1.0812410118024829,22,-0.5000000000000004,0.8660254037844384,5,0.49999999999999994,-0.8660254037844387,5,-0.9749279,-0.22252093,1,135,100,100
2021-05-15 23:00:00+00:00,28.0,1304191.0,1.0,24.1,97,0.0,2.6,236,984.4,28.0,28.0,31.0,28.333333333333332,28.0,28.0,29.333333333333332,27.639880952380953,0.0,0.0,1.0812410118024829,23,-0.25881904510252157,0.9659258262890681,5,0.49999999999999994,-0.8660254037844387,5,-0.9749279,-0.22252093,1,135,100,100
2021-05-16 00:00:00+00:00,28.0,1304191.0,1.0,25.5,90,0.0,0.8,63,984.8,28.0,28.0,31.0,28.666666666666668,28.0,28.0,29.319444444444443,27.663690476190474,0.0,0.0,1.0966755502333696,0,0.0,1.0,5,0.49999999999999994,-0.8660254037844387,6,-0.7818315,0.6234898,1,136,100,100
2021-05-16 01:00:00+00:00,28.0,,,27.5,82,0.0,2.5,172,985.4,28.0,28.0,31.0,29.0,28.0,28.0,29.291666666666668,27.6875,0.0,0.0,1.1220775245116927,1,0.25881904510252074,0.9659258262890683,5,0.49999999999999994,-0.8660254037844387,6,-0.7818315,0.6234898,1,136,100,100
2021-05-16 02:00:00+00:00,28.0,,,29.4,77,0.0,6.8,180,985.7,28.0,28.0,31.0,29.0,28.0,28.0,29.25,27.711309523809526,0.0,0.0,1.1515584902737415,2,0.49999999999999994,0.8660254037844387,5,0.49999999999999994,-0.8660254037844387,6,-0.7818315,0.6234898,1,136,100,100
2021-05-16 03:00:00+00:00,28.0,1304191.0,1.0,30.9,72,0.0,6.6,189,985.8,28.0,28.0,30.0,29.0,28.0,28.0,29.208333333333332,27.735119047619047,0.0,0.0,1.178767472245053,3,0.7071067811865476,0.7071067811865476,5,0.49999999999999994,-0.8660254037844387,6,-0.7818315,0.6234898,1,136,100,100
2021-05-16 04:00:00+00:00,28.0,1304191.0,1.0,32.0,65,0.0,5.2,196,985.3,28.0,28.0,29.0,29.0,28.0,28.0,29.166666666666668,27.756081780538302,0.0,0.0,1.2038585308576122,4,0.8660254037844386,0.5000000000000001,5,0.49999999999999994,-0.8660254037844387,6,-0.7818315,0.6234898,1,136,100,100
2021-05-16 05:00:00+00:00,29.0,1304191.0,1.0,32.8,61,0.0,5.6,207,984.5,28.0,28.0,28.0,30.0,28.0,28.0,29.125,27.774197722567287,0.0,0.0,1.2269616060042416,5,0.9659258262890683,0.25881904510252074,5,0.49999999999999994,-0.8660254037844387,6,-0.7818315,0.6234898,1,136,100,100
2021-05-16 06:00:00+00:00,29.0,1304191.0,1.0,33.5,59,0.0,7.4,231,983.5,29.0,28.0,28.0,30.0,28.333333333333332,28.166666666666668,29.083333333333332,27.795419254658388,0.5773502691896263,0.40824829046386274,1.2128538629008196,6,1.0,6.123233995736766e-17,5,0.49999999999999994,-0.8660254037844387,6,-0.7818315,0.6234898,1,136,100,100
2021-05-16 07:00:00+00:00,28.0,1304191.0,1.0,33.6,59,0.0,6.6,248,982.4,29.0,28.0,28.0,30.0,28.666666666666668,28.333333333333332,29.041666666666668,27.813793995859214,0.5773502691896263,0.5163977794943212,1.1970676733136583,7,0.9659258262890683,-0.25881904510252063,5,0.49999999999999994,-0.8660254037844387,6,-0.7818315,0.6234898,1,136,100,100
2021-05-16 08:00:00+00:00,28.0,1304191.0,1.0,33.9,56,0.0,4.8,228,981.5,28.0,28.0,28.0,30.0,28.666666666666668,28.333333333333332,28.958333333333332,27.823369565217394,0.5773502691896263,0.5163977794943212,1.1970676733136618,8,0.8660254037844387,-0.4999999999999998,5,0.49999999999999994,-0.8660254037844387,6,-0.7818315,0.6234898,1,136,100,100
2021-05-16 09:00:00+00:00,28.0,,,33.8,56,0.0,4.7,184,980.5,28.0,28.0,28.0,30.0,28.333333333333332,28.333333333333332,28.875,27.830098343685297,0.5773502691896263,0.5163977794943212,1.1909988500705637,9,0.7071067811865476,-0.7071067811865475,5,0.49999999999999994,-0.8660254037844387,6,-0.7818315,0.6234898,1,136,100,100
2021-05-16 10:00:00+00:00,28.0,1304191.0,1.0,33.2,59,0.0,8.5,192,980.4,28.0,28.0,28.0,30.0,28.0,28.333333333333332,28.791666666666668,27.83398033126294,0.0,0.5163977794943212,1.1787674722450723,10,0.49999999999999994,-0.8660254037844387,5,0.49999999999999994,-0.8660254037844387,6,-0.7818315,0.6234898,1,136,100,100
2021-05-16 11:00:00+00:00,28.0,1304191.0,1.0,31.5,69,0.0,5.8,180,980.9,28.0,29.0,28.0,31.0,28.0,28.333333333333332,28.708333333333332,27.83501552795031,0.0,0.5163977794943212,1.1601786469132596,11,0.258819045102521,-0.9659258262890682,5,0.49999999999999994,-0.8660254037844387,6,-0.7818315,0.6234898,1,136,100,100
2021-05-16 12:00:00+00:00,29.0,1304191.0,1.0,29.4,81,0.0,5.1,176,981.0,28.0,29.0,28.0,31.0,28.0,28.166666666666668,28.583333333333332,27.83320393374741,0.0,0.40824829046386274,1.0598058340078027,12,1.2246467991473532e-16,-1.0,5,0.49999999999999994,-0.8660254037844387,6,-0.7818315,0.6234898,1,136,100,100
2021-05-16 13:00:00+00:00,29.0,1304191.0,1.0,28.5,81,0.0,4.7,180,982.4,29.0,28.0,28.0,31.0,28.333333333333332,28.166666666666668,28.5,27.834497929606624,0.5773502691896263,0.40824829046386274,0.9325048082402508,13,-0.2588190451025208,-0.9659258262890683,5,0.49999999999999994,-0.8660254037844387,6,-0.7818315,0.6234898,1,136,100,100
2021-05-16 14:00:00+00:00,27.0,1304191.0,1.0,28.0,81,0.0,4.1,165,983.0,29.0,28.0,28.0,31.0,28.666666666666668,28.333333333333332,28.416666666666668,27.83294513457557,0.5773502691896263,0.5163977794943212,0.7755316082289692,14,-0.4999999999999997,-0.8660254037844388,5,0.49999999999999994,-0.8660254037844387,6,-0.7818315,0.6234898,1,136,100,100
2021-05-16 15:00:00+00:00,27.0,1304191.0,1.0,27.9,82,0.0,4.7,148,983.8,27.0,28.0,28.0,30.0,28.333333333333332,28.166666666666668,28.25,27.81664078674948,1.154700538379251,0.7527726527090807,0.607918758874257,15,-0.7071067811865471,-0.7071067811865479,5,0.49999999999999994,-0.8660254037844387,6,-0.7818315,0.6234898,1,136,100,100
2021-05-16 16:00:00+00:00,27.0,,,27.4,84,0.0,5.4,143,984.1,27.0,28.0,28.0,29.0,27.666666666666668,28.0,28.125,27.797489648033125,1.154700538379251,0.8944271909999163,0.5366968215489978,16,-0.8660254037844385,-0.5000000000000004,5,0.49999999999999994,-0.8660254037844387,6,-0.7818315,0.6234898,1,136,100,100
2021-05-16 17:00:00+00:00,27.0,1304191.0,1.0,26.6,87,0.0,3.9,146,983.7,27.0,28.0,29.0,28.0,27.0,27.833333333333332,28.041666666666668,27.7754917184265,0.0,0.9831920802501759,0.5500329370901301,17,-0.9659258262890683,-0.25881904510252063,5,0.49999999999999994,-0.8660254037844387,6,-0.7818315,0.6234898,1,136,100,100
2021-05-16 18:00:00+00:00,28.0,1304191.0,1.0,26.0,91,0.0,4.7,157,983.4,27.0,29.0,29.0,28.0,27.0,27.666666666666668,28.0,27.750646997929607,0.0,1.0327955589886462,0.5897678246195396,18,-1.0,-1.8369701987210297e-16,5,0.49999999999999994,-0.8660254037844387,6,-0.7818315,0.6234898,1,136,100,100
2021-05-16 19:00:00+00:00,28.0,,,25.9,90,0.0,3.9,158,983.1,28.0,29.0,28.0,28.0,27.333333333333332,27.5,28.0,27.728907867494822,0.5773502691896263,0.8366600265340787,0.5897678246195396,19,-0.9659258262890684,0.2588190451025203,5,0.49999999999999994,-0.8660254037844387,6,-0.7818315,0.6234898,1,136,100,100
2021-05-16 20:00:00+00:00,28.0,1304191.0,1.0,25.5,91,0.0,4.4,145,983.2,28.0,27.0,28.0,28.0,27.666666666666668,27.333333333333332,28.0,27.704321946169774,0.5773502691896263,0.5163977794943287,0.5897678246195396,20,-0.8660254037844386,0.5000000000000001,5,0.49999999999999994,-0.8660254037844387,6,-0.7818315,0.6234898,1,136,100,100
2021-05-16 21:00:00+00:00,28.0,1304191.0,1.0,25.4,91,0.0,4.8,153,983.5,28.0,27.0,28.0,28.0,28.0,27.5,28.0,27.67688923395445,0.0,0.5477225575051717,0.5897678246195396,21,-0.7071067811865477,0.7071067811865474,5,0.49999999999999994,-0.8660254037844387,6,-0.7818315,0.6234898,1,136,100,100
2021-05-16 22:00:00+00:00,28.0,1304191.0,1.0,25.2,93,0.0,4.8,167,983.8,28.0,27.0,28.0,28.0,28.0,27.666666666666668,28.0,27.646609730848862,0.0,0.5163977794943279,0.5897678246195396,22,-0.5000000000000004,0.8660254037844384,5,0.49999999999999994,-0.8660254037844387,6,-0.7818315,0.6234898,1,136,100,100
2021-05-16 23:00:00+00:00,28.0,1304191.0,1.0,25.6,91,0.0,4.0,153,984.4,28.0,27.0,28.0,28.0,28.0,27.833333333333332,28.0,27.613483436853,0.0,0.4082482904638696,0.5897678246195396,23,-0.25881904510252157,0.9659258262890681,5,0.49999999999999994,-0.8660254037844387,6,-0.7818315,0.6234898,1,136,100,100
2021-05-17 00:00:00+00:00,29.0,1304191.0,1.0,26.6,88,0.0,2.3,198,985.0,28.0,28.0,29.0,28.0,28.0,28.0,28.0,27.577510351966875,0.0,0.0,0.5897678246195396,0,0.0,1.0,5,0.49999999999999994,-0.8660254037844387,0,0.0,1.0,0,137,100,100
2021-05-17 01:00:00+00:00,29.0,1304191.0,1.0,28.2,82,0.0,1.9,202,985.9,29.0,28.0,29.0,28.0,28.333333333333332,28.166666666666668,28.041666666666668,27.544642857142858,0.5773502691896263,0.40824829046386274,0.6240935455707946,1,0.25881904510252074,0.9659258262890683,5,0.49999999999999994,-0.8660254037844387,0,0.0,1.0,0,137,100,100
2021-05-17 02:00:00+00:00,30.0,1304191.0,1.0,30.0,75,0.0,1.5,166,986.5,29.0,28.0,27.0,28.0,28.666666666666668,28.333333333333332,28.083333333333332,27.508928571428573,0.5773502691896263,0.5163977794943212,0.6538625481582421,2,0.49999999999999994,0.8660254037844387,5,0.49999999999999994,-0.8660254037844387,0,0.0,1.0,0,137,100,100
2021-05-17 03:00:00+00:00,30.0,,,31.4,68,0.1,3.8,197,986.5,30.0,28.0,27.0,28.0,29.333333333333332,28.666666666666668,28.166666666666668,27.479166666666668,0.5773502691896263,0.8164965809277245,0.761386987626829,3,0.7071067811865476,0.7071067811865476,5,0.49999999999999994,-0.8660254037844387,0,0.0,1.0,0,137,100,100
2021-05-17 04:00:00+00:00,30.0,1304191.0,1.0,32.7,62,0.0,6.9,219,986.0,30.0,28.0,27.0,28.0,29.666666666666668,29.0,28.25,27.449404761904763,0.5773502691896263,0.8944271909999143,0.8469895538598669,4,0.8660254037844386,0.5000000000000001,5,0.49999999999999994,-0.8660254037844387,0,0.0,1.0,0,137,100,100
2021-05-17 05:00:00+00:00,30.0,1304191.0,1.0,33.2,60,0.0,5.9,223,985.1,30.0,28.0,27.0,29.0,30.0,29.333333333333332,28.333333333333332,27.419642857142858,0.0,0.8164965809277246,0.91683134225703,5,0.9659258262890683,0.25881904510252074,5,0.49999999999999994,-0.8660254037844387,0,0.0,1.0,0,137,100,100
2021-05-17 06:00:00+00:00,30.0,1304191.0,1.0,34.5,55,0.0,5.7,235,984.0,30.0,29.0,28.0,29.0,30.0,29.666666666666668,28.375,27.389880952380953,0.0,0.5163977794943212,0.9696480760070855,6,1.0,6.123233995736766e-17,5,0.49999999999999994,-0.8660254037844387,0,0.0,1.0,0,137,100,100
2021-05-17 07:00:00+00:00,30.0,1304191.0,1.0,34.5,54,0.0,9.4,212,983.0,30.0,29.0,28.0,28.0,30.0,29.833333333333332,28.416666666666668,27.366071428571427,0.0,0.40824829046386285,1.017954755408049,7,0.9659258262890683,-0.25881904510252063,5,0.49999999999999994,-0.8660254037844387,0,0.0,1.0,0,137,100,100
2021-05-17 08:00:00+00:00,30.0,1304191.0,1.0,33.0,61,0.1,11.5,182,982.2,30.0,30.0,28.0,28.0,30.0,30.0,28.5,27.342261904761905,0.0,0.0,1.0632190661423337,8,0.8660254037844387,-0.4999999999999998,5,0.49999999999999994,-0.8660254037844387,0,0.0,1.0,0,137,100,100
2021-05-17 09:00:00+00:00,30.5,,,33.3,58,0.0,8.8,189,981.5,30.0,30.0,28.0,28.0,30.0,30.0,28.583333333333332,27.31845238095238,0.0,0.0,1.1000658741803162,9,0.7071067811865476,-0.7071067811865475,5,0.49999999999999994,-0.8660254037844387,0,0.0,1.0,0,137,100,100
2021-05-17 10:00:00+00:00,31.0,1304191.0,1.0,32.8,60,0.0,8.6,195,981.4,30.5,30.0,28.0,28.0,30.166666666666668,30.083333333333332,28.6875,27.303571428571427,0.28867513459481237,0.2041241452319318,1.1592023119369026,10,0.49999999999999994,-0.8660254037844387,5,0.49999999999999994,-0.8660254037844387,0,0.0,1.0,0,137,100,100
2021-05-17 11:00:00+00:00,30.5,,,31.5,68,0.0,5.0,201,981.6,31.0,30.0,28.0,28.0,30.5,30.25,28.8125,27.291666666666668,0.49999999999999956,0.41833001326703834,1.2407264702233485,11,0.258819045102521,-0.9659258262890682,5,0.49999999999999994,-0.8660254037844387,0,0.0,1.0,0,137,100,100
2021-05-17 12:00:00+00:00,30.0,1304191.0,1.0,30.4,66,0.0,7.7,169,981.7,30.5,30.0,29.0,29.0,30.666666666666668,30.333333333333332,28.916666666666668,27.276785714285715,0.28867513459481237,0.40824829046386346,1.2740441145411474,12,1.2246467991473532e-16,-1.0,5,0.49999999999999994,-0.8660254037844387,0,0.0,1.0,0,137,100,100
2021-05-17 13:00:00+00:00,30.0,1304191.0,1.0,29.4,71,0.0,5.8,176,982.1,30.0,30.0,29.0,29.0,30.5,30.333333333333332,28.958333333333332,27.264880952380953,0.49999999999999956,0.40824829046386346,1.2930976178445277,13,-0.2588190451025208,-0.9659258262890683,5,0.49999999999999994,-0.8660254037844387,0,0.0,1.0,0,137,100,100
2021-05-17 14:00:00+00:00,31.0,1304191.0,1.0,28.4,78,0.0,4.7,176,982.5,30.0,30.0,30.0,27.0,30.166666666666668,30.333333333333332,29.0,27.24702380952381,0.28867513459481237,0.40824829046386346,1.31049277157398,14,-0.4999999999999997,-0.8660254037844388,5,0.49999999999999994,-0.8660254037844387,0,0.0,1.0,0,137,100,100
2021-05-17 15:00:00+00:00,32.0,,,27.5,84,0.0,5.8,180,983.3,31.0,30.5,30.0,27.0,30.333333333333332,30.5,29.166666666666668,27.236359126984127,0.5773502691896263,0.4472135954999577,1.2993867003710853,15,-0.7071067811865471,-0.7071067811865479,5,0.49999999999999994,-0.8660254037844387,0,0.0,1.0,0,137,100,100
2021-05-17 16:00:00+00:00,33.0,,,27.7,83,0.0,5.0,180,983.8,32.0,31.0,30.0,27.0,31.0,30.75,29.375,27.232886904761905,1.0000000000000004,0.758287544405155,1.33717742961084,16,-0.8660254037844385,-0.5000000000000004,5,0.49999999999999994,-0.8660254037844387,0,0.0,1.0,0,137,100,100
2021-05-17 17:00:00+00:00,34.0,,,27.2,84,0.0,6.5,180,983.6,33.0,30.5,30.0,27.0,32.0,31.083333333333332,29.625,27.236607142857142,1.0000000000000004,1.2006942436218586,1.4314024743160174,17,-0.9659258262890683,-0.25881904510252063,5,0.49999999999999994,-0.8660254037844387,0,0.0,1.0,0,137,100,100
2021-05-17 18:00:00+00:00,35.0,1304191.0,1.0,26.6,86,0.0,5.8,173,983.6,34.0,30.0,30.0,28.0,33.0,31.666666666666668,29.916666666666668,27.24751984126984,1.0000000000000004,1.6329931618554527,1.5788456616110804,18,-1.0,-1.8369701987210297e-16,5,0.49999999999999994,-0.8660254037844387,0,0.0,1.0,0,137,100,100
2021-05-17 19:00:00+00:00,35.0,1304191.0,1.0,25.8,91,0.0,4.7,176,983.4,35.0,30.0,30.0,28.0,34.0,32.5,30.208333333333332,27.265625,1.0000000000000004,1.8708286933869724,1.835144033363076,19,-0.9659258262890684,0.2588190451025203,5,0.49999999999999994,-0.8660254037844387,0,0.0,1.0,0,137,100,100
2021-05-17 20:00:00+00:00,36.0,1304191.0,1.0,26.0,90,0.0,4.0,190,983.2,35.0,31.0,30.0,28.0,34.666666666666664,33.333333333333336,30.5,27.284970238095237,0.5773502691896271,1.6329931618554538,2.016238426204602,20,-0.8660254037844386,0.5000000000000001,5,0.49999999999999994,-0.8660254037844387,0,0.0,1.0,0,137,100,100
2021-05-17 21:00:00+00:00,37.0,1304191.0,1.0,26.0,90,0.0,2.3,231,983.4,36.0,32.0,30.5,28.0,35.333333333333336,34.166666666666664,30.833333333333332,27.311507936507933,0.5773502691896247,1.471960144387974,2.234447050880381,21,-0.7071067811865477,0.7071067811865474,5,0.49999999999999994,-0.8660254037844387,0,0.0,1.0,0,137,100,100
2021-05-17 22:00:00+00:00,37.0,1304191.0,1.0,25.0,95,0.0,1.3,304,983.8,37.0,33.0,31.0,28.0,36.0,35.0,31.208333333333332,27.345238095238095,0.9999999999999991,1.4142135623730898,2.4799924029803333,22,-0.5000000000000004,0.8660254037844384,5,0.49999999999999994,-0.8660254037844387,0,0.0,1.0,0,137,100,100
2021-05-17 23:00:00+00:00,37.0,1304191.0,1.0,24.9,97,0.0,0.5,315,984.3,37.0,34.0,30.5,28.0,36.666666666666664,35.666666666666664,31.583333333333332,27.380208333333332,0.5773502691896247,1.211060141638987,2.6484887678868376,23,-0.25881904510252157,0.9659258262890681,5,0.49999999999999994,-0.8660254037844387,0,0.0,1.0,0,137,100,100
2021-05-18 00:00:00+00:00,37.0,1304191.0,1.0,26.5,90,0.0,1.1,198,985.9,37.0,35.0,30.0,29.0,37.0,36.166666666666664,31.958333333333332,27.41641865079365,0.0,0.9831920802501599,2.754114182007664,0,0.0,1.0,5,0.49999999999999994,-0.8660254037844387,1,0.7818315,0.6234898,0,138,100,100
2021-05-18 01:00:00+00:00,37.333333333333336,,,28.5,81,0.0,4.0,170,986.6,37.0,35.0,30.0,29.0,37.0,36.5,32.291666666666664,27.453869047619047,0.0,0.8366600265340554,2.8624885291839375,1,0.25881904510252074,0.9659258262890683,5,0.49999999999999994,-0.8660254037844387,1,0.7818315,0.6234898,0,138,100,100
2021-05-18 02:00:00+00:00,37.666666666666664,,,30.2,72,0.1,6.2,187,987.1,37.333333333333336,36.0,31.0,30.0,37.111111111111114,36.88888888888889,32.63888888888889,27.49454365079365,0.1924500897298756,0.45542003404260323,2.9499310835585666,2,0.49999999999999994,0.8660254037844387,5,0.49999999999999994,-0.8660254037844387,1,0.7818315,0.6234898,0,138,100,100
2021-05-18 03:00:00+00:00,38.0,1304191.0,1.0,31.2,68,0.2,7.3,189,987.0,37.666666666666664,37.0,32.0,30.0,37.333333333333336,37.166666666666664,32.958333333333336,27.53844246031746,0.3333333333333292,0.27888667551127266,3.06462203420908,3,0.7071067811865476,0.7071067811865476,5,0.49999999999999994,-0.8660254037844387,1,0.7818315,0.6234898,0,138,100,100
2021-05-18 04:00:00+00:00,39.0,1304191.0,1.0,32.5,61,0.0,9.8,186,985.8,38.0,37.0,33.0,30.0,37.666666666666664,37.333333333333336,33.291666666666664,27.585565476190474,0.3333333333333292,0.42163702135572595,3.1623731381248614,4,0.8660254037844386,0.5000000000000001,5,0.49999999999999994,-0.8660254037844387,1,0.7818315,0.6234898,0,138,100,100
2021-05-18 05:00:00+00:00,39.0,1304191.0,1.0,32.5,60,0.0,7.2,273,985.3,39.0,37.0,34.0,30.0,38.22222222222222,37.666666666666664,33.666666666666664,27.639880952380953,0.6938886664887123,0.7601169500660575,3.286261844134139,5,0.9659258262890683,0.25881904510252074,5,0.49999999999999994,-0.8660254037844387,1,0.7818315,0.6234898,0,138,100,100
2021-05-18 06:00:00+00:00,39.0,1304191.0,1.0,31.2,70,0.1,10.3,306,984.6,39.0,37.0,35.0,30.0,38.666666666666664,38.0,34.041666666666664,27.695436507936506,0.5773502691896268,0.8432740427115354,3.3622837017153353,6,1.0,6.123233995736766e-17,5,0.49999999999999994,-0.8660254037844387,1,0.7818315,0.6234898,0,138,100,100
2021-05-18 07:00:00+00:00,39.0,,,29.8,76,1.5,7.9,313,984.1,39.0,37.333333333333336,35.0,30.0,39.0,38.333333333333336,34.416666666666664,27.752232142857142,0.0,0.7601169500660552,3.393657055826307,7,0.9659258262890683,-0.25881904510252063,5,0.49999999999999994,-0.8660254037844387,1,0.7818315,0.6234898,0,138,100,100
2021-05-18 08:00:00+00:00,39.0,1304191.0,1.0,30.2,76,0.1,4.7,274,983.2,39.0,37.666666666666664,36.0,30.0,39.0,38.61111111111111,34.791666666666664,27.810267857142858,0.0,0.6116159530898592,3.381624827420867,8,0.8660254037844387,-0.4999999999999998,5,0.49999999999999994,-0.8660254037844387,1,0.7818315,0.6234898,0,138,100,100
2021-05-18 09:00:00+00:00,39.0,,,30.9,72,0.0,5.3,242,982.6,39.0,38.0,37.0,30.5,39.0,38.833333333333336,35.166666666666664,27.86954365079365,0.0,0.4082482904637896,3.3257159339650726,9,0.7071067811865476,-0.7071067811865475,5,0.49999999999999994,-0.8660254037844387,1,0.7818315,0.6234898,0,138,100,100
2021-05-18 10:00:00+00:00,39.0,1304191.0,1.0,31.0,70,0.0,3.1,216,982.3,39.0,39.0,37.0,31.0,39.0,39.0,35.520833333333336,27.930059523809526,0.0,0.0,3.259068544504238,10,0.49999999999999994,-0.8660254037844387,5,0.49999999999999994,-0.8660254037844387,1,0.7818315,0.6234898,0,138,100,100
2021-05-18 11:00:00+00:00,38.666666666666664,,,30.3,75,0.0,3.4,198,982.4,39.0,39.0,37.0,30.5,39.0,39.0,35.854166666666664,27.991815476190474,0.0,0.0,3.1848495895743225,11,0.258819045102521,-0.9659258262890682,5,0.49999999999999994,-0.8660254037844387,1,0.7818315,0.6234898,0,138,100,100
2021-05-18 12:00:00+00:00,38.333333333333336,,,29.5,83,0.0,6.1,225,981.4,38.666666666666664,39.0,37.0,30.0,38.888888888888886,38.94444444444445,36.19444444444444,28.05282738095238,0.1924500897298756,0.13608276348795503,3.019928441847585,12,1.2246467991473532e-16,-1.0,5,0.49999999999999994,-0.8660254037844387,1,0.7818315,0.6234898,0,138,100,100
2021-05-18 13:00:00+00:00,38.0,1304191.0,1.0,29.5,77,0.0,4.8,207,981.7,38.333333333333336,39.0,37.333333333333336,30.0,38.666666666666664,38.833333333333336,36.541666666666664,28.113095238095237,0.3333333333333292,0.27888667551135615,2.7431293177875156,13,-0.2588190451025208,-0.9659258262890683,5,0.49999999999999994,-0.8660254037844387,1,0.7818315,0.6234898,0,138,100,100
2021-05-18 14:00:00+00:00,38.0,1304191.0,1.0,29.2,73,0.0,5.9,194,982.3,38.0,39.0,37.666666666666664,31.0,38.333333333333336,38.666666666666664,36.875,28.172619047619047,0.3333333333333292,0.4216370213557811,2.375015891123865,14,-0.4999999999999997,-0.8660254037844388,5,0.49999999999999994,-0.8660254037844387,1,0.7818315,0.6234898,0,138,100,100
2021-05-18 15:00:00+00:00,37.5,,,28.1,79,0.0,4.7,180,983.2,38.0,39.0,38.0,32.0,38.111111111111114,38.5,37.166666666666664,28.238095238095237,0.19245008972987562,0.45946829173633597,2.0263958629142027,15,-0.7071067811865471,-0.7071067811865479,5,0.49999999999999994,-0.8660254037844387,1,0.7818315,0.6234898,0,138,100,100
2021-05-18 16:00:00+00:00,37.0,1304191.0,1.0,27.4,83,0.0,4.2,160,983.7,37.5,39.0,39.0,33.0,37.833333333333336,38.25,37.395833333333336,28.30654761904762,0.2886751345948139,0.5348935511960323,1.7016704637352167,16,-0.8660254037844385,-0.5000000000000004,5,0.49999999999999994,-0.8660254037844387,1,0.7818315,0.6234898,0,138,100,100
2021-05-18 17:00:00+00:00,36.578947368421055,,,27.1,82,0.0,6.2,170,983.5,37.0,38.666666666666664,39.0,34.0,37.5,37.916666666666664,37.5625,28.37797619047619,0.5000000000000009,0.593950989373505,1.425960562767817,17,-0.9659258262890683,-0.25881904510252063,5,0.49999999999999994,-0.8660254037844387,1,0.7818315,0.6234898,0,138,100,100
2021-05-18 18:00:00+00:00,36.1578947368421,,,26.6,84,0.0,5.0,180,983.3,36.578947368421055,38.333333333333336,39.0,35.0,37.026315789473685,37.5687134502924,37.66995614035088,28.45285087719298,0.46108988073513757,0.6729714949500268,1.2294609442635505,18,-1.0,-1.8369701987210297e-16,5,0.49999999999999994,-0.8660254037844387,1,0.7818315,0.6234898,0,138,100,100
2021-05-18 19:00:00+00:00,35.73684210526316,,,26.3,86,0.0,3.8,163,982.8,36.1578947368421,38.0,39.0,35.0,36.57894736842105,37.2061403508772,37.718201754385966,28.52654204956837,0.4210526315789506,0.7591394505937753,1.139565276834019,19,-0.9659258262890684,0.2588190451025203,5,0.49999999999999994,-0.8660254037844387,1,0.7818315,0.6234898,0,138,100,100
2021-05-18 20:00:00+00:00,35.31578947368421,,,26.0,86,0.0,4.3,132,982.6,35.73684210526316,38.0,39.0,36.0,36.1578947368421,36.828947368421055,37.74890350877193,28.599049707602344,0.421052631578955,0.8433789709511665,1.0710123289206608,20,-0.8660254037844386,0.5000000000000001,5,0.49999999999999994,-0.8660254037844387,1,0.7818315,0.6234898,0,138,100,100
2021-05-18 21:00:00+00:00,34.89473684210526,,,25.9,88,0.0,3.6,143,982.5,35.31578947368421,37.5,39.0,37.0,35.73684210526316,36.38157894736842,37.7203947368421,28.670373851294904,0.42105263157895945,0.8091837821853516,1.1272209926263006,21,-0.7071067811865477,0.7071067811865474,5,0.49999999999999994,-0.8660254037844387,1,0.7818315,0.6234898,0,138,100,100
2021-05-18 22:00:00+00:00,34.473684210526315,,,25.5,90,0.0,4.3,175,982.9,34.89473684210526,37.0,39.0,37.0,35.31578947368421,35.94736842105263,37.63267543859649,28.740514480646063,0.4210526315789763,0.7877173445839849,1.2598330906942083,22,-0.5000000000000004,0.8660254037844384,5,0.49999999999999994,-0.8660254037844387,1,0.7818315,0.6234898,0,138,100,100
2021-05-18 23:00:00+00:00,34.05263157894737,,,25.9,88,0.0,4.1,165,983.3,34.473684210526315,36.578947368421055,38.666666666666664,37.0,34.89473684210526,35.526315789473685,37.52741228070175,28.809471595655808,0.4210526315789932,0.7877173445839892,1.411415354513036,23,-0.25881904510252157,0.9659258262890681,5,0.49999999999999994,-0.8660254037844387,1,0.7818315,0.6234898,0,138,100,100
2021-05-19 00:00:00+00:00,33.63157894736842,,,26.6,87,0.0,4.1,195,984.2,34.05263157894737,36.1578947368421,38.333333333333336,37.0,34.47368421052631,35.10526315789473,37.4046052631579,28.877245196324143,0.4210526315790101,0.7877173445839933,1.5777271166215254,0,0.0,1.0,5,0.49999999999999994,-0.8660254037844387,2,0.9749279,-0.22252093,0,139,100,100
2021-05-19 01:00:00+00:00,33.21052631578947,,,28.1,80,0.0,4.7,189,985.0,33.63157894736842,35.73684210526316,38.0,37.333333333333336,34.05263157894736,34.68421052631579,37.26425438596491,28.943835282651072,0.42105263157903583,0.7877173445840006,1.7551339223670177,1,0.25881904510252074,0.9659258262890683,5,0.49999999999999994,-0.8660254037844387,2,0.9749279,-0.22252093,0,139,100,100
2021-05-19 02:00:00+00:00,32.78947368421053,,,29.9,72,0.0,4.4,189,985.5,33.21052631578947,35.31578947368421,38.0,37.666666666666664,33.63157894736842,34.26315789473684,37.092470760233915,29.009241854636592,0.4210526315790616,0.7877173445840048,1.9400929560147493,2,0.49999999999999994,0.8660254037844387,5,0.49999999999999994,-0.8660254037844387,2,0.9749279,-0.22252093,0,139,100,100
2021-05-19 03:00:00+00:00,32.368421052631575,,,31.1,68,0.1,4.7,184,985.6,32.78947368421053,34.89473684210526,37.5,38.0,33.21052631578947,33.84210526315789,36.88925438596491,29.0734649122807,0.4210526315790874,0.7877173445840089,2.1240450848434187,3,0.7071067811865476,0.7071067811865476,5,0.49999999999999994,-0.8660254037844387,2,0.9749279,-0.22252093,0,139,100,100
2021-05-19 04:00:00+00:00,31.94736842105263,,,30.6,69,0.1,5.9,166,985.1,32.368421052631575,34.473684210526315,37.0,39.0,32.78947368421053,33.421052631578945,36.6546052631579,29.13815789473684,0.4210526315791194,0.7877173445840173,2.299799482421416,4,0.8660254037844386,0.5000000000000001,5,0.49999999999999994,-0.8660254037844387,2,0.9749279,-0.22252093,0,139,100,100
2021-05-19 05:00:00+00:00,31.526315789473685,,,31.2,68,0.1,3.7,241,984.0,31.94736842105263,34.05263157894737,36.578947368421055,39.0,32.36842105263158,33.0,36.36074561403509,29.203320802005017,0.42105263157914513,0.7877173445840256,2.4337616665479396,5,0.9659258262890683,0.25881904510252074,5,0.49999999999999994,-0.8660254037844387,2,0.9749279,-0.22252093,0,139,100,100
2021-05-19 06:00:00+00:00,31.105263157894736,,,32.3,65,0.0,3.2,270,982.9,31.526315789473685,33.63157894736842,36.1578947368421,39.0,31.94736842105263,32.57894736842105,36.04934210526316,29.265977443609025,0.42105263157916956,0.787717344584034,2.5564260129091028,6,1.0,6.123233995736766e-17,5,0.49999999999999994,-0.8660254037844387,2,0.9749279,-0.22252093,0,139,100,100
2021-05-19 07:00:00+00:00,30.684210526315788,,,32.2,65,0.5,7.7,217,982.1,31.105263157894736,33.21052631578947,35.73684210526316,39.0,31.526315789473685,32.1578947368421,35.7203947368421,29.326127819548873,0.4210526315791993,0.7877173445840444,2.665828876609965,7,0.9659258262890683,-0.25881904510252063,5,0.49999999999999994,-0.8660254037844387,2,0.9749279,-0.22252093,0,139,100,100
2021-05-19 08:00:00+00:00,30.263157894736842,,,30.4,76,1.2,1.8,217,981.7,30.684210526315788,32.78947368421053,35.31578947368421,39.0,31.105263157894736,31.736842105263154,35.373903508771924,29.383771929824565,0.4210526315792313,0.7877173445840521,2.7597951672461183,8,0.8660254037844387,-0.4999999999999998,5,0.49999999999999994,-0.8660254037844387,2,0.9749279,-0.22252093,0,139,100,100
2021-05-19 09:00:00+00:00,29.842105263157894,,,30.8,76,0.0,1.8,90,981.2,30.263157894736842,32.368421052631575,34.89473684210526,39.0,30.68421052631579,31.31578947368421,35.00986842105263,29.43890977443609,0.42105263157926326,0.7877173445840578,2.835868268879533,9,0.7071067811865476,-0.7071067811865475,5,0.49999999999999994,-0.8660254037844387,2,0.9749279,-0.22252093,0,139,100,100
2021-05-19 10:00:00+00:00,29.421052631578945,,,31.0,75,0.0,2.0,135,980.9,29.842105263157894,31.94736842105263,34.473684210526315,39.0,30.26315789473684,30.89473684210526,34.62828947368421,29.491541353383457,0.42105263157929834,0.7877173445840645,2.8912129956958714,10,0.49999999999999994,-0.8660254037844387,5,0.49999999999999994,-0.8660254037844387,2,0.9749279,-0.22252093,0,139,100,100
2021-05-19 11:00:00+00:00,29.0,1304191.0,1.0,30.5,78,0.0,3.6,135,981.1,29.421052631578945,31.526315789473685,34.05263157894737,38.666666666666664,29.842105263157894,30.473684210526315,34.229166666666664,29.541666666666668,0.42105263157933337,0.7877173445840703,2.92247569061171,11,0.258819045102521,-0.9659258262890682,5,0.49999999999999994,-0.8660254037844387,2,0.9749279,-0.22252093,0,139,100,100
2021-05-19 12:00:00+00:00,28.5,,,29.0,84,0.0,4.1,135,981.1,29.0,31.105263157894736,33.63157894736842,38.333333333333336,29.421052631578945,30.05263157894737,33.82638888888889,29.586309523809526,0.42105263157936534,0.7877173445840738,2.9503068004814024,12,1.2246467991473532e-16,-1.0,5,0.49999999999999994,-0.8660254037844387,2,0.9749279,-0.22252093,0,139,100,100
2021-05-19 13:00:00+00:00,28.0,1304191.0,1.0,29.0,81,0.0,4.4,145,981.5,28.5,30.684210526315788,33.21052631578947,38.0,28.973684210526315,29.61842105263158,33.416666666666664,29.625,0.4610898807355536,0.8091837821854447,2.9798458537271486,13,-0.2588190451025208,-0.9659258262890683,5,0.49999999999999994,-0.8660254037844387,2,0.9749279,-0.22252093,0,139,100,100
2021-05-19 14:00:00+00:00,27.0,1304191.0,1.0,29.0,80,0.0,1.5,284,982.5,28.0,30.263157894736842,32.78947368421053,38.0,28.5,29.17105263157895,33.0,29.654761904761905,0.5000000000004191,0.8433789709512591,3.0100898212951637,14,-0.4999999999999997,-0.8660254037844388,5,0.49999999999999994,-0.8660254037844387,2,0.9749279,-0.22252093,0,139,100,100
2021-05-19 15:00:00+00:00,26.0,1304191.0,1.0,28.3,84,0.0,1.8,11,983.0,27.0,29.842105263157894,32.368421052631575,37.5,27.833333333333332,28.62719298245614,32.541666666666664,29.672619047619047,0.763762615826279,1.0298073760484399,3.052818157584769,15,-0.7071067811865471,-0.7071067811865479,5,0.49999999999999994,-0.8660254037844387,2,0.9749279,-0.22252093,0,139,100,100
2021-05-19 16:00:00+00:00,25.0,1304191.0,1.0,27.1,90,0.0,3.3,77,983.1,26.0,29.421052631578945,31.94736842105263,37.0,27.0,27.98684210526316,32.0625,29.678571428571427,1.0000000000002633,1.2859511499707008,3.1419392159321946,16,-0.8660254037844385,-0.5000000000000004,5,0.49999999999999994,-0.8660254037844387,2,0.9749279,-0.22252093,0,139,100,100
2021-05-19 17:00:00+00:00,24.0,1304191.0,1.0,26.8,92,0.0,4.7,113,982.9,25.0,29.0,31.526315789473685,36.578947368421055,26.0,27.25,31.5625,29.672619047619047,1.0000000000002998,1.5411035007423024,3.274081264044793,17,-0.9659258262890683,-0.25881904510252063,5,0.49999999999999994,-0.8660254037844387,2,0.9749279,-0.22252093,0,139,100,100
2021-05-19 18:00:00+00:00,23.0,1304191.0,1.0,26.0,95,0.0,3.4,288,982.5,24.0,28.5,31.105263157894736,36.1578947368421,25.0,26.416666666666668,31.038377192982455,29.660714285714285,1.0000000000003362,1.7440374613714185,3.4388113194500516,18,-1.0,-1.8369701987210297e-16,5,0.49999999999999994,-0.8660254037844387,2,0.9749279,-0.22252093,0,139,100,100
2021-05-19 19:00:00+00:00,22.0,1304191.0,1.0,26.0,95,0.0,2.3,321,982.2,23.0,28.0,30.684210526315788,35.73684210526316,24.0,25.5,30.49013157894737,29.639455782312925,1.0000000000003726,1.8708286933870277,3.6306486761606003,19,-0.9659258262890684,0.2588190451025203,5,0.49999999999999994,-0.8660254037844387,2,0.9749279,-0.22252093,0,139,100,100
2021-05-19 20:00:00+00:00,21.5,,,25.7,96,0.1,3.7,101,981.9,22.0,27.0,30.263157894736842,35.31578947368421,23.0,24.5,29.917763157894736,29.60884353741497,1.000000000000409,1.8708286933870317,3.8440742305986086,20,-0.8660254037844386,0.5000000000000001,5,0.49999999999999994,-0.8660254037844387,2,0.9749279,-0.22252093,0,139,100,100
2021-05-19 21:00:00+00:00,21.0,1304191.0,1.0,25.5,96,0.0,2.6,106,982.3,21.5,26.0,29.842105263157894,34.89473684210526,22.166666666666668,23.583333333333332,29.342105263157894,29.571853741496597,0.7637626158265479,1.744037461371432,4.030512612084758,21,-0.7071067811865477,0.7071067811865474,5,0.49999999999999994,-0.8660254037844387,2,0.9749279,-0.22252093,0,139,100,100
2021-05-19 22:00:00+00:00,21.0,1304191.0,1.0,25.3,97,0.0,1.3,304,982.7,21.0,25.0,29.421052631578945,34.473684210526315,21.5,22.75,28.76315789473684,29.528486394557824,0.5000000000009247,1.5411035007423275,4.192905060738616,22,-0.5000000000000004,0.8660254037844384,5,0.49999999999999994,-0.8660254037844387,2,0.9749279,-0.22252093,0,139,100,100
2021-05-19 23:00:00+00:00,20.0,1304191.0,1.0,25.3,97,0.0,0.8,117,983.3,21.0,24.0,29.0,34.05263157894737,21.166666666666668,22.083333333333332,28.201754385964914,29.48171768707483,0.28867513459645605,1.2006942436219696,4.295815717526863,23,-0.25881904510252157,0.9659258262890681,5,0.49999999999999994,-0.8660254037844387,2,0.9749279,-0.22252093,0,139,100,100
2021-05-20 00:00:00+00:00,20.0,1304191.0,1.0,26.6,90,0.0,3.4,198,984.3,20.0,23.0,28.5,33.63157894736842,20.666666666666668,21.416666666666668,27.61622807017544,29.425595238095237,0.5773502691904774,1.0206207261597926,4.419573937268624,0,0.0,1.0,5,0.49999999999999994,-0.8660254037844387,3,0.43388373,-0.90096885,0,140,100,100
2021-05-20 01:00:00+00:00,20.0,1304191.0,1.0,28.4,82,0.0,5.2,192,985.1,20.0,22.0,28.0,33.21052631578947,20.333333333333332,20.916666666666668,27.048245614035086,29.366071428571427,0.5773502691904976,0.8010409893800365,4.488296681129224,1,0.25881904510252074,0.9659258262890683,5,0.49999999999999994,-0.8660254037844387,3,0.43388373,-0.90096885,0,140,100,100
2021-05-20 02:00:00+00:00,19.0,1304191.0,1.0,29.8,73,0.2,5.0,201,985.5,20.0,21.5,27.0,32.78947368421053,20.0,20.583333333333332,26.49780701754386,29.30654761904762,1.0150852127553668e-06,0.6645800679127776,4.509714357456801,2,0.49999999999999994,0.8660254037844387,5,0.49999999999999994,-0.8660254037844387,3,0.43388373,-0.90096885,0,140,100,100
2021-05-20 03:00:00+00:00,19.0,1304191.0,1.0,30.5,70,0.3,5.0,210,985.5,19.0,21.0,26.0,32.368421052631575,19.666666666666668,20.166666666666668,25.923245614035086,29.235119047619047,0.5773502691905381,0.7527726527092738,4.551503257400048,3,0.7071067811865476,0.7071067811865476,5,0.49999999999999994,-0.8660254037844387,3,0.43388373,-0.90096885,0,140,100,100
2021-05-20 04:00:00+00:00,19.0,1304191.0,1.0,31.4,66,0.2,5.0,201,984.8,19.0,21.0,25.0,31.94736842105263,19.333333333333332,19.833333333333332,25.36622807017544,29.163690476190474,0.5773502691905584,0.7527726527092768,4.54645959768021,4,0.8660254037844386,0.5000000000000001,5,0.49999999999999994,-0.8660254037844387,3,0.43388373,-0.90096885,0,140,100,100
2021-05-20 05:00:00+00:00,19.0,1304191.0,1.0,32.2,63,0.1,3.7,169,984.1,19.0,20.0,24.0,31.526315789473685,19.0,19.5,24.826754385964914,29.092261904761905,1.0490777303474315e-06,0.5477225575054401,4.499514317110986,5,0.9659258262890683,0.25881904510252074,5,0.49999999999999994,-0.8660254037844387,3,0.43388373,-0.90096885,0,140,100,100
2021-05-20 06:00:00+00:00,19.0,1304191.0,1.0,31.3,66,0.1,1.8,217,983.4,19.0,20.0,23.0,31.105263157894736,19.0,19.333333333333332,24.30482456140351,29.020833333333332,1.0490777303474315e-06,0.516397779494616,4.414297693611618,6,1.0,6.123233995736766e-17,5,0.49999999999999994,-0.8660254037844387,3,0.43388373,-0.90096885,0,140,100,100
2021-05-20 07:00:00+00:00,19.0,1304191.0,1.0,30.0,72,0.3,3.2,243,982.8,19.0,20.0,22.0,30.684210526315788,19.0,19.166666666666668,23.80043859649123,28.949404761904763,1.0490777303474315e-06,0.40824829046423877,4.293412692588205,7,0.9659258262890683,-0.25881904510252063,5,0.49999999999999994,-0.8660254037844387,3,0.43388373,-0.90096885,0,140,100,100
2021-05-20 08:00:00+00:00,19.25,,,30.2,72,0.1,3.2,63,982.1,19.0,19.0,21.5,30.263157894736842,19.0,19.0,23.313596491228072,28.87797619047619,1.0490777303474315e-06,5.569925690718448e-07,4.138564956653113,8,0.8660254037844387,-0.4999999999999998,5,0.49999999999999994,-0.8660254037844387,3,0.43388373,-0.90096885,0,140,100,100
2021-05-20 09:00:00+00:00,19.5,,,30.4,72,0.0,0.8,333,981.8,19.25,19.0,21.0,29.842105263157894,19.083333333333332,19.041666666666668,22.854714912280702,28.810416666666665,0.1443375673011984,0.10206207261748301,3.940316888429066,9,0.7071067811865476,-0.7071067811865475,5,0.49999999999999994,-0.8660254037844387,3,0.43388373,-0.90096885,0,140,100,100
2021-05-20 10:00:00+00:00,19.75,,,30.6,71,0.0,1.8,127,981.5,19.5,19.0,21.0,29.421052631578945,19.25,19.125,22.423793859649123,28.74672619047619,0.25000000000216516,0.2091650066342575,3.7011989391760065,10,0.49999999999999994,-0.8660254037844387,5,0.49999999999999994,-0.8660254037844387,3,0.43388373,-0.90096885,0,140,100,100
2021-05-20 11:00:00+00:00,20.0,1304191.0,1.0,29.9,77,0.0,3.6,180,981.8,19.75,19.0,20.0,29.0,19.5,19.25,22.020833333333332,28.68690476190476,0.25000000000212874,0.31622776601732455,3.4222074196617642,11,0.258819045102521,-0.9659258262890682,5,0.49999999999999994,-0.8660254037844387,3,0.43388373,-0.90096885,0,140,100,100
2021-05-20 12:00:00+00:00,20.0,1304191.0,1.0,29.0,88,0.0,4.0,185,981.1,20.0,19.0,20.0,28.5,19.75,19.416666666666668,21.645833333333332,28.63095238095238,0.2500000000020923,0.408248290464238,3.1023454194284854,12,1.2246467991473532e-16,-1.0,5,0.49999999999999994,-0.8660254037844387,3,0.43388373,-0.90096885,0,140,100,100
2021-05-20 13:00:00+00:00,22.0,1304191.0,1.0,29.5,82,0.0,3.3,174,981.8,20.0,19.0,20.0,28.0,19.916666666666668,19.583333333333332,21.291666666666668,28.577380952380953,0.14433756730098893,0.4082482904642352,2.751152591135174,13,-0.2588190451025208,-0.9659258262890683,5,0.49999999999999994,-0.8660254037844387,3,0.43388373,-0.90096885,0,140,100,100
2021-05-20 14:00:00+00:00,23.0,1304191.0,1.0,29.2,83,0.0,2.7,113,982.4,22.0,19.25,19.0,27.0,20.666666666666668,20.083333333333332,21.041666666666668,28.541666666666668,1.1547005383796767,0.9831920802503261,2.3598391003858263,14,-0.4999999999999997,-0.8660254037844388,5,0.49999999999999994,-0.8660254037844387,3,0.43388373,-0.90096885,0,140,100,100
2021-05-20 15:00:00+00:00,25.0,1304191.0,1.0,27.8,89,0.0,4.5,151,982.9,23.0,19.5,19.0,26.0,21.666666666666668,20.708333333333332,20.875,28.517857142857142,1.5275252316522454,1.435415154813044,2.040353763017706,15,-0.7071067811865471,-0.7071067811865479,5,0.49999999999999994,-0.8660254037844387,3,0.43388373,-0.90096885,0,140,100,100
2021-05-20 16:00:00+00:00,26.0,1304191.0,1.0,27.4,88,0.0,4.5,151,983.4,25.0,19.75,19.0,25.0,23.333333333333332,21.625,20.833333333333332,28.517857142857142,1.527525231652207,2.1080203983833448,1.9388290205725045,16,-0.8660254037844385,-0.5000000000000004,5,0.49999999999999994,-0.8660254037844387,3,0.43388373,-0.90096885,0,140,100,100
2021-05-20 17:00:00+00:00,27.0,,,27.2,84,0.0,5.8,158,983.2,26.0,20.0,19.0,24.0,24.666666666666668,22.666666666666668,20.875,28.529761904761905,1.5275252316521764,2.503331114069197,2.040353763017706,17,-0.9659258262890683,-0.25881904510252063,5,0.49999999999999994,-0.8660254037844387,3,0.43388373,-0.90096885,0,140,100,100
2021-05-20 18:00:00+00:00,28.0,,,26.7,83,0.0,4.4,171,982.8,27.0,20.0,19.0,23.0,26.0,23.833333333333332,21.0,28.553571428571427,1.0000000000003038,2.639444385977267,2.3137114922921698,18,-1.0,-1.8369701987210297e-16,5,0.49999999999999994,-0.8660254037844387,3,0.43388373,-0.90096885,0,140,100,100
2021-05-20 19:00:00+00:00,29.0,1304191.0,1.0,26.5,83,0.0,4.5,151,982.6,28.0,22.0,19.0,22.0,27.0,25.166666666666668,21.208333333333332,28.586309523809526,1.0000000000002673,2.3166067138525888,2.6952722967490366,19,-0.9659258262890684,0.2588190451025203,5,0.49999999999999994,-0.8660254037844387,3,0.43388373,-0.90096885,0,140,100,100
2021-05-20 20:00:00+00:00,29.0,1304191.0,1.0,26.6,84,0.0,8.2,157,982.5,29.0,23.0,19.25,21.5,28.0,26.333333333333332,21.5,28.62797619047619,1.000000000000231,2.1602468994693322,3.128584900280077,20,-0.8660254037844386,0.5000000000000001,5,0.49999999999999994,-0.8660254037844387,3,0.43388373,-0.90096885,0,140,100,100
2021-05-20 21:00:00+00:00,29.6,,,26.7,85,0.2,10.7,160,983.1,29.0,25.0,19.5,21.0,28.666666666666668,27.333333333333332,21.8125,28.669075963718818,0.5773502691899842,1.6329931618555054,3.483072419324711,21,-0.7071067811865477,0.7071067811865474,5,0.49999999999999994,-0.8660254037844387,3,0.43388373,-0.90096885,0,140,100,100
2021-05-20 22:00:00+00:00,30.2,,,26.1,88,0.1,6.1,135,983.3,29.6,26.0,19.75,21.0,29.2,28.099999999999998,22.170833333333334,28.713180272108843,0.34641016151431986,1.3784048752090796,3.82176025533719,22,-0.5000000000000004,0.8660254037844384,5,0.49999999999999994,-0.8660254037844387,3,0.43388373,-0.90096885,0,140,100,100
2021-05-20 23:00:00+00:00,30.8,,,26.0,88,0.0,0.5,315,984.2,30.2,27.0,20.0,20.0,29.599999999999998,28.799999999999997,22.554166666666664,28.76028911564626,0.6000000000002902,1.1454256850621711,4.1467880883009895,23,-0.25881904510252157,0.9659258262890681,5,0.49999999999999994,-0.8660254037844387,3,0.43388373,-0.90096885,0,140,100,100
2021-05-21 00:00:00+00:00,31.4,,,26.6,90,0.4,4.3,204,984.4,30.8,28.0,20.0,20.0,30.2,29.433333333333334,23.004166666666666,28.81040249433107,0.600000000000256,0.9912954487269662,4.433639114440986,0,0.0,1.0,5,0.49999999999999994,-0.8660254037844387,4,-0.43388373,-0.90096885,0,141,100,100
2021-05-21 01:00:00+00:00,32.0,1304191.0,1.0,28.0,85,0.0,4.3,185,985.1,31.4,29.0,22.0,20.0,30.8,30.0,23.479166666666668,28.863520408163264,0.600000000000221,0.9797958971133298,4.700437460368999,1,0.25881904510252074,0.9659258262890683,5,0.49999999999999994,-0.8660254037844387,4,-0.43388373,-0.90096885,0,141,100,100
2021-05-21 02:00:00+00:00,32.09090909090909,,,29.5,77,0.1,3.3,174,985.8,32.0,29.0,23.0,19.0,31.399999999999995,30.5,23.979166666666668,28.919642857142858,0.6000000000001868,1.1224972160322277,4.946076984462683,2,0.49999999999999994,0.8660254037844387,5,0.49999999999999994,-0.8660254037844387,4,-0.43388373,-0.90096885,0,141,100,100
2021-05-21 03:00:00+00:00,32.18181818181818,,,30.7,70,0.2,3.3,186,985.6,32.09090909090909,29.6,25.0,19.0,31.830303030303032,31.015151515151516,24.524621212121215,28.975739538239537,0.37541528887174114,0.9988698848358811,5.092758507358927,3,0.7071067811865476,0.7071067811865476,5,0.49999999999999994,-0.8660254037844387,4,-0.43388373,-0.90096885,0,141,100,100
2021-05-21 04:00:00+00:00,32.27272727272727,,,31.7,65,0.1,4.1,142,984.6,32.18181818181818,30.2,26.0,19.0,32.090909090909086,31.44545454545455,25.073863636363637,29.031810451453307,0.09090909091005857,0.8045120691584229,5.181084174142204,4,0.8660254037844386,0.5000000000000001,5,0.49999999999999994,-0.8660254037844387,4,-0.43388373,-0.90096885,0,141,100,100
2021-05-21 05:00:00+00:00,32.36363636363637,,,31.5,66,0.2,3.3,229,984.1,32.27272727272727,30.8,27.0,19.0,32.18181818181819,31.790909090909093,25.626893939393938,29.08785559678417,0.0909090909100266,0.575045812044992,5.212840174889723,5,0.9659258262890683,0.25881904510252074,5,0.49999999999999994,-0.8660254037844387,4,-0.43388373,-0.90096885,0,141,100,100
2021-05-21 06:00:00+00:00,32.45454545454545,,,31.5,71,0.8,6.0,287,983.0,32.36363636363637,31.4,28.0,19.0,32.27272727272727,32.051515151515154,26.18371212121212,29.143874974232116,0.09090909091000084,0.34409621308119,5.187870558162993,6,1.0,6.123233995736766e-17,5,0.49999999999999994,-0.8660254037844387,4,-0.43388373,-0.90096885,0,141,100,100
2021-05-21 07:00:00+00:00,32.54545454545455,,,33.0,63,0.0,2.5,278,981.7,32.45454545454545,32.0,29.0,19.0,32.36363636363637,32.22727272727273,26.744318181818183,29.19986858379715,0.09090909090996264,0.17007533576263345,5.104120042881504,7,0.9659258262890683,-0.25881904510252063,5,0.49999999999999994,-0.8660254037844387,4,-0.43388373,-0.90096885,0,141,100,100
2021-05-21 08:00:00+00:00,32.63636363636363,,,33.3,60,0.0,6.8,238,981.0,32.54545454545455,32.09090909090909,29.0,19.25,32.45454545454545,32.31818181818182,27.30871212121212,29.25583642547928,0.09090909090992447,0.1700753357626293,4.9573428148722245,8,0.8660254037844387,-0.4999999999999998,5,0.49999999999999994,-0.8660254037844387,4,-0.43388373,-0.90096885,0,141,100,100
2021-05-21 09:00:00+00:00,32.72727272727273,,,33.5,59,0.0,8.2,229,980.5,32.63636363636363,32.18181818181818,29.6,19.5,32.54545454545454,32.40909090909091,27.86647727272727,29.3117784992785,0.09090909090988183,0.17007533576262301,4.7603675484158785,9,0.7071067811865476,-0.7071067811865475,5,0.49999999999999994,-0.8660254037844387,4,-0.43388373,-0.90096885,0,141,100,100
2021-05-21 10:00:00+00:00,32.81818181818182,,,30.3,79,1.5,2.7,157,980.7,32.72727272727273,32.27272727272727,30.2,19.75,32.63636363636363,32.5,28.417613636363637,29.367694805194805,0.09090909090983476,0.17007533576261466,4.508661427752553,10,0.49999999999999994,-0.8660254037844387,5,0.49999999999999994,-0.8660254037844387,4,-0.43388373,-0.90096885,0,141,100,100
2021-05-21 11:00:00+00:00,32.90909090909091,,,28.6,92,0.9,8.3,88,980.9,32.81818181818182,32.36363636363637,30.8,20.0,32.72727272727273,32.59090909090909,28.962121212121215,29.4235853432282,0.09090909090978769,0.1700753357626063,4.1945429931123455,11,0.258819045102521,-0.9659258262890682,5,0.49999999999999994,-0.8660254037844387,4,-0.43388373,-0.90096885,0,141,100,100
2021-05-21 12:00:00+00:00,33.0,,,31.8,61,0.0,2.1,211,980.3,32.90909090909091,32.45454545454545,31.4,20.0,32.81818181818182,32.68181818181818,29.5,29.479450113378686,0.0909090909097344,0.170075335762597,3.804927115692323,12,1.2246467991473532e-16,-1.0,5,0.49999999999999994,-0.8660254037844387,4,-0.43388373,-0.90096885,0,141,100,100
2021-05-21 13:00:00+00:00,33.09090909090909,,,30.1,71,0.0,4.5,151,980.8,33.0,32.54545454545455,32.0,22.0,32.90909090909091,32.77272727272727,30.041666666666668,29.535289115646258,0.09090909090968732,0.1700753357625898,3.2832920350792363,13,-0.2588190451025208,-0.9659258262890683,5,0.49999999999999994,-0.8660254037844387,4,-0.43388373,-0.90096885,0,141,100,100
2021-05-21 14:00:00+00:00,33.18181818181818,,,28.9,75,0.0,4.8,167,981.4,33.09090909090909,32.63636363636363,32.09090909090909,23.0,33.0,32.86363636363637,30.50378787878788,29.59110235003092,0.09090909090964024,0.1700753357625856,2.8547769557779903,14,-0.4999999999999997,-0.8660254037844388,5,0.49999999999999994,-0.8660254037844387,4,-0.43388373,-0.90096885,0,141,100,100
2021-05-21 15:00:00+00:00,33.27272727272727,,,28.5,76,0.0,4.9,163,982.2,33.18181818181818,32.72727272727273,32.18181818181818,25.0,33.09090909090909,32.95454545454546,30.9280303030303,29.64688981653267,0.09090909090958073,0.17007533576257725,2.4136364256665264,15,-0.7071067811865471,-0.7071067811865479,5,0.49999999999999994,-0.8660254037844387,4,-0.43388373,-0.90096885,0,141,100,100
2021-05-21 16:00:00+00:00,33.36363636363637,,,27.9,79,0.0,5.8,173,982.6,33.27272727272727,32.81818181818182,32.27272727272727,26.0,33.18181818181819,33.04545454545454,31.27272727272727,29.70265151515152,0.0909090909095212,0.17007533576256892,2.1006646450900552,16,-0.8660254037844385,-0.5000000000000004,5,0.49999999999999994,-0.8660254037844387,4,-0.43388373,-0.90096885,0,141,100,100
2021-05-21 17:00:00+00:00,33.45454545454545,,,27.1,81,0.0,5.9,166,982.3,33.36363636363637,32.90909090909091,32.36363636363637,27.0,33.27272727272727,33.13636363636363,31.579545454545453,29.758387445887447,0.0909090909094617,0.17007533576256056,1.81545497099384,17,-0.9659258262890683,-0.25881904510252063,5,0.49999999999999994,-0.8660254037844387,4,-0.43388373,-0.90096885,0,141,100,100
2021-05-21 18:00:00+00:00,33.54545454545455,,,26.2,87,0.0,3.7,169,981.9,33.45454545454545,33.0,32.45454545454545,28.0,33.36363636363637,33.22727272727273,31.848484848484848,29.808712121212118,0.09090909090939331,0.17007533576254916,1.5688914970144274,18,-1.0,-1.8369701987210297e-16,5,0.49999999999999994,-0.8660254037844387,4,-0.43388373,-0.90096885,0,141,100,100
2021-05-21 19:00:00+00:00,33.63636363636363,,,26.0,88,0.0,4.1,165,981.5,33.54545454545455,33.09090909090909,32.54545454545455,29.0,33.45454545454545,33.31818181818182,32.07954545454545,29.853625541125542,0.09090909090932492,0.17007533576254194,1.373668629928751,19,-0.9659258262890684,0.2588190451025203,5,0.49999999999999994,-0.8660254037844387,4,-0.43388373,-0.90096885,0,141,100,100
2021-05-21 20:00:00+00:00,33.72727272727273,,,25.7,90,0.0,3.7,119,981.4,33.63636363636363,33.18181818181818,32.63636363636363,29.0,33.54545454545454,33.40909090909091,32.27272727272727,29.89312770562771,0.09090909090925475,0.17007533576253567,1.2413987219745477,20,-0.8660254037844386,0.5000000000000001,5,0.49999999999999994,-0.8660254037844387,4,-0.43388373,-0.90096885,0,141,100,100
2021-05-21 21:00:00+00:00,33.81818181818182,,,25.5,91,0.0,4.0,153,981.4,33.72727272727273,33.27272727272727,32.72727272727273,29.6,33.63636363636363,33.5,32.46969696969697,29.930194805194805,0.09090909090918636,0.1700753357625273,1.0615504923636534,21,-0.7071067811865477,0.7071067811865474,5,0.49999999999999994,-0.8660254037844387,4,-0.43388373,-0.90096885,0,141,100,100
2021-05-21 22:00:00+00:00,33.90909090909091,,,25.4,90,0.0,3.6,180,981.5,33.81818181818182,33.36363636363637,32.81818181818182,30.2,33.72727272727273,33.59090909090909,32.64545454545455,29.964826839826838,0.09090909090911797,0.17007533576251896,0.903142594993335,22,-0.5000000000000004,0.8660254037844384,5,0.49999999999999994,-0.8660254037844387,4,-0.43388373,-0.90096885,0,141,100,100
2021-05-21 23:00:00+00:00,34.0,1304191.0,1.0,25.9,88,0.0,6.6,189,981.9,33.90909090909091,33.45454545454545,32.90909090909091,30.8,33.81818181818182,33.68181818181818,32.800000000000004,30.0,0.09090909090903714,0.17007533576250966,0.7746987174161653,23,-0.25881904510252157,0.9659258262890681,5,0.49999999999999994,-0.8660254037844387,4,-0.43388373,-0.90096885,0,141,100,100
2021-05-22 00:00:00+00:00,34.0,1304191.0,1.0,27.1,85,0.0,5.4,172,983.2,34.0,33.54545454545455,33.0,31.4,33.90909090909091,33.77272727272727,32.93333333333333,30.03373015873016,0.09090909090895631,0.17007533576250244,0.6857864319906628,0,0.0,1.0,5,0.49999999999999994,-0.8660254037844387,5,-0.9749279,-0.22252093,1,142,100,100
2021-05-22 01:00:00+00:00,34.0,1304191.0,1.0,28.6,79,0.0,7.6,185,983.7,34.0,33.63636363636363,33.09090909090909,32.0,33.96969696969697,33.84848484848485,33.041666666666664,30.06547619047619,0.05248638810782091,0.1484539238050945,0.6366341416406162,1,0.25881904510252074,0.9659258262890683,5,0.49999999999999994,-0.8660254037844387,5,-0.9749279,-0.22252093,1,142,100,100
2021-05-22 02:00:00+00:00,34.0,1304191.0,1.0,29.9,72,0.1,6.7,196,984.0,34.0,33.72727272727273,33.18181818181818,32.09090909090909,34.0,33.909090909090914,33.125,30.095238095238095,0.0,0.11499191491527447,0.6251482037719508,2,0.49999999999999994,0.8660254037844387,5,0.49999999999999994,-0.8660254037844387,5,-0.9749279,-0.22252093,1,142,100,100
2021-05-22 03:00:00+00:00,33.0,1304191.0,1.0,30.9,69,0.2,6.9,171,983.9,34.0,33.81818181818182,33.27272727272727,32.18181818181818,34.0,33.95454545454546,33.20454545454545,30.125,0.0,0.07606000241227162,0.6090997580616383,3,0.7071067811865476,0.7071067811865476,5,0.49999999999999994,-0.8660254037844387,5,-0.9749279,-0.22252093,1,142,100,100
2021-05-22 04:00:00+00:00,33.0,,,31.5,67,0.2,6.0,205,983.1,33.0,33.90909090909091,33.36363636363637,32.27272727272727,33.666666666666664,33.81818181818182,33.23863636363637,30.148809523809526,0.5773502691896247,0.40247170220327033,0.5710795672057838,4,0.8660254037844386,0.5000000000000001,5,0.49999999999999994,-0.8660254037844387,5,-0.9749279,-0.22252093,1,142,100,100
2021-05-22 05:00:00+00:00,33.0,1304191.0,1.0,31.6,67,0.2,3.1,339,982.4,33.0,34.0,33.45454545454545,32.36363636363637,33.333333333333336,33.666666666666664,33.2689393939394,30.172619047619047,0.5773502691896247,0.5163977794943455,0.5358033964745558,5,0.9659258262890683,0.25881904510252074,5,0.49999999999999994,-0.8660254037844387,5,-0.9749279,-0.22252093,1,142,100,100
2021-05-22 06:00:00+00:00,33.0,1304191.0,1.0,31.5,67,0.1,3.9,292,981.7,33.0,34.0,33.54545454545455,32.45454545454545,33.0,33.5,33.29545454545455,30.19047619047619,0.0,0.5477225575051953,0.5038479314752812,6,1.0,6.123233995736766e-17,5,0.49999999999999994,-0.8660254037844387,5,-0.9749279,-0.22252093,1,142,100,100
2021-05-22 07:00:00+00:00,33.0,1304191.0,1.0,32.3,65,0.1,2.3,231,980.4,33.0,34.0,33.63636363636363,32.54545454545455,33.0,33.333333333333336,33.31818181818182,30.208333333333332,0.0,0.5163977794943618,0.4757882050841478,7,0.9659258262890683,-0.25881904510252063,5,0.49999999999999994,-0.8660254037844387,5,-0.9749279,-0.22252093,1,142,100,100
2021-05-22 08:00:00+00:00,33.0,,,32.8,62,0.2,7.7,208,979.5,33.0,34.0,33.72727272727273,32.63636363636363,33.0,33.166666666666664,33.33712121212121,30.226190476190474,0.0,0.4082482904639253,0.45215113797766604,8,0.8660254037844387,-0.4999999999999998,5,0.49999999999999994,-0.8660254037844387,5,-0.9749279,-0.22252093,1,142,100,100
2021-05-22 09:00:00+00:00,33.0,1304191.0,1.0,32.0,66,0.0,5.1,231,979.1,33.0,33.0,33.81818181818182,32.72727272727273,33.0,33.0,33.35227272727273,30.24404761904762,0.0,2.4661309229026385e-07,0.43334968689423514,9,0.7071067811865476,-0.7071067811865475,5,0.49999999999999994,-0.8660254037844387,5,-0.9749279,-0.22252093,1,142,100,100
2021-05-22 10:00:00+00:00,32.0,1304191.0,1.0,32.0,66,0.0,2.7,203,978.6,33.0,33.0,33.90909090909091,32.81818181818182,33.0,33.0,33.36363636363637,30.261904761904763,0.0,2.4661309229026385e-07,0.4196057557966752,10,0.49999999999999994,-0.8660254037844387,5,0.49999999999999994,-0.8660254037844387,5,-0.9749279,-0.22252093,1,142,100,100
2021-05-22 11:00:00+00:00,32.0,1304191.0,1.0,31.3,71,0.0,3.1,201,978.9,32.0,33.0,34.0,32.90909090909091,32.666666666666664,32.833333333333336,33.32954545454545,30.273809523809526,0.5773502691896247,0.4082482904639491,0.4927155315603331,11,0.258819045102521,-0.9659258262890682,5,0.49999999999999994,-0.8660254037844387,5,-0.9749279,-0.22252093,1,142,100,100
2021-05-22 12:00:00+00:00,32.0,1304191.0,1.0,29.1,78,0.0,5.1,219,979.3,32.0,33.0,34.0,33.0,32.333333333333336,32.666666666666664,33.291666666666664,30.279761904761905,0.5773502691896247,0.5163977794943984,0.5571726574621533,12,1.2246467991473532e-16,-1.0,5,0.49999999999999994,-0.8660254037844387,5,-0.9749279,-0.22252093,1,142,100,100
2021-05-22 13:00:00+00:00,31.0,1304191.0,1.0,27.6,86,0.0,4.6,72,979.8,32.0,33.0,34.0,33.09090909090909,32.0,32.5,33.25,30.285714285714285,0.0,0.547722557505245,0.6143861617343641,13,-0.2588190451025208,-0.9659258262890683,5,0.49999999999999994,-0.8660254037844387,5,-0.9749279,-0.22252093,1,142,100,100
2021-05-22 14:00:00+00:00,30.0,1304191.0,1.0,27.3,89,0.0,7.3,169,980.9,31.0,33.0,34.0,33.18181818181818,31.666666666666668,32.166666666666664,33.16287878787879,30.285714285714285,0.5773502691896263,0.7527726527091496,0.7671756708868294,14,-0.4999999999999997,-0.8660254037844388,5,0.49999999999999994,-0.8660254037844387,5,-0.9749279,-0.22252093,1,142,100,100
2021-05-22 15:00:00+00:00,29.783333333333335,,,27.0,89,0.0,4.8,153,981.4,30.0,33.0,33.0,33.27272727272727,31.0,31.666666666666668,33.03030303030303,30.279761904761905,1.0000000000000004,1.0327955589887052,1.0025718514913238,15,-0.7071067811865471,-0.7071067811865479,5,0.49999999999999994,-0.8660254037844387,5,-0.9749279,-0.22252093,1,142,100,100
2021-05-22 16:00:00+00:00,29.566666666666666,,,27.6,83,0.0,4.4,189,982.0,29.783333333333335,32.0,33.0,33.36363636363637,30.26111111111111,31.130555555555556,32.88491161616162,30.278472222222224,0.649002082973317,1.0371122657899678,1.1995501345276613,16,-0.8660254037844385,-0.5000000000000004,5,0.49999999999999994,-0.8660254037844387,5,-0.9749279,-0.22252093,1,142,100,100
2021-05-22 17:00:00+00:00,29.35,,,27.4,83,0.3,6.2,126,981.8,29.566666666666666,32.0,33.0,33.45454545454545,29.78333333333333,30.724999999999998,32.726704545454545,30.28184523809524,0.2166666666666736,1.1028120621595554,1.3717021604137383,17,-0.9659258262890683,-0.25881904510252063,5,0.49999999999999994,-0.8660254037844387,5,-0.9749279,-0.22252093,1,142,100,100
2021-05-22 18:00:00+00:00,29.133333333333333,,,26.9,84,0.0,9.0,157,981.5,29.35,32.0,33.0,33.54545454545455,29.566666666666666,30.28333333333333,32.55568181818182,30.28988095238095,0.21666666666667672,1.0174041041352733,1.5243879374561444,18,-1.0,-1.8369701987210297e-16,5,0.49999999999999994,-0.8660254037844387,5,-0.9749279,-0.22252093,1,142,100,100
2021-05-22 19:00:00+00:00,28.916666666666668,,,26.2,88,0.0,9.4,148,981.1,29.133333333333333,31.0,33.0,33.63636363636363,29.350000000000005,29.805555555555554,32.37184343434344,30.29662698412698,0.21666666666667897,0.6605272865646848,1.6598605139926899,19,-0.9659258262890684,0.2588190451025203,5,0.49999999999999994,-0.8660254037844387,5,-0.9749279,-0.22252093,1,142,100,100
2021-05-22 20:00:00+00:00,28.7,,,25.9,89,0.0,5.9,137,981.0,28.916666666666668,30.0,33.0,33.72727272727273,29.133333333333336,29.458333333333332,32.1751893939394,30.302083333333332,0.21666666666667897,0.4053462169007884,1.7788520598845932,20,-0.8660254037844386,0.5000000000000001,5,0.49999999999999994,-0.8660254037844387,5,-0.9749279,-0.22252093,1,142,100,100
2021-05-22 21:00:00+00:00,28.483333333333334,,,25.5,91,0.0,4.3,114,981.2,28.7,29.783333333333335,33.0,33.81818181818182,28.916666666666668,29.241666666666664,31.965719696969696,30.30625,0.21666666666667672,0.4053462169008008,1.8811901219978444,21,-0.7071067811865477,0.7071067811865474,5,0.49999999999999994,-0.8660254037844387,5,-0.9749279,-0.22252093,1,142,100,100
2021-05-22 22:00:00+00:00,28.266666666666666,,,26.0,87,0.0,3.1,159,981.7,28.483333333333334,29.566666666666666,32.0,33.90909090909091,28.7,29.025000000000002,31.74343434343434,30.309126984126983,0.2166666666666736,0.4053462169008112,1.966056464766515,22,-0.5000000000000004,0.8660254037844384,5,0.49999999999999994,-0.8660254037844387,5,-0.9749279,-0.22252093,1,142,100,100
2021-05-22 23:00:00+00:00,28.05,,,25.3,94,0.0,2.9,210,981.8,28.266666666666666,29.35,32.0,34.0,28.48333333333333,28.808333333333334,31.50833333333333,30.310714285714283,0.2166666666666714,0.40534621690082157,2.0320796800535192,23,-0.25881904510252157,0.9659258262890681,5,0.49999999999999994,-0.8660254037844387,5,-0.9749279,-0.22252093,1,142,100,100
2021-05-23 00:00:00+00:00,27.833333333333332,,,27.2,83,0.0,6.1,183,982.5,28.05,29.133333333333333,32.0,34.0,28.266666666666666,28.59166666666667,31.260416666666668,30.311011904761905,0.21666666666666826,0.40534621690083034,2.077326485193508,0,0.0,1.0,5,0.49999999999999994,-0.8660254037844387,6,-0.7818315,0.6234898,1,143,100,100
2021-05-23 01:00:00+00:00,27.616666666666667,,,29.0,76,0.0,5.7,198,983.3,27.833333333333332,28.916666666666668,31.0,34.0,28.05,28.375,31.003472222222218,30.31001984126984,0.21666666666666604,0.4053462169008407,2.104928534288042,1,0.25881904510252074,0.9659258262890683,5,0.49999999999999994,-0.8660254037844387,6,-0.7818315,0.6234898,1,143,100,100
2021-05-23 02:00:00+00:00,27.4,,,30.4,68,0.0,6.4,207,983.9,27.616666666666667,28.7,30.0,34.0,27.833333333333332,28.15833333333333,30.737499999999997,30.307738095238093,0.2166666666666629,0.405346216900849,2.113107529197496,2,0.49999999999999994,0.8660254037844387,5,0.49999999999999994,-0.8660254037844387,6,-0.7818315,0.6234898,1,143,100,100
2021-05-23 03:00:00+00:00,27.183333333333334,,,31.6,62,0.0,5.5,212,983.9,27.4,28.483333333333334,29.783333333333335,33.0,27.616666666666664,27.941666666666666,30.462500000000002,30.304166666666667,0.21666666666666068,0.40534621690085726,2.09948377598002,3,0.7071067811865476,0.7071067811865476,5,0.49999999999999994,-0.8660254037844387,6,-0.7818315,0.6234898,1,143,100,100
2021-05-23 04:00:00+00:00,26.96666666666667,,,33.0,58,0.0,5.4,222,983.3,27.183333333333334,28.266666666666666,29.566666666666666,33.0,27.400000000000002,27.724999999999998,30.220138888888886,30.29930555555556,0.21666666666665757,0.405346216900864,2.1293439780768355,4,0.8660254037844386,0.5000000000000001,5,0.49999999999999994,-0.8660254037844387,6,-0.7818315,0.6234898,1,143,100,100
2021-05-23 05:00:00+00:00,26.75,,,34.0,56,0.0,5.9,223,982.6,26.96666666666667,28.05,29.35,33.0,27.183333333333334,27.508333333333336,29.96875,30.293154761904763,0.21666666666665443,0.40534621690087175,2.142988299701252,5,0.9659258262890683,0.25881904510252074,5,0.49999999999999994,-0.8660254037844387,6,-0.7818315,0.6234898,1,143,100,100
2021-05-23 06:00:00+00:00,26.533333333333335,,,34.8,52,0.0,6.9,186,981.7,26.75,27.833333333333332,29.133333333333333,33.0,26.96666666666667,27.291666666666668,29.708333333333332,30.279761904761905,0.21666666666665757,0.4053462169008801,2.138360245857152,6,1.0,6.123233995736766e-17,5,0.49999999999999994,-0.8660254037844387,6,-0.7818315,0.6234898,1,143,100,100
2021-05-23 07:00:00+00:00,26.316666666666666,,,33.3,56,0.3,4.3,318,980.9,26.533333333333335,27.616666666666667,28.916666666666668,33.0,26.75,27.075000000000003,29.438888888888886,30.265079365079366,0.21666666666665757,0.40534621690088785,2.112824120672326,7,0.9659258262890683,-0.25881904510252063,5,0.49999999999999994,-0.8660254037844387,6,-0.7818315,0.6234898,1,143,100,100
2021-05-23 08:00:00+00:00,26.1,,,31.8,67,0.5,7.6,355,980.4,26.316666666666666,27.4,28.7,33.0,26.53333333333333,26.858333333333334,29.160416666666666,30.255059523809525,0.21666666666665535,0.4053462169008966,2.0629045496965874,8,0.8660254037844387,-0.4999999999999998,5,0.49999999999999994,-0.8660254037844387,6,-0.7818315,0.6234898,1,143,100,100
2021-05-23 09:00:00+00:00,25.883333333333333,,,31.5,68,0.0,6.1,230,979.8,26.1,27.183333333333334,28.483333333333334,33.0,26.316666666666666,26.641666666666666,28.872916666666665,30.24375,0.2166666666666522,0.40534621690090594,1.9838284152514,9,0.7071067811865476,-0.7071067811865475,5,0.49999999999999994,-0.8660254037844387,6,-0.7818315,0.6234898,1,143,100,100
2021-05-23 10:00:00+00:00,25.666666666666668,,,31.1,71,0.0,3.6,217,979.5,25.883333333333333,26.96666666666667,28.266666666666666,32.0,26.099999999999998,26.425,28.57638888888889,30.23115079365079,0.21666666666665,0.4053462169009142,1.8686513560583367,10,0.49999999999999994,-0.8660254037844387,5,0.49999999999999994,-0.8660254037844387,6,-0.7818315,0.6234898,1,143,100,100
2021-05-23 11:00:00+00:00,25.45,,,30.5,74,0.0,4.5,194,980.3,25.666666666666668,26.75,28.05,32.0,25.883333333333336,26.208333333333332,28.3125,30.217261904761905,0.21666666666664686,0.405346216900921,1.8104383994124467,11,0.258819045102521,-0.9659258262890682,5,0.49999999999999994,-0.8660254037844387,6,-0.7818315,0.6234898,1,143,100,100
2021-05-23 12:00:00+00:00,25.233333333333334,,,30.6,72,0.0,5.8,266,979.3,25.45,26.533333333333335,27.833333333333332,32.0,25.666666666666668,25.991666666666664,28.03958333333333,30.20208333333333,0.21666666666664464,0.40534621690092976,1.7219232345268296,12,1.2246467991473532e-16,-1.0,5,0.49999999999999994,-0.8660254037844387,6,-0.7818315,0.6234898,1,143,100,100
2021-05-23 13:00:00+00:00,25.016666666666666,,,30.0,74,0.0,4.7,212,980.4,25.233333333333334,26.316666666666666,27.616666666666667,31.0,25.450000000000003,25.775000000000002,27.757638888888888,30.1796626984127,0.21666666666664153,0.40534621690093803,1.5945255012302417,13,-0.2588190451025208,-0.9659258262890683,5,0.49999999999999994,-0.8660254037844387,6,-0.7818315,0.6234898,1,143,100,100
2021-05-23 14:00:00+00:00,24.8,,,29.7,72,0.0,5.4,180,981.6,25.016666666666666,26.1,27.4,30.0,25.233333333333334,25.558333333333334,27.50833333333333,30.155952380952378,0.2166666666666393,0.40534621690094635,1.5320646925706851,14,-0.4999999999999997,-0.8660254037844388,5,0.49999999999999994,-0.8660254037844387,6,-0.7818315,0.6234898,1,143,100,100
2021-05-23 15:00:00+00:00,24.583333333333336,,,29.5,72,0.0,6.9,171,982.6,24.8,25.883333333333333,27.183333333333334,29.783333333333335,25.016666666666666,25.34166666666667,27.291666666666668,30.142857142857142,0.21666666666663617,0.40534621690095307,1.5320646925706862,15,-0.7071067811865471,-0.7071067811865479,5,0.49999999999999994,-0.8660254037844387,6,-0.7818315,0.6234898,1,143,100,100
2021-05-23 16:00:00+00:00,24.366666666666667,,,29.0,72,0.0,8.1,159,983.0,24.583333333333336,25.666666666666668,26.96666666666667,29.566666666666666,24.8,25.125,27.075000000000003,30.12847222222222,0.21666666666663306,0.40534621690096084,1.5320646925706871,16,-0.8660254037844385,-0.5000000000000004,5,0.49999999999999994,-0.8660254037844387,6,-0.7818315,0.6234898,1,143,100,100
2021-05-23 17:00:00+00:00,24.15,,,28.8,69,0.0,8.2,165,983.0,24.366666666666667,25.45,26.75,29.35,24.583333333333332,24.90833333333333,26.85833333333333,30.11279761904762,0.21666666666663617,0.4053462169009691,1.532064692570688,17,-0.9659258262890683,-0.25881904510252063,5,0.49999999999999994,-0.8660254037844387,6,-0.7818315,0.6234898,1,143,100,100
2021-05-23 18:00:00+00:00,23.933333333333334,,,28.2,71,0.0,7.0,159,982.9,24.15,25.233333333333334,26.533333333333335,29.133333333333333,24.366666666666664,24.691666666666666,26.64166666666667,30.095833333333335,0.2166666666666384,0.4053462169009774,1.5320646925706884,18,-1.0,-1.8369701987210297e-16,5,0.49999999999999994,-0.8660254037844387,6,-0.7818315,0.6234898,1,143,100,100
2021-05-23 19:00:00+00:00,23.71666666666667,,,27.9,73,0.0,6.8,162,982.6,23.933333333333334,25.016666666666666,26.316666666666666,28.916666666666668,24.150000000000002,24.474999999999998,26.424999999999997,30.071626984126986,0.21666666666663617,0.40534621690098416,1.532064692570689,19,-0.9659258262890684,0.2588190451025203,5,0.49999999999999994,-0.8660254037844387,6,-0.7818315,0.6234898,1,143,100,100
2021-05-23 20:00:00+00:00,23.5,,,27.5,75,0.0,7.6,175,982.1,23.71666666666667,24.8,26.1,28.7,23.933333333333334,24.258333333333336,26.208333333333332,30.046130952380953,0.21666666666663306,0.40534621690099193,1.5320646925706884,20,-0.8660254037844386,0.5000000000000001,5,0.49999999999999994,-0.8660254037844387,6,-0.7818315,0.6234898,1,143,100,100
2021-05-23 21:00:00+00:00,23.28333333333333,,,27.0,77,0.0,7.6,175,982.0,23.5,24.583333333333336,25.883333333333333,28.483333333333334,23.71666666666667,24.041666666666668,25.99166666666667,30.019345238095237,0.21666666666663617,0.40534621690100014,1.5320646925706882,21,-0.7071067811865477,0.7071067811865474,5,0.49999999999999994,-0.8660254037844387,6,-0.7818315,0.6234898,1,143,100,100
2021-05-23 22:00:00+00:00,23.066666666666666,,,26.6,79,0.0,8.0,175,982.6,23.28333333333333,24.366666666666667,25.666666666666668,28.266666666666666,23.5,23.825,25.775000000000002,29.991269841269844,0.2166666666666384,0.4053462169010074,1.5320646925706876,22,-0.5000000000000004,0.8660254037844384,5,0.49999999999999994,-0.8660254037844387,6,-0.7818315,0.6234898,1,143,100,100
2021-05-23 23:00:00+00:00,22.85,,,26.3,80,0.0,7.4,166,983.2,23.066666666666666,24.15,25.45,28.05,23.28333333333333,23.608333333333334,25.558333333333337,29.961904761904766,0.21666666666663617,0.40534621690101413,1.5320646925706867,23,-0.25881904510252157,0.9659258262890681,5,0.49999999999999994,-0.8660254037844387,6,-0.7818315,0.6234898,1,143,100,100
2021-05-24 00:00:00+00:00,22.633333333333333,,,27.8,78,0.0,7.2,180,983.7,22.85,23.933333333333334,25.233333333333334,27.833333333333332,23.066666666666663,23.391666666666666,25.34166666666667,29.93125,0.21666666666663306,0.4053462169010219,1.5320646925706856,0,0.0,1.0,5,0.49999999999999994,-0.8660254037844387,0,0.0,1.0,0,144,100,100
2021-05-24 01:00:00+00:00,22.416666666666668,,,29.1,71,0.0,7.2,186,984.5,22.633333333333333,23.71666666666667,25.016666666666666,27.616666666666667,22.849999999999998,23.175,25.125000000000004,29.893353174603174,0.21666666666663617,0.4053462169010302,1.5320646925706842,1,0.25881904510252074,0.9659258262890683,5,0.49999999999999994,-0.8660254037844387,0,0.0,1.0,0,144,100,100
2021-05-24 02:00:00+00:00,22.2,,,30.0,66,0.1,2.2,180,985.4,22.416666666666668,23.5,24.8,27.4,22.633333333333336,22.958333333333332,24.908333333333335,29.854166666666668,0.21666666666663617,0.40534621690103695,1.5320646925706825,2,0.49999999999999994,0.8660254037844387,5,0.49999999999999994,-0.8660254037844387,0,0.0,1.0,0,144,100,100
2021-05-24 03:00:00+00:00,21.983333333333334,,,31.0,62,0.0,1.8,360,985.7,22.2,23.28333333333333,24.583333333333336,27.183333333333334,22.416666666666668,22.741666666666664,24.691666666666663,29.807738095238093,0.21666666666663395,0.4053462169010458,1.5320646925706807,3,0.7071067811865476,0.7071067811865476,5,0.49999999999999994,-0.8660254037844387,0,0.0,1.0,0,144,100,100
2021-05-24 04:00:00+00:00,21.766666666666666,,,31.9,59,0.0,1.5,45,985.2,21.983333333333334,23.066666666666666,24.366666666666667,26.96666666666667,22.2,22.525000000000002,24.474999999999998,29.76001984126984,0.2166666666666308,0.40534621690105505,1.5320646925706785,4,0.8660254037844386,0.5000000000000001,5,0.49999999999999994,-0.8660254037844387,0,0.0,1.0,0,144,100,100
2021-05-24 05:00:00+00:00,21.55,,,33.0,54,0.0,1.0,225,984.3,21.766666666666666,22.85,24.15,26.75,21.98333333333333,22.308333333333337,24.258333333333336,29.711011904761904,0.2166666666666286,0.4053462169010633,1.5320646925706756,5,0.9659258262890683,0.25881904510252074,5,0.49999999999999994,-0.8660254037844387,0,0.0,1.0,0,144,100,100
2021-05-24 06:00:00+00:00,21.333333333333336,,,34.0,51,0.0,2.5,262,982.8,21.55,22.633333333333333,23.933333333333334,26.533333333333335,21.766666666666666,22.09166666666667,24.041666666666668,29.660714285714285,0.21666666666662548,0.4053462169010701,1.532064692570673,6,1.0,6.123233995736766e-17,5,0.49999999999999994,-0.8660254037844387,0,0.0,1.0,0,144,100,100
2021-05-24 07:00:00+00:00,21.116666666666667,,,34.3,50,0.0,2.1,239,981.2,21.333333333333336,22.416666666666668,23.71666666666667,26.316666666666666,21.55,21.875,23.825000000000003,29.60912698412698,0.21666666666662235,0.40534621690107786,1.53206469257067,7,0.9659258262890683,-0.25881904510252063,5,0.49999999999999994,-0.8660254037844387,0,0.0,1.0,0,144,100,100
2021-05-24 08:00:00+00:00,20.9,,,34.2,52,0.1,6.2,234,980.4,21.116666666666667,22.2,23.5,26.1,21.333333333333332,21.658333333333335,23.608333333333334,29.55625,0.21666666666662548,0.40534621690108613,1.5320646925706674,8,0.8660254037844387,-0.4999999999999998,5,0.49999999999999994,-0.8660254037844387,0,0.0,1.0,0,144,100,100
2021-05-24 09:00:00+00:00,20.683333333333334,,,31.6,64,0.3,7.2,252,980.1,20.9,21.983333333333334,23.28333333333333,25.883333333333333,21.11666666666667,21.441666666666666,23.39166666666667,29.502083333333335,0.2166666666666277,0.4053462169010944,1.5320646925706642,9,0.7071067811865476,-0.7071067811865475,5,0.49999999999999994,-0.8660254037844387,0,0.0,1.0,0,144,100,100
2021-05-24 10:00:00+00:00,20.46666666666667,,,32.1,62,0.0,0.5,225,980.4,20.683333333333334,21.766666666666666,23.066666666666666,25.666666666666668,20.9,21.224999999999998,23.174999999999997,29.443650793650797,0.21666666666662548,0.4053462169011011,1.5320646925706611,10,0.49999999999999994,-0.8660254037844387,5,0.49999999999999994,-0.8660254037844387,0,0.0,1.0,0,144,100,100
2021-05-24 11:00:00+00:00,20.25,,,31.0,70,0.0,0.4,180,981.4,20.46666666666667,21.55,22.85,25.45,20.683333333333334,21.008333333333336,22.958333333333332,29.38095238095238,0.21666666666662235,0.4053462169011089,1.5320646925706578,11,0.258819045102521,-0.9659258262890682,5,0.49999999999999994,-0.8660254037844387,0,0.0,1.0,0,144,100,100
2021-05-24 12:00:00+00:00,20.03333333333333,,,29.9,82,0.2,5.1,176,980.8,20.25,21.333333333333336,22.633333333333333,25.233333333333334,20.46666666666667,20.791666666666668,22.74166666666667,29.319940476190474,0.21666666666662548,0.40534621690111716,1.532064692570655,12,1.2246467991473532e-16,-1.0,5,0.49999999999999994,-0.8660254037844387,0,0.0,1.0,0,144,100,100
2021-05-24 13:00:00+00:00,19.816666666666666,,,29.0,79,2.4,9.5,205,982.4,20.03333333333333,21.116666666666667,22.416666666666668,25.016666666666666,20.25,20.575,22.525000000000002,29.26061507936508,0.2166666666666277,0.4053462169011244,1.532064692570652,13,-0.2588190451025208,-0.9659258262890683,5,0.49999999999999994,-0.8660254037844387,0,0.0,1.0,0,144,100,100
2021-05-24 14:00:00+00:00,19.6,,,27.5,82,0.4,8.7,187,983.7,19.816666666666666,20.9,22.2,24.8,20.03333333333333,20.358333333333334,22.308333333333337,29.200000000000003,0.21666666666662548,0.40534621690113115,1.5320646925706487,14,-0.4999999999999997,-0.8660254037844388,5,0.49999999999999994,-0.8660254037844387,0,0.0,1.0,0,144,100,100
2021-05-24 15:00:00+00:00,19.383333333333333,,,26.1,88,1.4,9.2,211,984.9,19.6,20.683333333333334,21.983333333333334,24.583333333333336,19.816666666666666,20.141666666666666,22.09166666666667,29.132142857142856,0.21666666666662235,0.4053462169011389,1.5320646925706454,15,-0.7071067811865471,-0.7071067811865479,5,0.49999999999999994,-0.8660254037844387,0,0.0,1.0,0,144,100,100
2021-05-24 16:00:00+00:00,19.166666666666668,,,25.5,93,0.9,8.5,208,985.8,19.383333333333333,20.46666666666667,21.766666666666666,24.366666666666667,19.599999999999998,19.925,21.875,29.05704365079365,0.21666666666662548,0.4053462169011472,1.5320646925706425,16,-0.8660254037844385,-0.5000000000000004,5,0.49999999999999994,-0.8660254037844387,0,0.0,1.0,0,144,100,100
2021-05-24 17:00:00+00:00,18.950000000000003,,,24.7,99,5.1,10.9,214,985.8,19.166666666666668,20.25,21.55,24.15,19.383333333333336,19.708333333333332,21.65833333333333,28.97470238095238,0.21666666666662548,0.40534621690115397,1.5320646925706392,17,-0.9659258262890683,-0.25881904510252063,5,0.49999999999999994,-0.8660254037844387,0,0.0,1.0,0,144,100,100
2021-05-24 18:00:00+00:00,18.733333333333334,,,24.6,99,11.4,5.0,201,985.1,18.950000000000003,20.03333333333333,21.333333333333336,23.933333333333334,19.166666666666668,19.49166666666667,21.441666666666666,28.885119047619046,0.21666666666662235,0.40534621690116174,1.5320646925706363,18,-1.0,-1.8369701987210297e-16,5,0.49999999999999994,-0.8660254037844387,0,0.0,1.0,0,144,100,100
2021-05-24 19:00:00+00:00,18.516666666666666,,,24.7,99,5.6,1.5,256,984.5,18.733333333333334,19.816666666666666,21.116666666666667,23.71666666666667,18.950000000000003,19.275000000000002,21.225,28.78829365079365,0.21666666666662548,0.405346216901171,1.5320646925706334,19,-0.9659258262890684,0.2588190451025203,5,0.49999999999999994,-0.8660254037844387,0,0.0,1.0,0,144,100,100
2021-05-24 20:00:00+00:00,18.3,,,24.7,100,1.4,1.1,360,983.9,18.516666666666666,19.6,20.9,23.5,18.733333333333334,19.058333333333334,21.008333333333333,28.69017857142857,0.2166666666666277,0.4053462169011793,1.5320646925706305,20,-0.8660254037844386,0.5000000000000001,5,0.49999999999999994,-0.8660254037844387,0,0.0,1.0,0,144,100,100
2021-05-24 21:00:00+00:00,18.083333333333336,,,24.7,100,0.6,1.4,180,984.0,18.3,19.383333333333333,20.683333333333334,23.28333333333333,18.516666666666666,18.84166666666667,20.791666666666668,28.584821428571427,0.21666666666662548,0.40534621690118605,1.5320646925706272,21,-0.7071067811865477,0.7071067811865474,5,0.49999999999999994,-0.8660254037844387,0,0.0,1.0,0,144,100,100
2021-05-24 22:00:00+00:00,17.866666666666667,,,24.6,100,0.5,3.7,101,984.0,18.083333333333336,19.166666666666668,20.46666666666667,23.066666666666666,18.3,18.625,20.575,28.47222222222222,0.21666666666662235,0.4053462169011938,1.532064692570624,22,-0.5000000000000004,0.8660254037844384,5,0.49999999999999994,-0.8660254037844387,0,0.0,1.0,0,144,100,100
2021-05-24 23:00:00+00:00,17.65,,,24.8,100,0.7,3.1,36,984.1,17.866666666666667,18.950000000000003,20.25,22.85,18.083333333333332,18.408333333333335,20.358333333333334,28.35833333333333,0.21666666666662548,0.4053462169012021,1.5320646925706212,23,-0.25881904510252157,0.9659258262890681,5,0.49999999999999994,-0.8660254037844387,0,0.0,1.0,0,144,100,100
2021-05-25 00:00:00+00:00,17.433333333333334,,,24.1,100,0.4,4.5,346,985.4,17.65,18.733333333333334,20.03333333333333,22.633333333333333,17.86666666666667,18.191666666666666,20.14166666666667,28.243154761904766,0.2166666666666277,0.4053462169012093,1.5320646925706183,0,0.0,1.0,5,0.49999999999999994,-0.8660254037844387,1,0.7818315,0.6234898,0,145,100,100
2021-05-25 01:00:00+00:00,17.21666666666667,,,24.6,99,1.9,3.6,354,985.9,17.433333333333334,18.516666666666666,19.816666666666666,22.416666666666668,17.65,17.974999999999998,19.925,28.126686507936512,0.21666666666662548,0.405346216901216,1.532064692570615,1,0.25881904510252074,0.9659258262890683,5,0.49999999999999994,-0.8660254037844387,1,0.7818315,0.6234898,0,145,100,100
2021-05-25 02:00:00+00:00,17.0,1304191.0,1.0,24.8,99,0.9,4.2,329,986.2,17.21666666666667,18.3,19.6,22.2,17.433333333333334,17.758333333333336,19.708333333333332,28.006944444444446,0.21666666666662235,0.4053462169012238,1.5320646925706118,2,0.49999999999999994,0.8660254037844387,5,0.49999999999999994,-0.8660254037844387,1,0.7818315,0.6234898,0,145,100,100
2021-05-25 03:00:00+00:00,16.0,1304191.0,1.0,25.6,91,0.3,2.3,252,986.1,17.0,18.083333333333336,19.383333333333333,21.983333333333334,17.21666666666667,17.541666666666668,19.491666666666667,27.883928571428573,0.21666666666662548,0.4053462169012321,1.5320646925706092,3,0.7071067811865476,0.7071067811865476,5,0.49999999999999994,-0.8660254037844387,1,0.7818315,0.6234898,0,145,100,100
2021-05-25 04:00:00+00:00,16.0,1304191.0,1.0,27.8,79,0.1,2.3,219,985.6,16.0,17.866666666666667,19.166666666666668,21.766666666666666,16.73888888888889,17.194444444444446,19.242361111111112,27.75297619047619,0.6490020829733042,0.6605272865649768,1.5945255012301671,4,0.8660254037844386,0.5000000000000001,5,0.49999999999999994,-0.8660254037844387,1,0.7818315,0.6234898,0,145,100,100
2021-05-25 05:00:00+00:00,15.692307692307692,,,29.8,69,0.1,4.5,194,984.7,16.0,17.65,18.950000000000003,21.55,16.333333333333332,16.883333333333333,19.002083333333335,27.616071428571427,0.5773502691896112,0.7177124153250491,1.6316562855879753,5,0.9659258262890683,0.25881904510252074,5,0.49999999999999994,-0.8660254037844387,1,0.7818315,0.6234898,0,145,100,100
2021-05-25 06:00:00+00:00,15.384615384615385,,,29.3,70,0.3,7.1,204,983.6,15.692307692307692,17.433333333333334,18.733333333333334,21.333333333333336,15.897435897435898,16.557051282051283,18.75801282051282,27.477335164835164,0.17764623667373167,0.7439838699096188,1.6715782294772996,6,1.0,6.123233995736766e-17,5,0.49999999999999994,-0.8660254037844387,1,0.7818315,0.6234898,0,145,100,100
2021-05-25 07:00:00+00:00,15.076923076923077,,,30.0,68,0.0,4.3,185,982.4,15.384615384615385,17.21666666666667,18.516666666666666,21.116666666666667,15.692307692307693,16.21559829059829,18.510149572649574,27.336767399267398,0.30769230769230843,0.7314034210191511,1.7136163494633982,7,0.9659258262890683,-0.25881904510252063,5,0.49999999999999994,-0.8660254037844387,1,0.7818315,0.6234898,0,145,100,100
2021-05-25 08:00:00+00:00,14.76923076923077,,,29.9,69,0.0,1.3,146,981.1,15.076923076923077,17.0,18.3,20.9,15.384615384615385,15.85897435897436,18.25849358974359,27.194368131868128,0.30769230769231,0.6642460987352977,1.7571250981471422,8,0.8660254037844387,-0.4999999999999998,5,0.49999999999999994,-0.8660254037844387,1,0.7818315,0.6234898,0,145,100,100
2021-05-25 09:00:00+00:00,14.461538461538462,,,29.9,69,0.0,2.9,83,980.3,14.76923076923077,16.0,18.083333333333336,20.683333333333334,15.076923076923075,15.487179487179487,18.003044871794874,27.050137362637365,0.3076923076923111,0.5024594344177202,1.8014914089205618,9,0.7071067811865476,-0.7071067811865475,5,0.49999999999999994,-0.8660254037844387,1,0.7818315,0.6234898,0,145,100,100
2021-05-25 10:00:00+00:00,14.153846153846153,,,29.4,73,0.0,4.6,72,980.1,14.461538461538462,16.0,17.866666666666667,20.46666666666667,14.769230769230768,15.230769230769232,17.74380341880342,26.90407509157509,0.30769230769231265,0.5756395979658068,1.8461347881874655,10,0.49999999999999994,-0.8660254037844387,5,0.49999999999999994,-0.8660254037844387,1,0.7818315,0.6234898,0,145,100,100
2021-05-25 11:00:00+00:00,13.846153846153847,,,28.6,82,0.0,3.9,68,980.7,14.153846153846153,15.692307692307692,17.65,20.25,14.461538461538462,14.923076923076922,17.48076923076923,26.75618131868132,0.30769230769231415,0.57563959796582,1.890505285245501,11,0.258819045102521,-0.9659258262890682,5,0.49999999999999994,-0.8660254037844387,1,0.7818315,0.6234898,0,145,100,100
2021-05-25 12:00:00+00:00,13.538461538461538,,,26.9,89,0.0,5.2,56,980.8,13.846153846153847,15.384615384615385,17.433333333333334,20.03333333333333,14.153846153846153,14.615384615384615,17.213942307692307,26.608440170940167,0.30769230769231265,0.5756395979658326,1.9340800166351013,12,1.2246467991473532e-16,-1.0,5,0.49999999999999994,-0.8660254037844387,1,0.7818315,0.6234898,0,145,100,100
2021-05-25 13:00:00+00:00,13.23076923076923,,,27.6,83,0.0,3.4,18,982.2,13.538461538461538,15.076923076923077,17.21666666666667,19.816666666666666,13.846153846153847,14.307692307692307,16.94332264957265,26.46085164835165,0.30769230769231265,0.5756395979658451,1.976358749911025,13,-0.2588190451025208,-0.9659258262890683,5,0.49999999999999994,-0.8660254037844387,1,0.7818315,0.6234898,0,145,100,100
2021-05-25 14:00:00+00:00,12.923076923076923,,,26.8,87,0.0,1.5,256,983.3,13.23076923076923,14.76923076923077,17.0,19.6,13.538461538461538,14.0,16.668910256410257,26.31341575091575,0.30769230769231415,0.5756395979658583,2.0168588907812657,14,-0.4999999999999997,-0.8660254037844388,5,0.49999999999999994,-0.8660254037844387,1,0.7818315,0.6234898,0,145,100,100
2021-05-25 15:00:00+00:00,12.615384615384615,,,26.9,86,0.0,1.1,180,983.8,12.923076923076923,14.461538461538462,16.0,19.383333333333333,13.230769230769232,13.692307692307693,16.39070512820513,26.16414835164835,0.30769230769231265,0.5756395979658704,2.0551100795434163,15,-0.7071067811865471,-0.7071067811865479,5,0.49999999999999994,-0.8660254037844387,1,0.7818315,0.6234898,0,145,100,100
2021-05-25 16:00:00+00:00,12.307692307692308,,,25.8,92,0.0,3.2,153,984.3,12.615384615384615,14.153846153846153,16.0,19.166666666666668,12.923076923076922,13.384615384615385,16.108707264957264,26.016025641025642,0.30769230769231265,0.5756395979658828,2.0906484891712567,16,-0.8660254037844385,-0.5000000000000004,5,0.49999999999999994,-0.8660254037844387,1,0.7818315,0.6234898,0,145,100,100
2021-05-25 17:00:00+00:00,12.0,1304191.0,1.0,25.0,96,0.1,3.6,143,984.2,12.307692307692308,13.846153846153847,15.692307692307692,18.950000000000003,12.615384615384615,13.076923076923078,15.822916666666666,25.86904761904762,0.30769230769231376,0.5756395979658958,2.123010823852079,17,-0.9659258262890683,-0.25881904510252063,5,0.49999999999999994,-0.8660254037844387,1,0.7818315,0.6234898,0,145,100,100
2021-05-25 18:00:00+00:00,12.0,1304191.0,1.0,24.9,97,0.0,4.0,190,983.6,12.0,13.538461538461538,15.384615384615385,18.733333333333334,12.307692307692307,12.769230769230768,15.533333333333333,25.722744360902258,0.30769230769231526,0.5756395979659089,2.151727935954493,18,-1.0,-1.8369701987210297e-16,5,0.49999999999999994,-0.8660254037844387,1,0.7818315,0.6234898,0,145,100,100
2021-05-25 19:00:00+00:00,12.0,,,24.9,96,0.0,0.4,90,983.1,12.0,13.23076923076923,15.076923076923077,18.516666666666666,12.102564102564102,12.512820512820513,15.252777777777778,25.57894736842105,0.17764623667374602,0.5024594344178619,2.1553152892408227,19,-0.9659258262890684,0.2588190451025203,5,0.49999999999999994,-0.8660254037844387,1,0.7818315,0.6234898,0,145,100,100
2021-05-25 20:00:00+00:00,12.0,1304191.0,1.0,24.4,97,0.3,1.8,90,982.8,12.0,12.923076923076923,14.76923076923077,18.3,12.0,12.307692307692307,14.981250000000001,25.437656641604008,0.0,0.38920340432946116,2.1366569629953993,20,-0.8660254037844386,0.5000000000000001,5,0.49999999999999994,-0.8660254037844387,1,0.7818315,0.6234898,0,145,100,100
2021-05-25 21:00:00+00:00,11.75,,,24.1,97,0.4,5.1,94,982.6,12.0,12.615384615384615,14.461538461538462,18.083333333333336,12.0,12.153846153846155,14.71875,25.298872180451127,0.0,0.2574338543197717,2.097845359274548,21,-0.7071067811865477,0.7071067811865474,5,0.49999999999999994,-0.8660254037844387,1,0.7818315,0.6234898,0,145,100,100
2021-05-25 22:00:00+00:00,11.5,,,23.6,99,0.0,2.9,90,982.7,11.75,12.307692307692308,14.153846153846153,17.866666666666667,11.916666666666666,12.009615384615385,14.454861111111112,25.16110588972431,0.14433756729740618,0.17698577484608646,2.0540916509562015,22,-0.5000000000000004,0.8660254037844384,5,0.49999999999999994,-0.8660254037844387,1,0.7818315,0.6234898,0,145,100,100
2021-05-25 23:00:00+00:00,11.25,,,23.8,99,0.0,1.1,198,983.3,11.5,12.0,13.846153846153847,17.65,11.75,11.875,14.189583333333333,25.024357769423556,0.24999999999999978,0.20916500663551382,2.004837406331464,23,-0.25881904510252157,0.9659258262890681,5,0.49999999999999994,-0.8660254037844387,1,0.7818315,0.6234898,0,145,100,100
2021-05-26 00:00:00+00:00,11.0,1304191.0,1.0,24.5,95,0.0,0.4,360,983.8,11.25,12.0,13.538461538461538,17.433333333333334,11.5,11.75,13.922916666666666,24.888627819548873,0.24999999999999978,0.3162277660181666,1.9494210912584415,0,0.0,1.0,5,0.49999999999999994,-0.8660254037844387,2,0.9749279,-0.22252093,0,146,100,100
2021-05-26 01:00:00+00:00,11.0,1304191.0,1.0,26.0,88,0.0,2.8,230,984.5,11.0,12.0,13.23076923076923,17.21666666666667,11.25,11.583333333333334,13.654861111111112,24.753916040100254,0.24999999999999978,0.408248290464902,1.8870439906385967,1,0.25881904510252074,0.9659258262890683,5,0.49999999999999994,-0.8660254037844387,2,0.9749279,-0.22252093,0,146,100,100
2021-05-26 02:00:00+00:00,11.238095238095237,,,27.0,84,0.1,3.5,204,984.8,11.0,12.0,12.923076923076923,17.0,11.083333333333334,11.416666666666666,13.395833333333334,24.621710526315788,0.14433756729740618,0.40824829046491207,1.8016061055742087,2,0.49999999999999994,0.8660254037844387,5,0.49999999999999994,-0.8660254037844387,2,0.9749279,-0.22252093,0,146,100,100
2021-05-26 03:00:00+00:00,11.476190476190476,,,28.4,77,0.1,3.6,217,984.9,11.238095238095237,11.75,12.615384615384615,16.0,11.07936507936508,11.28968253968254,13.155753968253968,24.49342851175558,0.13746434980705327,0.2926409061038412,1.6802632656226006,3,0.7071067811865476,0.7071067811865476,5,0.49999999999999994,-0.8660254037844387,2,0.9749279,-0.22252093,0,146,100,100
2021-05-26 04:00:00+00:00,11.714285714285714,,,29.6,72,0.0,3.6,217,984.4,11.476190476190476,11.5,12.307692307692308,16.0,11.238095238095239,11.244047619047619,12.967261904761905,24.36906999641962,0.23809523809523836,0.21844508227268306,1.5991035886205271,4,0.8660254037844386,0.5000000000000001,5,0.49999999999999994,-0.8660254037844387,2,0.9749279,-0.22252093,0,146,100,100
2021-05-26 05:00:00+00:00,11.952380952380953,,,31.0,65,0.0,5.7,215,983.5,11.714285714285714,11.25,12.0,15.692307692307692,11.476190476190476,11.279761904761905,12.788690476190476,24.248634980307912,0.23809523809523947,0.27804692176647294,1.4806165792807082,5,0.9659258262890683,0.25881904510252074,5,0.49999999999999994,-0.8660254037844387,2,0.9749279,-0.22252093,0,146,100,100
2021-05-26 06:00:00+00:00,12.19047619047619,,,31.8,62,0.0,6.0,205,982.2,11.952380952380953,11.0,12.0,15.384615384615385,11.714285714285714,11.396825396825397,12.632860195360195,24.132123463420456,0.23809523809524102,0.38880789568097196,1.3530450731438826,6,1.0,6.123233995736766e-17,5,0.49999999999999994,-0.8660254037844387,2,0.9749279,-0.22252093,0,146,100,100
2021-05-26 07:00:00+00:00,12.428571428571429,,,32.2,60,0.0,4.1,195,981.0,12.19047619047619,11.0,12.0,15.076923076923077,11.952380952380954,11.595238095238095,12.49977106227106,24.01953544575725,0.23809523809524213,0.44543540318832414,1.2212832538114364,7,0.9659258262890683,-0.25881904510252063,5,0.49999999999999994,-0.8660254037844387,2,0.9749279,-0.22252093,0,146,100,100
2021-05-26 08:00:00+00:00,12.666666666666666,,,31.6,60,0.2,10.2,231,980.1,12.428571428571429,11.238095238095237,12.0,14.76923076923077,12.19047619047619,11.833333333333334,12.389423076923078,23.910870927318296,0.23809523809524366,0.4454354031883094,1.0909981606657884,8,0.8660254037844387,-0.4999999999999998,5,0.49999999999999994,-0.8660254037844387,2,0.9749279,-0.22252093,0,146,100,100
2021-05-26 09:00:00+00:00,12.904761904761905,,,28.2,81,1.2,7.2,267,980.5,12.666666666666666,11.476190476190476,11.75,14.461538461538462,12.428571428571429,12.07142857142857,12.30181623931624,23.80612990810359,0.23809523809524477,0.44543540318829383,0.9692119401875074,9,0.7071067811865476,-0.7071067811865475,5,0.49999999999999994,-0.8660254037844387,2,0.9749279,-0.22252093,0,146,100,100
2021-05-26 10:00:00+00:00,13.142857142857142,,,27.9,86,0.2,4.6,129,980.5,12.904761904761905,11.714285714285714,11.5,14.153846153846153,12.666666666666666,12.30952380952381,12.23695054945055,23.70531238811314,0.23809523809524633,0.44543540318827907,0.8648627201455499,10,0.49999999999999994,-0.8660254037844387,5,0.49999999999999994,-0.8660254037844387,2,0.9749279,-0.22252093,0,146,100,100
2021-05-26 11:00:00+00:00,13.380952380952381,,,27.4,88,0.0,8.2,139,981.6,13.142857142857142,11.952380952380953,11.25,13.846153846153847,12.904761904761903,12.54761904761905,12.194826007326007,23.60841836734694,0.23809523809524744,0.44543540318826325,0.7887056985888292,11,0.258819045102521,-0.9659258262890682,5,0.49999999999999994,-0.8660254037844387,2,0.9749279,-0.22252093,0,146,100,100
2021-05-26 12:00:00+00:00,13.619047619047619,,,26.8,96,0.0,4.4,261,980.7,13.380952380952381,12.19047619047619,11.0,13.538461538461538,13.142857142857144,12.785714285714285,12.175442612942613,23.51544784580499,0.23809523809524896,0.4454354031882477,0.7511816365811766,12,1.2246467991473532e-16,-1.0,5,0.49999999999999994,-0.8660254037844387,2,0.9749279,-0.22252093,0,146,100,100
2021-05-26 13:00:00+00:00,13.857142857142858,,,26.6,95,0.0,3.6,264,981.9,13.619047619047619,12.428571428571429,11.0,13.23076923076923,13.38095238095238,13.023809523809524,12.178800366300367,23.42687074829932,0.23809523809525007,0.4454354031882322,0.7576910810881398,13,-0.2588190451025208,-0.9659258262890683,5,0.49999999999999994,-0.8660254037844387,2,0.9749279,-0.22252093,0,146,100,100
2021-05-26 14:00:00+00:00,14.095238095238095,,,27.3,91,0.0,1.8,90,982.9,13.857142857142858,12.666666666666666,11.238095238095237,12.923076923076923,13.61904761904762,13.261904761904761,12.204899267399268,23.342687074829932,0.23809523809525163,0.44543540318821745,0.8048237768691874,14,-0.4999999999999997,-0.8660254037844388,5,0.49999999999999994,-0.8660254037844387,2,0.9749279,-0.22252093,0,146,100,100
2021-05-26 15:00:00+00:00,14.333333333333334,,,26.5,95,0.0,4.1,128,983.9,14.095238095238095,12.904761904761905,11.476190476190476,12.615384615384615,13.857142857142856,13.5,12.253739316239317,23.265873015873016,0.23809523809525274,0.44543540318820163,0.8821516063566525,15,-0.7071067811865471,-0.7071067811865479,5,0.49999999999999994,-0.8660254037844387,2,0.9749279,-0.22252093,0,146,100,100
2021-05-26 16:00:00+00:00,14.571428571428571,,,26.2,95,0.0,4.5,166,984.1,14.333333333333334,13.142857142857142,11.714285714285714,12.307692307692308,14.095238095238095,13.738095238095239,12.325320512820513,23.196428571428573,0.23809523809525426,0.44543540318818614,0.9773378800374183,16,-0.8660254037844385,-0.5000000000000004,5,0.49999999999999994,-0.8660254037844387,2,0.9749279,-0.22252093,0,146,100,100
2021-05-26 17:00:00+00:00,14.80952380952381,,,26.0,95,0.0,4.7,176,983.6,14.571428571428571,13.380952380952381,11.952380952380953,12.0,14.333333333333334,13.976190476190476,12.419642857142856,23.134353741496597,0.23809523809525537,0.4454354031881706,1.079462917509439,17,-0.9659258262890683,-0.25881904510252063,5,0.49999999999999994,-0.8660254037844387,2,0.9749279,-0.22252093,0,146,100,100
2021-05-26 18:00:00+00:00,15.047619047619047,,,25.6,95,0.0,5.1,184,983.0,14.80952380952381,13.619047619047619,12.19047619047619,12.0,14.571428571428571,14.214285714285715,12.53670634920635,23.079648526077097,0.23809523809525693,0.44543540318815583,1.1796658065301475,18,-1.0,-1.8369701987210297e-16,5,0.49999999999999994,-0.8660254037844387,2,0.9749279,-0.22252093,0,146,100,100
2021-05-26 19:00:00+00:00,15.285714285714285,,,25.4,95,0.0,4.0,185,982.5,15.047619047619047,13.857142857142858,12.428571428571429,12.0,14.80952380952381,14.452380952380954,12.663690476190476,23.032312925170068,0.23809523809525804,0.44543540318814,1.2792098814238804,19,-0.9659258262890684,0.2588190451025203,5,0.49999999999999994,-0.8660254037844387,2,0.9749279,-0.22252093,0,146,100,100
2021-05-26 20:00:00+00:00,15.523809523809524,,,24.9,96,0.0,3.3,221,982.5,15.285714285714285,14.095238095238095,12.666666666666666,12.0,15.047619047619046,14.69047619047619,12.800595238095239,22.992346938775512,0.23809523809525915,0.44543540318812397,1.3771644790529398,20,-0.8660254037844386,0.5000000000000001,5,0.49999999999999994,-0.8660254037844387,2,0.9749279,-0.22252093,0,146,100,100
2021-05-26 21:00:00+00:00,15.761904761904763,,,25.0,96,0.0,1.9,292,982.5,15.523809523809524,14.333333333333334,12.904761904761905,11.75,15.285714285714285,14.928571428571429,12.947420634920634,22.956774376417236,0.2380952380952618,0.4454354031881085,1.4726336158966862,21,-0.7071067811865477,0.7071067811865474,5,0.49999999999999994,-0.8660254037844387,2,0.9749279,-0.22252093,0,146,100,100
2021-05-26 22:00:00+00:00,16.0,,,25.0,96,0.0,0.8,333,982.8,15.761904761904763,14.571428571428571,13.142857142857142,11.5,15.523809523809524,15.166666666666666,13.114583333333334,22.925595238095237,0.23809523809526337,0.44543540318809366,1.5561352424142354,22,-0.5000000000000004,0.8660254037844384,5,0.49999999999999994,-0.8660254037844387,2,0.9749279,-0.22252093,0,146,100,100
2021-05-26 23:00:00+00:00,16.238095238095237,,,24.6,98,0.1,3.3,84,983.4,16.0,14.80952380952381,13.380952380952381,11.25,15.761904761904761,15.404761904761905,13.302083333333334,22.895833333333332,0.23809523809526337,0.44543540318807784,1.622810344563636,23,-0.25881904510252157,0.9659258262890681,5,0.49999999999999994,-0.8660254037844387,2,0.9749279,-0.22252093,0,146,100,100
2021-05-27 00:00:00+00:00,16.476190476190474,,,25.2,93,0.3,2.3,162,984.3,16.238095238095237,15.047619047619047,13.619047619047619,11.0,16.0,15.642857142857144,13.509920634920634,22.8734410430839,0.23809523809526445,0.4454354031880618,1.6673751328691075,0,0.0,1.0,5,0.49999999999999994,-0.8660254037844387,3,0.43388373,-0.90096885,0,147,100,100
2021-05-27 01:00:00+00:00,16.714285714285715,,,26.2,90,0.2,3.2,207,984.9,16.476190476190474,15.285714285714285,13.857142857142858,11.0,16.238095238095237,15.88095238095238,13.738095238095239,22.85246598639456,0.23809523809526603,0.44543540318804575,1.6835875742533928,1,0.25881904510252074,0.9659258262890683,5,0.49999999999999994,-0.8660254037844387,3,0.43388373,-0.90096885,0,147,100,100
2021-05-27 02:00:00+00:00,16.952380952380953,,,27.9,82,0.1,5.0,180,985.3,16.714285714285715,15.523809523809524,14.095238095238095,11.238095238095237,16.476190476190478,16.11904761904762,13.976190476190476,22.83290816326531,0.23809523809526914,0.44543540318803077,1.6835875742533943,2,0.49999999999999994,0.8660254037844387,5,0.49999999999999994,-0.8660254037844387,3,0.43388373,-0.90096885,0,147,100,100
2021-05-27 03:00:00+00:00,17.19047619047619,,,29.4,78,0.2,5.8,184,985.4,16.952380952380953,15.761904761904763,14.333333333333334,11.476190476190476,16.71428571428571,16.357142857142858,14.214285714285714,22.820719954648524,0.23809523809526914,0.4454354031880162,1.683587574253396,3,0.7071067811865476,0.7071067811865476,5,0.49999999999999994,-0.8660254037844387,3,0.43388373,-0.90096885,0,147,100,100
2021-05-27 04:00:00+00:00,17.42857142857143,,,30.7,70,0.2,4.6,198,984.9,17.19047619047619,16.0,14.571428571428571,11.714285714285714,16.952380952380953,16.595238095238095,14.45238095238095,22.809948979591837,0.23809523809526603,0.4454354031880023,1.6835875742533974,4,0.8660254037844386,0.5000000000000001,5,0.49999999999999994,-0.8660254037844387,3,0.43388373,-0.90096885,0,147,100,100
2021-05-27 05:00:00+00:00,17.666666666666668,,,30.8,71,0.2,1.8,191,983.8,17.42857142857143,16.238095238095237,14.80952380952381,11.952380952380953,17.19047619047619,16.833333333333332,14.69047619047619,22.800595238095237,0.23809523809526914,0.4454354031879888,1.683587574253399,5,0.9659258262890683,0.25881904510252074,5,0.49999999999999994,-0.8660254037844387,3,0.43388373,-0.90096885,0,147,100,100
2021-05-27 06:00:00+00:00,17.904761904761905,,,31.4,67,0.0,1.5,315,982.7,17.666666666666668,16.476190476190474,15.047619047619047,12.19047619047619,17.42857142857143,17.07142857142857,14.928571428571429,22.792658730158728,0.23809523809526914,0.4454354031879738,1.6835875742534006,6,1.0,6.123233995736766e-17,5,0.49999999999999994,-0.8660254037844387,3,0.43388373,-0.90096885,0,147,100,100
2021-05-27 07:00:00+00:00,18.142857142857142,,,31.0,68,0.0,3.1,225,982.1,17.904761904761905,16.714285714285715,15.285714285714285,12.428571428571429,17.666666666666668,17.30952380952381,15.166666666666666,22.786139455782312,0.23809523809526603,0.4454354031879588,1.6835875742534019,7,0.9659258262890683,-0.25881904510252063,5,0.49999999999999994,-0.8660254037844387,3,0.43388373,-0.90096885,0,147,100,100
2021-05-27 08:00:00+00:00,18.38095238095238,,,29.2,83,3.5,2.2,189,981.5,18.142857142857142,16.952380952380953,15.523809523809524,12.666666666666666,17.904761904761905,17.547619047619047,15.404761904761905,22.781037414965986,0.23809523809526692,0.44543540318794483,1.6835875742534032,8,0.8660254037844387,-0.4999999999999998,5,0.49999999999999994,-0.8660254037844387,3,0.43388373,-0.90096885,0,147,100,100
2021-05-27 09:00:00+00:00,18.61904761904762,,,28.5,83,0.1,6.4,117,980.9,18.38095238095238,17.19047619047619,15.761904761904763,12.904761904761905,18.142857142857142,17.785714285714285,15.64285714285714,22.775864512471657,0.23809523809526603,0.4454354031879309,1.6835875742534048,9,0.7071067811865476,-0.7071067811865475,5,0.49999999999999994,-0.8660254037844387,3,0.43388373,-0.90096885,0,147,100,100
2021-05-27 10:00:00+00:00,18.857142857142858,,,28.8,82,0.0,4.0,90,981.2,18.61904761904762,17.42857142857143,16.0,13.142857142857142,18.38095238095238,18.023809523809522,15.880952380952381,22.77062074829932,0.23809523809526914,0.44543540318791747,1.6835875742534065,10,0.49999999999999994,-0.8660254037844387,5,0.49999999999999994,-0.8660254037844387,3,0.43388373,-0.90096885,0,147,100,100
2021-05-27 11:00:00+00:00,19.095238095238095,,,27.8,91,0.0,2.4,27,982.0,18.857142857142858,17.666666666666668,16.238095238095237,13.380952380952381,18.61904761904762,18.261904761904763,16.119047619047617,22.76530612244898,0.23809523809526914,0.4454354031879035,1.6835875742534079,11,0.258819045102521,-0.9659258262890682,5,0.49999999999999994,-0.8660254037844387,3,0.43388373,-0.90096885,0,147,100,100
2021-05-27 12:00:00+00:00,19.333333333333336,,,28.6,82,0.0,6.2,170,981.7,19.095238095238095,17.904761904761905,16.476190476190474,13.619047619047619,18.857142857142858,18.5,16.357142857142858,22.759920634920633,0.23809523809526603,0.44543540318788954,1.6835875742534097,12,1.2246467991473532e-16,-1.0,5,0.49999999999999994,-0.8660254037844387,3,0.43388373,-0.90096885,0,147,100,100
2021-05-27 13:00:00+00:00,19.57142857142857,,,28.0,84,0.5,4.4,125,982.8,19.333333333333336,18.142857142857142,16.714285714285715,13.857142857142858,19.0952380952381,18.738095238095237,16.595238095238095,22.75595238095238,0.23809523809526914,0.44543540318787606,1.683587574253411,13,-0.2588190451025208,-0.9659258262890683,5,0.49999999999999994,-0.8660254037844387,3,0.43388373,-0.90096885,0,147,100,100
2021-05-27 14:00:00+00:00,19.80952380952381,,,27.4,87,0.7,6.4,142,983.6,19.57142857142857,18.38095238095238,16.952380952380953,14.095238095238095,19.333333333333332,18.976190476190478,16.833333333333332,22.741496598639454,0.23809523809526825,0.44543540318786,1.6835875742534117,14,-0.4999999999999997,-0.8660254037844388,5,0.49999999999999994,-0.8660254037844387,3,0.43388373,-0.90096885,0,147,100,100
2021-05-27 15:00:00+00:00,20.047619047619047,,,26.2,91,0.7,4.0,180,984.5,19.80952380952381,18.61904761904762,17.19047619047619,14.333333333333334,19.571428571428573,19.214285714285715,17.07142857142857,22.72250566893424,0.23809523809527136,0.445435403187845,1.683587574253412,15,-0.7071067811865471,-0.7071067811865479,5,0.49999999999999994,-0.8660254037844387,3,0.43388373,-0.90096885,0,147,100,100
2021-05-27 16:00:00+00:00,20.285714285714285,,,25.6,98,1.4,2.8,230,985.0,20.047619047619047,18.857142857142858,17.42857142857143,14.571428571428571,19.809523809523807,19.452380952380953,17.30952380952381,22.693027210884356,0.2380952380952767,0.44543540318783104,1.6835875742534125,16,-0.8660254037844385,-0.5000000000000004,5,0.49999999999999994,-0.8660254037844387,3,0.43388373,-0.90096885,0,147,100,100
2021-05-27 17:00:00+00:00,20.523809523809526,,,25.3,98,1.6,1.5,14,985.2,20.285714285714285,19.095238095238095,17.666666666666668,14.80952380952381,20.047619047619047,19.69047619047619,17.547619047619047,22.659013605442176,0.23809523809527983,0.4454354031878171,1.683587574253412,17,-0.9659258262890683,-0.25881904510252063,5,0.49999999999999994,-0.8660254037844387,3,0.43388373,-0.90096885,0,147,100,100
2021-05-27 18:00:00+00:00,20.761904761904763,,,24.9,99,3.0,2.8,320,985.3,20.523809523809526,19.333333333333336,17.904761904761905,15.047619047619047,20.285714285714285,19.928571428571427,17.78571428571429,22.62046485260771,0.23809523809528738,0.4454354031878036,1.6835875742534114,18,-1.0,-1.8369701987210297e-16,5,0.49999999999999994,-0.8660254037844387,3,0.43388373,-0.90096885,0,147,100,100
2021-05-27 19:00:00+00:00,21.0,1304191.0,1.0,24.6,99,1.6,2.1,301,985.0,20.761904761904763,19.57142857142857,18.142857142857142,15.285714285714285,20.523809523809522,20.166666666666668,18.023809523809522,22.577380952380953,0.23809523809529493,0.4454354031877897,1.6835875742534105,19,-0.9659258262890684,0.2588190451025203,5,0.49999999999999994,-0.8660254037844387,3,0.43388373,-0.90096885,0,147,100,100
2021-05-27 20:00:00+00:00,20.0,1304191.0,1.0,24.4,100,1.9,1.1,252,984.8,21.0,19.80952380952381,18.38095238095238,15.523809523809524,20.761904761904763,20.404761904761905,18.261904761904763,22.529761904761905,0.23809523809530247,0.44543540318777464,1.6835875742534088,20,-0.8660254037844386,0.5000000000000001,5,0.49999999999999994,-0.8660254037844387,3,0.43388373,-0.90096885,0,147,100,100
2021-05-27 21:00:00+00:00,20.0,1304191.0,1.0,24.3,100,3.1,1.1,342,984.7,20.0,20.047619047619047,18.61904761904762,15.761904761904763,20.587301587301585,20.436507936507937,18.4484126984127,22.476190476190474,0.5223645292668314,0.39888355152835236,1.6135527670711693,21,-0.7071067811865477,0.7071067811865474,5,0.49999999999999994,-0.8660254037844387,3,0.43388373,-0.90096885,0,147,100,100
2021-05-27 22:00:00+00:00,20.0,1304191.0,1.0,24.2,100,0.9,4.2,59,984.7,20.0,20.285714285714285,18.857142857142858,16.0,20.333333333333332,20.428571428571427,18.625,22.41904761904762,0.5773502691896469,0.4085259159914304,1.5368433585195669,22,-0.5000000000000004,0.8660254037844384,5,0.49999999999999994,-0.8660254037844387,3,0.43388373,-0.90096885,0,147,100,100
2021-05-27 23:00:00+00:00,20.0,1304191.0,1.0,23.9,99,0.4,4.3,90,985.6,20.0,20.523809523809526,19.095238095238095,16.238095238095237,20.0,20.380952380952383,18.791666666666668,22.35833333333333,0.0,0.4436500837661991,1.4544795278832547,23,-0.25881904510252157,0.9659258262890681,5,0.49999999999999994,-0.8660254037844387,3,0.43388373,-0.90096885,0,147,100,100
2021-05-28 00:00:00+00:00,20.0,1304191.0,1.0,24.2,99,0.1,4.2,31,986.1,20.0,20.761904761904763,19.333333333333336,16.476190476190474,20.0,20.293650793650794,18.9484126984127,22.29404761904762,0.0,0.4611104281068738,1.3674225960466702,0,0.0,1.0,5,0.49999999999999994,-0.8660254037844387,4,-0.43388373,-0.90096885,0,148,100,100
2021-05-28 01:00:00+00:00,20.0,,,25.1,94,0.1,2.2,9,986.8,20.0,21.0,19.57142857142857,16.714285714285715,20.0,20.166666666666668,19.095238095238095,22.226190476190474,0.0,0.4082482904643161,1.2765952202646234,1,0.25881904510252074,0.9659258262890683,5,0.49999999999999994,-0.8660254037844387,4,-0.43388373,-0.90096885,0,148,100,100
2021-05-28 02:00:00+00:00,20.0,1304191.0,1.0,26.5,87,0.0,1.9,202,986.9,20.0,20.0,19.80952380952381,16.952380952380953,20.0,20.0,19.232142857142858,22.154761904761905,0.0,6.157624277024246e-07,1.1829003252733221,2,0.49999999999999994,0.8660254037844387,5,0.49999999999999994,-0.8660254037844387,4,-0.43388373,-0.90096885,0,148,100,100
2021-05-28 03:00:00+00:00,19.75,,,27.9,79,0.0,3.3,193,987.1,20.0,20.0,20.047619047619047,17.19047619047619,20.0,20.0,19.359126984126984,22.08279220779221,0.0,6.157624277024246e-07,1.087240506462212,3,0.7071067811865476,0.7071067811865476,5,0.49999999999999994,-0.8660254037844387,4,-0.43388373,-0.90096885,0,148,100,100
2021-05-28 04:00:00+00:00,19.5,,,29.3,75,0.0,0.8,207,986.8,19.75,20.0,20.285714285714285,17.42857142857143,19.916666666666668,19.958333333333332,19.46577380952381,22.008793290043293,0.14433756729740696,0.10206207261783487,0.986096487373603,4,0.8660254037844386,0.5000000000000001,5,0.49999999999999994,-0.8660254037844387,4,-0.43388373,-0.90096885,0,148,100,100
2021-05-28 05:00:00+00:00,19.25,,,30.6,72,0.0,1.6,243,985.9,19.5,20.0,20.523809523809526,17.666666666666668,19.75,19.875,19.552083333333332,21.932765151515152,0.25000000000000044,0.2091650066344416,0.8855624194972473,5,0.9659258262890683,0.25881904510252074,5,0.49999999999999994,-0.8660254037844387,4,-0.43388373,-0.90096885,0,148,100,100
2021-05-28 06:00:00+00:00,19.0,1304191.0,1.0,30.8,70,0.0,3.6,225,984.6,19.25,20.0,20.761904761904763,17.904761904761905,19.5,19.75,19.618055555555554,21.85470779220779,0.25000000000000044,0.3162277660174585,0.7931522329838901,6,1.0,6.123233995736766e-17,5,0.49999999999999994,-0.8660254037844387,4,-0.43388373,-0.90096885,0,148,100,100
2021-05-28 07:00:00+00:00,19.0,,,30.8,68,0.1,6.9,129,983.3,19.0,20.0,21.0,18.142857142857142,19.25,19.583333333333332,19.663690476190478,21.77462121212121,0.25000000000000044,0.4082482904643536,0.7182623088779982,7,0.9659258262890683,-0.25881904510252063,5,0.49999999999999994,-0.8660254037844387,4,-0.43388373,-0.90096885,0,148,100,100
2021-05-28 08:00:00+00:00,19.0,,,30.7,69,0.2,5.2,124,982.6,19.0,20.0,20.0,18.38095238095238,19.083333333333332,19.416666666666668,19.699404761904763,21.693993506493506,0.14433756729740696,0.4082482904643635,0.6581481231346258,8,0.8660254037844387,-0.4999999999999998,5,0.49999999999999994,-0.8660254037844387,4,-0.43388373,-0.90096885,0,148,100,100
2021-05-28 09:00:00+00:00,19.0,1304191.0,1.0,31.0,68,0.0,3.9,146,982.3,19.0,19.75,20.0,18.61904761904762,19.0,19.25,19.725198412698415,21.612824675324674,0.0,0.3162277660174957,0.6149421583861854,9,0.7071067811865476,-0.7071067811865475,5,0.49999999999999994,-0.8660254037844387,4,-0.43388373,-0.90096885,0,148,100,100
2021-05-28 10:00:00+00:00,18.0,1304191.0,1.0,28.9,82,1.7,8.8,189,982.7,19.0,19.5,20.0,18.857142857142858,19.0,19.125,19.741071428571427,21.53111471861472,0.0,0.2091650066345257,0.5895405371610601,10,0.49999999999999994,-0.8660254037844387,5,0.49999999999999994,-0.8660254037844387,4,-0.43388373,-0.90096885,0,148,100,100
2021-05-28 11:00:00+00:00,18.0,1304191.0,1.0,27.5,89,1.5,8.2,151,983.6,18.0,19.25,20.0,19.095238095238095,18.666666666666668,18.875,19.705357142857142,21.442911255411257,0.5773502691896263,0.44017042154196595,0.6663731422733038,11,0.258819045102521,-0.9659258262890682,5,0.49999999999999994,-0.8660254037844387,4,-0.43388373,-0.90096885,0,148,100,100
2021-05-28 12:00:00+00:00,18.0,1304191.0,1.0,27.3,91,1.8,7.2,217,983.7,18.0,19.0,20.0,19.333333333333336,18.333333333333332,18.666666666666668,19.65972222222222,21.354166666666668,0.5773502691896263,0.5163977794947495,0.7430618037952483,12,1.2246467991473532e-16,-1.0,5,0.49999999999999994,-0.8660254037844387,4,-0.43388373,-0.90096885,0,148,100,100
2021-05-28 13:00:00+00:00,18.0,1304191.0,1.0,27.0,93,0.4,6.1,220,984.7,18.0,19.0,20.0,19.57142857142857,18.0,18.5,19.604166666666668,21.264880952380953,0.0,0.5477225575055757,0.8148969924779608,13,-0.2588190451025208,-0.9659258262890683,5,0.49999999999999994,-0.8660254037844387,4,-0.43388373,-0.90096885,0,148,100,100
2021-05-28 14:00:00+00:00,17.5,,,26.6,91,0.0,5.7,198,985.0,18.0,19.0,20.0,19.80952380952381,18.0,18.333333333333332,19.538690476190478,21.175054112554115,0.0,0.5163977794947633,0.8783062070565497,14,-0.4999999999999997,-0.8660254037844388,5,0.49999999999999994,-0.8660254037844387,4,-0.43388373,-0.90096885,0,148,100,100
2021-05-28 15:00:00+00:00,17.0,1304191.0,1.0,26.2,91,0.0,5.5,169,985.6,17.5,19.0,19.75,20.047619047619047,17.833333333333332,18.083333333333332,19.442460317460316,21.081709956709958,0.28867513459481237,0.4915960401255611,0.9691628742648765,15,-0.7071067811865471,-0.7071067811865479,5,0.49999999999999994,-0.8660254037844387,4,-0.43388373,-0.90096885,0,148,100,100
2021-05-28 16:00:00+00:00,16.0,1304191.0,1.0,25.7,93,0.0,4.5,151,985.7,17.0,18.0,19.5,20.285714285714285,17.5,17.75,19.31547619047619,20.984848484848484,0.49999999999999956,0.4183300132676103,1.0797696943887003,16,-0.8660254037844385,-0.5000000000000004,5,0.49999999999999994,-0.8660254037844387,4,-0.43388373,-0.90096885,0,148,100,100
2021-05-28 17:00:00+00:00,16.0,1304191.0,1.0,24.9,99,0.4,4.3,175,985.5,16.0,18.0,19.25,20.523809523809526,16.833333333333332,17.416666666666668,19.136904761904763,20.881493506493506,0.7637626158259726,0.8010409893801691,1.2528484748742774,17,-0.9659258262890683,-0.25881904510252063,5,0.49999999999999994,-0.8660254037844387,4,-0.43388373,-0.90096885,0,148,100,100
2021-05-28 18:00:00+00:00,16.0,,,24.6,99,0.3,2.6,106,985.0,16.0,18.0,19.0,20.761904761904763,16.333333333333332,17.083333333333332,18.9484126984127,20.7775974025974,0.577350269189624,0.9174239296351356,1.369948243985235,18,-1.0,-1.8369701987210297e-16,5,0.49999999999999994,-0.8660254037844387,4,-0.43388373,-0.90096885,0,148,100,100
2021-05-28 19:00:00+00:00,16.0,1304191.0,1.0,24.5,98,0.0,1.8,79,984.5,16.0,18.0,19.0,21.0,16.0,16.75,18.75,20.673160173160174,0.0,0.8803408430832463,1.4389760852467592,19,-0.9659258262890684,0.2588190451025203,5,0.49999999999999994,-0.8660254037844387,4,-0.43388373,-0.90096885,0,148,100,100
2021-05-28 20:00:00+00:00,15.5,,,24.4,99,0.0,1.3,124,984.4,16.0,17.5,19.0,20.0,16.0,16.416666666666668,18.541666666666668,20.56818181818182,0.0,0.6645800679129658,1.4608415283710754,20,-0.8660254037844386,0.5000000000000001,5,0.49999999999999994,-0.8660254037844387,4,-0.43388373,-0.90096885,0,148,100,100
2021-05-28 21:00:00+00:00,15.0,1304191.0,1.0,24.3,99,0.1,2.6,214,984.8,15.5,17.0,19.0,20.0,15.833333333333334,16.083333333333332,18.354166666666668,20.459686147186147,0.28867513459481314,0.49159604012564817,1.5515011431193004,21,-0.7071067811865477,0.7071067811865474,5,0.49999999999999994,-0.8660254037844387,4,-0.43388373,-0.90096885,0,148,100,100
2021-05-28 22:00:00+00:00,14.5,,,24.0,99,0.9,4.0,170,985.0,15.0,16.0,18.0,20.0,15.5,15.75,18.145833333333332,20.347673160173162,0.5000000000000002,0.41833001326771546,1.6532521748427358,22,-0.5000000000000004,0.8660254037844384,5,0.49999999999999994,-0.8660254037844387,4,-0.43388373,-0.90096885,0,148,100,100
2021-05-28 23:00:00+00:00,14.0,1304191.0,1.0,23.8,99,1.4,5.9,128,985.5,14.5,16.0,18.0,20.0,15.0,15.5,17.916666666666668,20.232142857142858,0.5000000000000002,0.6324555320341335,1.7626355431484024,23,-0.25881904510252157,0.9659258262890681,5,0.49999999999999994,-0.8660254037844387,4,-0.43388373,-0.90096885,0,148,100,100
2021-05-29 00:00:00+00:00,13.0,1304191.0,1.0,24.6,99,0.8,3.1,111,985.6,14.0,16.0,18.0,20.0,14.5,15.166666666666666,17.666666666666668,20.113095238095237,0.5000000000000002,0.81649658092809,1.8761469921706393,0,0.0,1.0,5,0.49999999999999994,-0.8660254037844387,5,-0.9749279,-0.22252093,1,149,100,100
2021-05-29 01:00:00+00:00,12.5,,,25.8,97,0.1,2.2,171,986.1,13.0,16.0,18.0,20.0,13.833333333333334,14.666666666666666,17.375,19.988095238095237,0.7637626158259737,1.080123449734929,2.035019495686747,1,0.25881904510252074,0.9659258262890683,5,0.49999999999999994,-0.8660254037844387,5,-0.9749279,-0.22252093,1,149,100,100
2021-05-29 02:00:00+00:00,12.0,1304191.0,1.0,27.0,93,0.3,2.2,189,986.4,12.5,15.5,17.5,20.0,13.166666666666666,14.083333333333334,17.0625,19.860119047619047,0.7637626158259737,1.1583033569265484,2.184742050239802,2,0.49999999999999994,0.8660254037844387,5,0.49999999999999994,-0.8660254037844387,5,-0.9749279,-0.22252093,1,149,100,100
2021-05-29 03:00:00+00:00,12.0,1304191.0,1.0,28.5,81,0.4,4.5,194,986.4,12.0,15.0,17.0,19.75,12.5,13.5,16.729166666666668,19.729166666666668,0.5000000000000002,1.1832159566202074,2.3229907946186783,3,0.7071067811865476,0.7071067811865476,5,0.49999999999999994,-0.8660254037844387,5,-0.9749279,-0.22252093,1,149,100,100
2021-05-29 04:00:00+00:00,12.0,1304191.0,1.0,28.2,84,0.6,2.6,196,985.8,12.0,14.5,16.0,19.5,12.166666666666666,13.0,16.40625,19.604166666666668,0.28867513459481314,1.0488088481704834,2.421386258539216,4,0.8660254037844386,0.5000000000000001,5,0.49999999999999994,-0.8660254037844387,5,-0.9749279,-0.22252093,1,149,100,100
2021-05-29 05:00:00+00:00,12.0,1304191.0,1.0,30.3,71,0.2,5.8,184,985.1,12.0,14.0,16.0,19.25,12.0,12.583333333333334,16.09375,19.479166666666668,0.0,0.8010409893803079,2.4878099544708556,5,0.9659258262890683,0.25881904510252074,5,0.49999999999999994,-0.8660254037844387,5,-0.9749279,-0.22252093,1,149,100,100
2021-05-29 06:00:00+00:00,12.0,,,30.0,68,0.3,11.4,208,984.4,12.0,13.0,16.0,19.0,12.0,12.25,15.791666666666666,19.354166666666668,0.0,0.4183300132679125,2.5277445981788302,6,1.0,6.123233995736766e-17,5,0.49999999999999994,-0.8660254037844387,5,-0.9749279,-0.22252093,1,149,100,100
2021-05-29 07:00:00+00:00,12.0,,,30.4,68,0.1,7.6,205,983.5,12.0,12.5,16.0,19.0,12.0,12.083333333333334,15.5,19.229166666666668,0.0,0.204124145233743,2.545242791869626,7,0.9659258262890683,-0.25881904510252063,5,0.49999999999999994,-0.8660254037844387,5,-0.9749279,-0.22252093,1,149,100,100
2021-05-29 08:00:00+00:00,12.0,1304191.0,1.0,29.6,70,0.3,11.5,212,982.9,12.0,12.0,15.5,19.0,12.0,12.0,15.208333333333334,19.104166666666668,0.0,8.620646942709486e-07,2.5277445981788316,8,0.8660254037844387,-0.4999999999999998,5,0.49999999999999994,-0.8660254037844387,5,-0.9749279,-0.22252093,1,149,100,100
2021-05-29 09:00:00+00:00,12.0,1304191.0,1.0,28.5,81,0.4,4.8,193,982.3,12.0,12.0,15.0,19.0,12.0,12.0,14.916666666666666,18.979166666666668,0.0,8.620646942709486e-07,2.4745077097871766,9,0.7071067811865476,-0.7071067811865475,5,0.49999999999999994,-0.8660254037844387,5,-0.9749279,-0.22252093,1,149,100,100
2021-05-29 10:00:00+00:00,12.0,,,28.5,78,0.2,5.7,145,982.2,12.0,12.0,14.5,18.0,12.0,12.0,14.625,18.854166666666668,0.0,8.620646942709486e-07,2.3831382305871465,10,0.49999999999999994,-0.8660254037844387,5,0.49999999999999994,-0.8660254037844387,5,-0.9749279,-0.22252093,1,149,100,100
2021-05-29 11:00:00+00:00,12.0,1304191.0,1.0,27.7,85,0.3,6.2,159,982.5,12.0,12.0,14.0,18.0,12.0,12.0,14.375,18.735119047619047,0.0,8.620646942709486e-07,2.327762500958516,11,0.258819045102521,-0.9659258262890682,5,0.49999999999999994,-0.8660254037844387,5,-0.9749279,-0.22252093,1,149,100,100
2021-05-29 12:00:00+00:00,12.0,1304191.0,1.0,27.9,79,0.1,6.2,173,982.5,12.0,12.0,13.0,18.0,12.0,12.0,14.125,18.616071428571427,0.0,8.620646942709486e-07,2.2421360157319983,12,1.2246467991473532e-16,-1.0,5,0.49999999999999994,-0.8660254037844387,5,-0.9749279,-0.22252093,1,149,100,100
2021-05-29 13:00:00+00:00,13.0,1304191.0,1.0,27.4,84,0.0,9.3,167,983.5,12.0,12.0,12.5,18.0,12.0,12.0,13.875,18.49702380952381,0.0,8.620646942709486e-07,2.1226009475659287,13,-0.2588190451025208,-0.9659258262890683,5,0.49999999999999994,-0.8660254037844387,5,-0.9749279,-0.22252093,1,149,100,100
2021-05-29 14:00:00+00:00,13.0,,,26.9,85,0.0,8.8,171,984.4,13.0,12.0,12.0,17.5,12.333333333333334,12.166666666666666,13.666666666666666,18.389880952380953,0.5773502691896255,0.40824829046476463,1.9374269504693284,14,-0.4999999999999997,-0.8660254037844388,5,0.49999999999999994,-0.8660254037844387,5,-0.9749279,-0.22252093,1,149,100,100
2021-05-29 15:00:00+00:00,13.0,1304191.0,1.0,26.4,86,0.0,7.3,169,985.0,13.0,12.0,12.0,17.0,12.666666666666666,12.333333333333334,13.479166666666666,18.288690476190474,0.5773502691896255,0.5163977794950285,1.7599355637081953,15,-0.7071067811865471,-0.7071067811865479,5,0.49999999999999994,-0.8660254037844387,5,-0.9749279,-0.22252093,1,149,100,100
2021-05-29 16:00:00+00:00,13.0,1304191.0,1.0,25.9,87,0.0,5.9,166,985.0,13.0,12.0,12.0,16.0,13.0,12.5,13.3125,18.18878968253968,0.0,0.547722557505826,1.5935501792890396,16,-0.8660254037844385,-0.5000000000000004,5,0.49999999999999994,-0.8660254037844387,5,-0.9749279,-0.22252093,1,149,100,100
2021-05-29 17:00:00+00:00,13.0,1304191.0,1.0,25.6,88,0.0,6.4,164,984.8,13.0,12.0,12.0,16.0,13.0,12.666666666666666,13.1875,18.090178571428574,0.0,0.5163977794950161,1.4877214851545273,17,-0.9659258262890683,-0.25881904510252063,5,0.49999999999999994,-0.8660254037844387,5,-0.9749279,-0.22252093,1,149,100,100
2021-05-29 18:00:00+00:00,14.0,1304191.0,1.0,24.9,92,0.0,3.8,163,984.1,13.0,12.0,12.0,16.0,13.0,12.833333333333334,13.0625,17.992857142857144,0.0,0.40824829046473304,1.3618441780234918,18,-1.0,-1.8369701987210297e-16,5,0.49999999999999994,-0.8660254037844387,5,-0.9749279,-0.22252093,1,149,100,100
2021-05-29 19:00:00+00:00,14.0,1304191.0,1.0,24.7,94,0.0,3.6,180,983.7,14.0,13.0,12.0,16.0,13.333333333333334,13.166666666666666,12.979166666666666,17.90277777777778,0.5773502691896255,0.40824829046471844,1.2289901003123482,19,-0.9659258262890684,0.2588190451025203,5,0.49999999999999994,-0.8660254037844387,5,-0.9749279,-0.22252093,1,149,100,100
2021-05-29 20:00:00+00:00,14.0,1304191.0,1.0,24.8,95,0.1,4.8,193,983.9,14.0,13.0,12.0,15.5,13.666666666666666,13.333333333333334,12.895833333333334,17.813988095238095,0.5773502691896255,0.5163977794949923,1.0731826566301952,20,-0.8660254037844386,0.5000000000000001,5,0.49999999999999994,-0.8660254037844387,5,-0.9749279,-0.22252093,1,149,100,100
2021-05-29 21:00:00+00:00,14.0,1304191.0,1.0,24.4,98,1.1,5.7,162,984.1,14.0,13.0,12.0,15.0,14.0,13.5,12.833333333333334,17.726488095238096,0.0,0.5477225575057919,0.951733734533123,21,-0.7071067811865477,0.7071067811865474,5,0.49999999999999994,-0.8660254037844387,5,-0.9749279,-0.22252093,1,149,100,100
2021-05-29 22:00:00+00:00,14.5,,,24.1,99,2.8,5.9,166,984.5,14.0,13.0,12.0,14.5,14.0,13.666666666666666,12.791666666666666,17.640277777777776,0.0,0.5163977794949799,0.8712393305020055,22,-0.5000000000000004,0.8660254037844384,5,0.49999999999999994,-0.8660254037844387,5,-0.9749279,-0.22252093,1,149,100,100
2021-05-29 23:00:00+00:00,15.0,1304191.0,1.0,24.0,98,2.1,3.6,180,984.6,14.5,13.0,12.0,14.0,14.166666666666666,13.916666666666666,12.791666666666666,17.558333333333334,0.28867513459481314,0.4915960401257689,0.8712393305020055,23,-0.25881904510252157,0.9659258262890681,5,0.49999999999999994,-0.8660254037844387,5,-0.9749279,-0.22252093,1,149,100,100
2021-05-30 00:00:00+00:00,15.0,,,24.4,97,0.6,1.9,112,984.8,15.0,14.0,12.0,13.0,14.5,14.25,12.833333333333334,17.480654761904763,0.5000000000000002,0.4183300132678233,0.951733734533123,0,0.0,1.0,5,0.49999999999999994,-0.8660254037844387,6,-0.7818315,0.6234898,1,150,100,100
2021-05-30 01:00:00+00:00,15.0,,,25.5,95,0.0,1.1,90,985.2,15.0,14.0,13.0,12.5,14.833333333333334,14.416666666666666,12.916666666666666,17.404265873015873,0.28867513459481314,0.4915960401257497,1.0494995356651704,1,0.25881904510252074,0.9659258262890683,5,0.49999999999999994,-0.8660254037844387,6,-0.7818315,0.6234898,1,150,100,100
2021-05-30 02:00:00+00:00,15.0,,,26.6,93,0.1,1.6,153,985.5,15.0,14.0,13.0,12.0,15.0,14.583333333333334,13.020833333333334,17.32916666666667,0.0,0.4915960401257437,1.1275132956569276,2,0.49999999999999994,0.8660254037844387,5,0.49999999999999994,-0.8660254037844387,6,-0.7818315,0.6234898,1,150,100,100
2021-05-30 03:00:00+00:00,15.0,,,28.1,86,0.2,3.3,167,985.4,15.0,14.0,13.0,12.0,15.0,14.75,13.145833333333334,17.255357142857143,0.0,0.41833001326780195,1.1747263017643974,3,0.7071067811865476,0.7071067811865476,5,0.49999999999999994,-0.8660254037844387,6,-0.7818315,0.6234898,1,150,100,100
2021-05-30 04:00:00+00:00,15.0,,,29.4,77,0.1,5.7,198,984.8,15.0,14.5,13.0,12.0,15.0,14.916666666666666,13.270833333333334,17.182837301587302,0.0,0.204124145233484,1.2066767755197727,4,0.8660254037844386,0.5000000000000001,5,0.49999999999999994,-0.8660254037844387,6,-0.7818315,0.6234898,1,150,100,100
2021-05-30 05:00:00+00:00,15.0,,,30.2,70,0.0,6.4,196,984.1,15.0,15.0,13.0,12.0,15.0,15.0,13.395833333333334,17.111607142857142,0.0,7.944254713082238e-07,1.2245599623735703,5,0.9659258262890683,0.25881904510252074,5,0.49999999999999994,-0.8660254037844387,6,-0.7818315,0.6234898,1,150,100,100
2021-05-30 06:00:00+00:00,15.0,,,31.1,67,0.1,6.8,177,983.0,15.0,15.0,14.0,12.0,15.0,15.0,13.520833333333334,17.041666666666668,0.0,7.944254713082238e-07,1.228990100312346,6,1.0,6.123233995736766e-17,5,0.49999999999999994,-0.8660254037844387,6,-0.7818315,0.6234898,1,150,100,100
2021-05-30 07:00:00+00:00,15.0,,,30.4,72,0.3,8.7,240,981.8,15.0,15.0,14.0,12.0,15.0,15.0,13.645833333333334,16.973015873015875,0.0,7.944254713082238e-07,1.2201137390550794,7,0.9659258262890683,-0.25881904510252063,5,0.49999999999999994,-0.8660254037844387,6,-0.7818315,0.6234898,1,150,100,100
2021-05-30 08:00:00+00:00,15.0,,,30.7,72,0.0,5.7,252,981.1,15.0,15.0,14.0,12.0,15.0,15.0,13.770833333333334,16.905654761904763,0.0,7.944254713082238e-07,1.1976350488124539,8,0.8660254037844387,-0.4999999999999998,5,0.49999999999999994,-0.8660254037844387,6,-0.7818315,0.6234898,1,150,100,100
2021-05-30 09:00:00+00:00,15.0,,,31.0,68,0.0,4.8,228,980.3,15.0,15.0,14.0,12.0,15.0,15.0,13.895833333333334,16.839583333333334,0.0,7.944254713082238e-07,1.1607640537184452,9,0.7071067811865476,-0.7071067811865475,5,0.49999999999999994,-0.8660254037844387,6,-0.7818315,0.6234898,1,150,100,100
2021-05-30 10:00:00+00:00,15.0,,,30.6,70,0.0,6.3,211,980.4,15.0,15.0,14.5,12.0,15.0,15.0,14.020833333333334,16.774801587301585,0.0,7.944254713082238e-07,1.1080649669642895,10,0.49999999999999994,-0.8660254037844387,5,0.49999999999999994,-0.8660254037844387,6,-0.7818315,0.6234898,1,150,100,100
2021-05-30 11:00:00+00:00,15.0,,,28.1,86,0.9,6.8,177,981.3,15.0,15.0,15.0,12.0,15.0,15.0,14.145833333333334,16.711309523809526,0.0,7.944254713082238e-07,1.0371277924971891,11,0.258819045102521,-0.9659258262890682,5,0.49999999999999994,-0.8660254037844387,6,-0.7818315,0.6234898,1,150,100,100
2021-05-30 12:00:00+00:00,15.0,,,29.6,70,0.4,8.9,194,980.5,15.0,15.0,15.0,12.0,15.0,15.0,14.270833333333334,16.649107142857144,0.0,7.944254713082238e-07,0.9438492725400807,12,1.2246467991473532e-16,-1.0,5,0.49999999999999994,-0.8660254037844387,6,-0.7818315,0.6234898,1,150,100,100
2021-05-30 13:00:00+00:00,15.0,,,28.6,76,0.0,8.0,185,981.0,15.0,15.0,15.0,13.0,15.0,15.0,14.395833333333334,16.588194444444444,0.0,7.944254713082238e-07,0.8206461752342554,13,-0.2588190451025208,-0.9659258262890683,5,0.49999999999999994,-0.8660254037844387,6,-0.7818315,0.6234898,1,150,100,100
2021-05-30 14:00:00+00:00,15.0,,,27.9,79,0.0,7.9,180,981.8,15.0,15.0,15.0,13.0,15.0,15.0,14.479166666666666,16.52857142857143,0.0,7.944254713082238e-07,0.7728992097323378,14,-0.4999999999999997,-0.8660254037844388,5,0.49999999999999994,-0.8660254037844387,6,-0.7818315,0.6234898,1,150,100,100
2021-05-30 15:00:00+00:00,15.0,,,27.2,82,0.0,7.2,174,982.5,15.0,15.0,15.0,13.0,15.0,15.0,14.5625,16.470238095238095,0.0,7.944254713082238e-07,0.7118942886833297,15,-0.7071067811865471,-0.7071067811865479,5,0.49999999999999994,-0.8660254037844387,6,-0.7818315,0.6234898,1,150,100,100
2021-05-30 16:00:00+00:00,15.0,,,26.6,84,0.0,6.5,174,983.1,15.0,15.0,15.0,13.0,15.0,15.0,14.645833333333334,16.413194444444443,0.0,7.944254713082238e-07,0.6338146531059593,16,-0.8660254037844385,-0.5000000000000004,5,0.49999999999999994,-0.8660254037844387,6,-0.7818315,0.6234898,1,150,100,100
2021-05-30 17:00:00+00:00,15.0,,,26.0,87,0.0,5.2,168,982.7,15.0,15.0,15.0,13.0,15.0,15.0,14.729166666666666,16.357440476190476,0.0,7.944254713082238e-07,0.5311833930955701,17,-0.9659258262890683,-0.25881904510252063,5,0.49999999999999994,-0.8660254037844387,6,-0.7818315,0.6234898,1,150,100,100
2021-05-30 18:00:00+00:00,15.0,,,25.5,89,0.0,5.5,157,982.5,15.0,15.0,15.0,14.0,15.0,15.0,14.8125,16.30297619047619,0.0,7.944254713082238e-07,0.38483480363141526,18,-1.0,-1.8369701987210297e-16,5,0.49999999999999994,-0.8660254037844387,6,-0.7818315,0.6234898,1,150,100,100
2021-05-30 19:00:00+00:00,15.0,,,25.2,90,0.2,6.1,135,982.2,15.0,15.0,15.0,14.0,15.0,15.0,14.854166666666666,16.249801587301587,0.0,7.944254713082238e-07,0.3451265258418326,19,-0.9659258262890684,0.2588190451025203,5,0.49999999999999994,-0.8660254037844387,6,-0.7818315,0.6234898,1,150,100,100
2021-05-30 20:00:00+00:00,15.0,,,25.2,91,0.0,6.4,142,981.9,15.0,15.0,15.0,14.0,15.0,15.0,14.895833333333334,16.197916666666668,0.0,7.944254713082238e-07,0.29411498293606075,20,-0.8660254037844386,0.5000000000000001,5,0.49999999999999994,-0.8660254037844387,6,-0.7818315,0.6234898,1,150,100,100
2021-05-30 21:00:00+00:00,15.0,,,25.0,93,0.0,4.3,156,981.9,15.0,15.0,15.0,14.0,15.0,15.0,14.9375,16.147321428571427,0.0,7.944254713082238e-07,0.2242136015711545,21,-0.7071067811865477,0.7071067811865474,5,0.49999999999999994,-0.8660254037844387,6,-0.7818315,0.6234898,1,150,100,100
2021-05-30 22:00:00+00:00,15.0,,,24.8,94,0.0,4.2,160,982.0,15.0,15.0,15.0,14.5,15.0,15.0,14.979166666666666,16.098015873015875,0.0,7.944254713082238e-07,0.10206207261142836,22,-0.5000000000000004,0.8660254037844384,5,0.49999999999999994,-0.8660254037844387,6,-0.7818315,0.6234898,1,150,100,100
2021-05-30 23:00:00+00:00,15.0,,,24.8,94,0.0,4.2,149,982.5,15.0,15.0,15.0,15.0,15.0,15.0,15.0,16.05,0.0,7.944254713082238e-07,0.0,23,-0.25881904510252157,0.9659258262890681,5,0.49999999999999994,-0.8660254037844387,6,-0.7818315,0.6234898,1,150,100,100
2021-05-31 00:00:00+00:00,15.0,1304191.0,1.0,25.6,93,0.0,5.2,164,983.3,15.0,15.0,15.0,15.0,15.0,15.0,15.0,16.00327380952381,0.0,7.944254713082238e-07,0.0,0,0.0,1.0,5,0.49999999999999994,-0.8660254037844387,0,0.0,1.0,0,151,100,100
2021-05-31 01:00:00+00:00,16.0,1304191.0,1.0,26.8,88,0.0,5.8,176,983.9,15.0,15.0,15.0,15.0,15.0,15.0,15.0,15.9578373015873,0.0,7.944254713082238e-07,0.0,1,0.25881904510252074,0.9659258262890683,5,0.49999999999999994,-0.8660254037844387,0,0.0,1.0,0,151,100,100
2021-05-31 02:00:00+00:00,16.0,1304191.0,1.0,28.2,83,0.0,5.2,168,984.1,16.0,15.0,15.0,15.0,15.333333333333334,15.166666666666666,15.041666666666666,15.919642857142858,0.5773502691896255,0.40824829046462857,0.20412414523193156,2,0.49999999999999994,0.8660254037844387,5,0.49999999999999994,-0.8660254037844387,0,0.0,1.0,0,151,100,100
2021-05-31 03:00:00+00:00,16.0,1304191.0,1.0,29.5,76,0.0,7.6,172,984.0,16.0,15.0,15.0,15.0,15.666666666666666,15.333333333333334,15.083333333333334,15.882738095238096,0.5773502691896255,0.5163977794949213,0.2823298512866401,3,0.7071067811865476,0.7071067811865476,5,0.49999999999999994,-0.8660254037844387,0,0.0,1.0,0,151,100,100
2021-05-31 04:00:00+00:00,16.0,,,30.5,70,0.1,9.0,182,983.5,16.0,15.0,15.0,15.0,16.0,15.5,15.125,15.847123015873015,0.0,0.5477225575057248,0.3378319623460885,4,0.8660254037844386,0.5000000000000001,5,0.49999999999999994,-0.8660254037844387,0,0.0,1.0,0,151,100,100
2021-05-31 05:00:00+00:00,16.0,1304191.0,1.0,31.4,71,0.1,7.2,198,982.8,16.0,15.0,15.0,15.0,16.0,15.666666666666666,15.166666666666666,15.81279761904762,0.0,0.5163977794949088,0.38069349381344103,5,0.9659258262890683,0.25881904510252074,5,0.49999999999999994,-0.8660254037844387,0,0.0,1.0,0,151,100,100
2021-05-31 06:00:00+00:00,16.0,1304191.0,1.0,31.8,70,0.5,6.1,208,981.9,16.0,15.0,15.0,15.0,16.0,15.833333333333334,15.208333333333334,15.779761904761905,0.0,0.4082482904645975,0.4148511169990542,6,1.0,6.123233995736766e-17,5,0.49999999999999994,-0.8660254037844387,0,0.0,1.0,0,151,100,100
2021-05-31 07:00:00+00:00,16.0,1304191.0,1.0,32.5,64,0.0,6.7,196,980.6,16.0,16.0,15.0,15.0,16.0,16.0,15.25,15.748015873015872,0.0,7.705643892823145e-07,0.44232586846469246,7,0.9659258262890683,-0.25881904510252063,5,0.49999999999999994,-0.8660254037844387,0,0.0,1.0,0,151,100,100
2021-05-31 08:00:00+00:00,16.0,1304191.0,1.0,31.4,65,0.2,7.6,211,979.9,16.0,16.0,15.0,15.0,16.0,16.0,15.291666666666666,15.717559523809525,0.0,7.705643892823145e-07,0.4643056214875379,8,0.8660254037844387,-0.4999999999999998,5,0.49999999999999994,-0.8660254037844387,0,0.0,1.0,0,151,100,100
2021-05-31 09:00:00+00:00,16.0,,,30.9,71,0.0,2.8,140,979.6,16.0,16.0,15.0,15.0,16.0,16.0,15.333333333333334,15.688392857142858,0.0,7.705643892823145e-07,0.4815434123430785,9,0.7071067811865476,-0.7071067811865475,5,0.49999999999999994,-0.8660254037844387,0,0.0,1.0,0,151,100,100
2021-05-31 10:00:00+00:00,16.0,1304191.0,1.0,29.0,90,1.4,2.6,214,980.0,16.0,16.0,15.0,15.0,16.0,16.0,15.375,15.660515873015873,0.0,7.705643892823145e-07,0.4945353550468424,10,0.49999999999999994,-0.8660254037844387,5,0.49999999999999994,-0.8660254037844387,0,0.0,1.0,0,151,100,100
2021-05-31 11:00:00+00:00,16.0,1304191.0,1.0,27.5,89,1.7,5.6,45,980.6,16.0,16.0,15.0,15.0,16.0,16.0,15.416666666666666,15.633928571428571,0.0,7.705643892823145e-07,0.5036101551853375,11,0.258819045102521,-0.9659258262890682,5,0.49999999999999994,-0.8660254037844387,0,0.0,1.0,0,151,100,100
2021-05-31 12:00:00+00:00,16.0,,,28.2,90,0.0,5.2,344,980.2,16.0,16.0,15.0,15.0,16.0,16.0,15.458333333333334,15.608630952380953,0.0,7.705643892823145e-07,0.5089773777040547,12,1.2246467991473532e-16,-1.0,5,0.49999999999999994,-0.8660254037844387,0,0.0,1.0,0,151,100,100
2021-05-31 13:00:00+00:00,16.0,1304191.0,1.0,27.5,93,0.0,3.3,347,981.2,16.0,16.0,16.0,15.0,16.0,16.0,15.5,15.584623015873015,0.0,7.705643892823145e-07,0.5107539184552529,13,-0.2588190451025208,-0.9659258262890683,5,0.49999999999999994,-0.8660254037844387,0,0.0,1.0,0,151,100,100
2021-05-31 14:00:00+00:00,16.0,1304191.0,1.0,27.5,91,0.1,4.3,24,982.1,16.0,16.0,16.0,15.0,16.0,16.0,15.541666666666666,15.561904761904762,0.0,7.705643892823145e-07,0.5089773777040558,14,-0.4999999999999997,-0.8660254037844388,5,0.49999999999999994,-0.8660254037844387,0,0.0,1.0,0,151,100,100
2021-05-31 15:00:00+00:00,15.5,,,27.0,93,0.0,3.5,66,982.5,16.0,16.0,16.0,15.0,16.0,16.0,15.583333333333334,15.540476190476191,0.0,7.705643892823145e-07,0.5036101551853397,15,-0.7071067811865471,-0.7071067811865479,5,0.49999999999999994,-0.8660254037844387,0,0.0,1.0,0,151,100,100
2021-05-31 16:00:00+00:00,15.0,1304191.0,1.0,27.1,91,0.0,2.7,67,983.0,15.5,16.0,16.0,15.0,15.833333333333334,15.916666666666666,15.604166666666666,15.51736111111111,0.28867513459481314,0.20412414523339334,0.48854635013669795,16,-0.8660254037844385,-0.5000000000000004,5,0.49999999999999994,-0.8660254037844387,0,0.0,1.0,0,151,100,100
2021-05-31 17:00:00+00:00,15.0,1304191.0,1.0,27.4,89,0.0,2.6,106,982.9,15.0,16.0,16.0,15.0,15.5,15.75,15.604166666666666,15.492559523809524,0.5000000000000002,0.4183300132677581,0.48854635013669795,17,-0.9659258262890683,-0.25881904510252063,5,0.49999999999999994,-0.8660254037844387,0,0.0,1.0,0,151,100,100
2021-05-31 18:00:00+00:00,15.0,,,26.4,94,0.4,3.9,124,982.8,15.0,16.0,16.0,15.0,15.166666666666666,15.583333333333334,15.604166666666666,15.46904761904762,0.28867513459481314,0.49159604012570635,0.48854635013669795,18,-1.0,-1.8369701987210297e-16,5,0.49999999999999994,-0.8660254037844387,0,0.0,1.0,0,151,100,100
2021-05-31 19:00:00+00:00,15.0,1304191.0,1.0,25.4,94,1.2,4.0,100,982.7,15.0,16.0,16.0,15.0,15.0,15.416666666666666,15.604166666666666,15.446825396825396,0.0,0.4915960401257124,0.48854635013669795,19,-0.9659258262890684,0.2588190451025203,5,0.49999999999999994,-0.8660254037844387,0,0.0,1.0,0,151,100,100
2021-05-31 20:00:00+00:00,15.0,1304191.0,1.0,24.8,96,0.1,3.2,63,982.5,15.0,16.0,16.0,15.0,15.0,15.25,15.604166666666666,15.425892857142859,0.0,0.4183300132677795,0.48854635013669795,20,-0.8660254037844386,0.5000000000000001,5,0.49999999999999994,-0.8660254037844387,0,0.0,1.0,0,151,100,100
2021-05-31 21:00:00+00:00,15.0,1304191.0,1.0,24.5,96,0.0,3.7,61,982.6,15.0,15.5,16.0,15.0,15.0,15.083333333333334,15.604166666666666,15.40625,0.0,0.2041241452334673,0.48854635013669795,21,-0.7071067811865477,0.7071067811865474,5,0.49999999999999994,-0.8660254037844387,0,0.0,1.0,0,151,100,100
2021-05-31 22:00:00+00:00,15.0,,,24.0,98,0.0,3.1,36,982.7,15.0,15.0,16.0,15.0,15.0,15.0,15.604166666666666,15.387896825396824,0.0,7.93894237266261e-07,0.48854635013669795,22,-0.5000000000000004,0.8660254037844384,5,0.49999999999999994,-0.8660254037844387,0,0.0,1.0,0,151,100,100
2021-05-31 23:00:00+00:00,15.0,1304191.0,1.0,24.2,99,0.0,1.6,27,982.9,15.0,15.0,16.0,15.0,15.0,15.0,15.604166666666666,15.370833333333334,0.0,7.93894237266261e-07,0.48854635013669795,23,-0.25881904510252157,0.9659258262890681,5,0.49999999999999994,-0.8660254037844387,0,0.0,1.0,0,151,100,100
2021-06-01 00:00:00+00:00,15.2,,,26.2,93,0.0,4.1,195,983.4,15.0,15.0,16.0,15.0,15.0,15.0,15.604166666666666,15.355059523809524,0.0,7.93894237266261e-07,0.48854635013669795,0,0.0,1.0,6,1.2246467991473532e-16,-1.0,1,0.7818315,0.6234898,0,152,100,100
2021-06-01 01:00:00+00:00,15.4,,,28.0,85,0.0,5.8,202,984.0,15.2,15.0,16.0,16.0,15.066666666666668,15.033333333333333,15.612499999999999,15.341765873015872,0.11547005383792475,0.081649658096624,0.4794131376190522,1,0.25881904510252074,0.9659258262890683,6,1.2246467991473532e-16,-1.0,1,0.7818315,0.6234898,0,152,100,100
2021-06-01 02:00:00+00:00,15.6,,,29.2,78,0.0,4.8,193,984.3,15.4,15.0,16.0,16.0,15.200000000000001,15.1,15.5875,15.33095238095238,0.2000000000000004,0.16733200530868708,0.47394046589988104,2,0.49999999999999994,0.8660254037844387,6,1.2246467991473532e-16,-1.0,1,0.7818315,0.6234898,0,152,100,100
2021-06-01 03:00:00+00:00,15.8,,,30.5,69,0.0,6.0,205,984.4,15.6,15.0,15.5,16.0,15.4,15.200000000000001,15.570833333333333,15.322619047619046,0.2000000000000015,0.25298221281470107,0.46576647131057675,3,0.7071067811865476,0.7071067811865476,6,1.2246467991473532e-16,-1.0,1,0.7818315,0.6234898,0,152,100,100
2021-06-01 04:00:00+00:00,16.0,,,31.8,62,0.1,7.4,194,983.8,15.8,15.0,15.0,16.0,15.6,15.333333333333334,15.5625,15.321428571428571,0.20000000000000306,0.3265986323720366,0.4595011472758592,4,0.8660254037844386,0.5000000000000001,6,1.2246467991473532e-16,-1.0,1,0.7818315,0.6234898,0,152,100,100
2021-06-01 05:00:00+00:00,16.2,,,32.8,57,0.0,8.6,182,983.3,16.0,15.0,15.0,16.0,15.800000000000002,15.5,15.5625,15.321428571428571,0.20000000000000417,0.3741657386782121,0.4595011472758592,5,0.9659258262890683,0.25881904510252074,6,1.2246467991473532e-16,-1.0,1,0.7818315,0.6234898,0,152,100,100
2021-06-01 06:00:00+00:00,16.4,,,33.7,52,0.0,9.8,188,982.2,16.2,15.2,15.0,16.0,16.0,15.700000000000001,15.570833333333333,15.32445054945055,0.20000000000000528,0.37416573867820285,0.46948553403344767,6,1.0,6.123233995736766e-17,6,1.2246467991473532e-16,-1.0,1,0.7818315,0.6234898,0,152,100,100
2021-06-01 07:00:00+00:00,16.6,,,34.0,50,0.0,12.8,202,981.2,16.4,15.4,15.0,16.0,16.2,15.899999999999999,15.5875,15.330494505494507,0.20000000000000687,0.3741657386781935,0.4919460026925947,7,0.9659258262890683,-0.25881904510252063,6,1.2246467991473532e-16,-1.0,1,0.7818315,0.6234898,0,152,100,100
2021-06-01 08:00:00+00:00,16.8,,,34.2,50,0.0,11.0,212,980.3,16.6,15.6,15.0,16.0,16.4,16.1,15.612499999999999,15.339560439560438,0.20000000000000995,0.37416573867818625,0.5277618863613188,8,0.8660254037844387,-0.4999999999999998,6,1.2246467991473532e-16,-1.0,1,0.7818315,0.6234898,0,152,100,100
2021-06-01 09:00:00+00:00,17.0,,,33.7,52,0.0,11.2,195,979.7,16.8,15.8,15.0,16.0,16.599999999999998,16.3,15.645833333333334,15.35164835164835,0.20000000000000995,0.37416573867817904,0.576329590687009,9,0.7071067811865476,-0.7071067811865475,6,1.2246467991473532e-16,-1.0,1,0.7818315,0.6234898,0,152,100,100
2021-06-01 10:00:00+00:00,17.2,,,32.3,61,0.0,12.2,182,979.6,17.0,16.0,15.0,16.0,16.8,16.5,15.6875,15.366758241758243,0.20000000000000687,0.37416573867817227,0.6360971350488838,10,0.49999999999999994,-0.8660254037844387,6,1.2246467991473532e-16,-1.0,1,0.7818315,0.6234898,0,152,100,100
2021-06-01 11:00:00+00:00,17.4,,,30.9,68,0.0,9.6,160,980.1,17.2,16.2,15.0,16.0,17.0,16.7,15.737499999999999,15.38489010989011,0.20000000000000773,0.37416573867816555,0.7051441419097038,11,0.258819045102521,-0.9659258262890682,6,1.2246467991473532e-16,-1.0,1,0.7818315,0.6234898,0,152,100,100
2021-06-01 12:00:00+00:00,17.6,,,29.8,77,0.0,5.2,146,980.4,17.4,16.4,15.2,16.0,17.2,16.9,15.795833333333334,15.406043956043955,0.20000000000000687,0.3741657386781588,0.7815698620567266,12,1.2246467991473532e-16,-1.0,6,1.2246467991473532e-16,-1.0,1,0.7818315,0.6234898,0,152,100,100
2021-06-01 13:00:00+00:00,17.8,,,29.8,70,0.0,6.5,186,981.1,17.6,16.6,15.4,16.0,17.4,17.1,15.862499999999999,15.430219780219778,0.20000000000000995,0.3741657386781531,0.8636688677053771,13,-0.2588190451025208,-0.9659258262890683,6,1.2246467991473532e-16,-1.0,1,0.7818315,0.6234898,0,152,100,100
2021-06-01 14:00:00+00:00,18.0,,,29.0,73,0.0,6.8,180,981.6,17.8,16.8,15.6,16.0,17.599999999999998,17.3,15.9375,15.457417582417582,0.20000000000000995,0.37416573867814845,0.9499713954503707,14,-0.4999999999999997,-0.8660254037844388,6,1.2246467991473532e-16,-1.0,1,0.7818315,0.6234898,0,152,100,100
2021-06-01 15:00:00+00:00,18.2,,,28.1,78,0.0,8.0,170,982.3,18.0,17.0,15.8,15.5,17.8,17.5,16.020833333333332,15.487637362637363,0.20000000000000687,0.3741657386781438,1.0392217684681089,15,-0.7071067811865471,-0.7071067811865479,6,1.2246467991473532e-16,-1.0,1,0.7818315,0.6234898,0,152,100,100
2021-06-01 16:00:00+00:00,18.4,,,27.6,80,0.0,7.1,165,982.7,18.2,17.2,16.0,15.0,18.0,17.7,16.133333333333333,15.52087912087912,0.20000000000000773,0.3741657386781391,1.1231425890608608,16,-0.8660254037844385,-0.5000000000000004,6,1.2246467991473532e-16,-1.0,1,0.7818315,0.6234898,0,152,100,100
2021-06-01 17:00:00+00:00,18.6,,,27.1,83,0.0,5.5,169,982.5,18.4,17.4,16.2,15.0,18.2,17.9,16.275000000000002,15.557142857142857,0.20000000000000687,0.37416573867813446,1.1866100784423188,17,-0.9659258262890683,-0.25881904510252063,6,1.2246467991473532e-16,-1.0,1,0.7818315,0.6234898,0,152,100,100
2021-06-01 18:00:00+00:00,18.8,,,27.3,81,0.1,3.1,144,982.2,18.6,17.6,16.4,15.0,18.4,18.1,16.425,15.59642857142857,0.20000000000000995,0.37416573867813085,1.2445533509971676,18,-1.0,-1.8369701987210297e-16,6,1.2246467991473532e-16,-1.0,1,0.7818315,0.6234898,0,152,100,100
2021-06-01 19:00:00+00:00,19.0,,,26.1,88,0.9,2.5,45,982.0,18.8,17.8,16.6,15.0,18.599999999999998,18.3,16.583333333333332,15.636904761904763,0.20000000000000995,0.3741657386781283,1.2960363208365555,19,-0.9659258262890684,0.2588190451025203,6,1.2246467991473532e-16,-1.0,1,0.7818315,0.6234898,0,152,100,100
2021-06-01 20:00:00+00:00,19.2,,,25.5,93,1.2,4.6,39,982.0,19.0,18.0,16.8,15.0,18.8,18.5,16.75,15.678571428571429,0.20000000000000687,0.3741657386781258,1.3400194677365933,20,-0.8660254037844386,0.5000000000000001,6,1.2246467991473532e-16,-1.0,1,0.7818315,0.6234898,0,152,100,100
2021-06-01 21:00:00+00:00,19.4,,,24.8,99,0.5,3.3,41,982.1,19.2,18.2,17.0,15.0,19.0,18.7,16.925,15.72142857142857,0.20000000000000773,0.37416573867812325,1.3753260482992584,21,-0.7071067811865477,0.7071067811865474,6,1.2246467991473532e-16,-1.0,1,0.7818315,0.6234898,0,152,100,100
2021-06-01 22:00:00+00:00,19.6,,,25.0,97,0.1,1.8,11,982.4,19.4,18.4,17.2,15.0,19.2,18.9,17.108333333333334,15.766964285714286,0.20000000000000687,0.3741657386781207,1.4005951116103061,22,-0.5000000000000004,0.8660254037844384,6,1.2246467991473532e-16,-1.0,1,0.7818315,0.6234898,0,152,100,100
2021-06-01 23:00:00+00:00,19.8,,,24.9,96,0.0,1.6,333,982.8,19.6,18.6,17.4,15.0,19.4,19.1,17.3,15.81517857142857,0.20000000000000995,0.37416573867811914,1.4142135623731018,23,-0.25881904510252157,0.9659258262890681,6,1.2246467991473532e-16,-1.0,1,0.7818315,0.6234898,0,152,100,100
2021-06-02 00:00:00+00:00,20.0,1304191.0,1.0,26.2,91,0.0,0.8,297,983.3,19.8,18.8,17.6,15.2,19.599999999999998,19.3,17.5,15.866071428571429,0.20000000000000995,0.37416573867811814,1.4142135623731016,0,0.0,1.0,6,1.2246467991473532e-16,-1.0,2,0.9749279,-0.22252093,0,153,100,100
2021-06-02 01:00:00+00:00,20.0,1304191.0,1.0,27.8,85,0.0,2.5,188,984.1,20.0,19.0,17.8,15.4,19.8,19.5,17.7,15.919642857142858,0.20000000000000687,0.37416573867811553,1.4142135623731007,1,0.25881904510252074,0.9659258262890683,6,1.2246467991473532e-16,-1.0,2,0.9749279,-0.22252093,0,153,100,100
2021-06-02 02:00:00+00:00,20.0,1304191.0,1.0,29.6,75,0.0,4.1,218,984.4,20.0,19.2,18.0,15.6,19.933333333333334,19.666666666666668,17.891666666666666,15.973214285714286,0.11547005383793886,0.3265986323719144,1.400595111610304,2,0.49999999999999994,0.8660254037844387,6,1.2246467991473532e-16,-1.0,2,0.9749279,-0.22252093,0,153,100,100
2021-06-02 03:00:00+00:00,20.0,1304191.0,1.0,31.1,70,0.0,3.1,225,984.7,20.0,19.4,18.2,15.8,20.0,19.8,18.075,16.02536848072562,5.710761888606806e-08,0.25298221281453104,1.375326048299255,3,0.7071067811865476,0.7071067811865476,6,1.2246467991473532e-16,-1.0,2,0.9749279,-0.22252093,0,153,100,100
2021-06-02 04:00:00+00:00,20.0,1304191.0,1.0,32.2,64,0.0,2.8,220,984.0,20.0,19.6,18.4,16.0,20.0,19.900000000000002,18.25,16.07610544217687,5.710761888606806e-08,0.16733200530841452,1.340019467736589,4,0.8660254037844386,0.5000000000000001,6,1.2246467991473532e-16,-1.0,2,0.9749279,-0.22252093,0,153,100,100
2021-06-02 05:00:00+00:00,20.0,1304191.0,1.0,33.3,59,0.0,4.5,209,983.4,20.0,19.8,18.6,16.2,20.0,19.966666666666665,18.416666666666668,16.125425170068027,5.710761888606806e-08,0.08164965809604553,1.2960363208365504,5,0.9659258262890683,0.25881904510252074,6,1.2246467991473532e-16,-1.0,2,0.9749279,-0.22252093,0,153,100,100
2021-06-02 06:00:00+00:00,20.0,1304191.0,1.0,34.0,56,0.0,5.0,210,982.4,20.0,20.0,18.8,16.4,20.0,20.0,18.575,16.173327664399093,5.710761888606806e-08,7.30798089147767e-07,1.2445533509971611,6,1.0,6.123233995736766e-17,6,1.2246467991473532e-16,-1.0,2,0.9749279,-0.22252093,0,153,100,100
2021-06-02 07:00:00+00:00,21.0,1304191.0,1.0,33.9,55,0.0,3.0,194,981.4,20.0,20.0,19.0,16.6,20.0,20.0,18.724999999999998,16.219812925170068,5.710761888606806e-08,7.30798089147767e-07,1.186610078442311,7,0.9659258262890683,-0.25881904510252063,6,1.2246467991473532e-16,-1.0,2,0.9749279,-0.22252093,0,153,100,100
2021-06-02 08:00:00+00:00,21.0,1304191.0,1.0,33.3,57,0.0,0.8,153,980.5,21.0,20.0,19.2,16.8,20.333333333333332,20.166666666666668,18.908333333333335,16.270833333333332,0.5773502691896291,0.4082482904645145,1.1839200423451999,8,0.8660254037844387,-0.4999999999999998,6,1.2246467991473532e-16,-1.0,2,0.9749279,-0.22252093,0,153,100,100
2021-06-02 09:00:00+00:00,21.333333333333332,,,32.8,61,0.0,5.6,285,980.0,21.0,20.0,19.4,17.0,20.666666666666668,20.333333333333332,19.083333333333332,16.32043650793651,0.5773502691896291,0.5163977794948351,1.1690451944500073,9,0.7071067811865476,-0.7071067811865475,6,1.2246467991473532e-16,-1.0,2,0.9749279,-0.22252093,0,153,100,100
2021-06-02 10:00:00+00:00,21.666666666666668,,,32.7,62,0.0,3.5,204,980.0,21.333333333333332,20.0,19.6,17.2,21.11111111111111,20.555555555555554,19.26388888888889,16.37060657596372,0.19245008972987457,0.6206328908345994,1.167925476854018,10,0.49999999999999994,-0.8660254037844387,6,1.2246467991473532e-16,-1.0,2,0.9749279,-0.22252093,0,153,100,100
2021-06-02 11:00:00+00:00,22.0,1304191.0,1.0,31.1,75,0.0,3.0,284,980.6,21.666666666666668,20.0,19.8,17.4,21.333333333333332,20.833333333333332,19.45,16.421343537414966,0.333333333333335,0.6912147117779701,1.180559107695698,11,0.258819045102521,-0.9659258262890682,6,1.2246467991473532e-16,-1.0,2,0.9749279,-0.22252093,0,153,100,100
2021-06-02 12:00:00+00:00,22.0,,,30.0,71,0.0,6.0,197,981.0,22.0,20.0,20.0,17.6,21.666666666666668,21.166666666666668,19.641666666666666,16.47264739229025,0.333333333333335,0.6912147117779682,1.2063939959357903,12,1.2246467991473532e-16,-1.0,6,1.2246467991473532e-16,-1.0,2,0.9749279,-0.22252093,0,153,100,100
2021-06-02 13:00:00+00:00,22.0,,,29.3,76,0.0,5.0,201,982.0,22.0,21.0,20.0,17.8,21.88888888888889,21.5,19.825,16.52253401360544,0.19245008972987457,0.4594682917369047,1.2169197672019014,13,-0.2588190451025208,-0.9659258262890683,6,1.2246467991473532e-16,-1.0,2,0.9749279,-0.22252093,0,153,100,100
2021-06-02 14:00:00+00:00,22.0,1304191.0,1.0,28.5,82,0.0,4.7,157,982.5,22.0,21.0,20.0,18.0,22.0,21.666666666666668,20.0,16.571003401360546,0.0,0.42163702135639647,1.2150425928400288,14,-0.4999999999999997,-0.8660254037844388,6,1.2246467991473532e-16,-1.0,2,0.9749279,-0.22252093,0,153,100,100
2021-06-02 15:00:00+00:00,23.0,1304191.0,1.0,27.9,86,0.0,4.8,153,983.2,22.0,21.333333333333332,20.0,18.2,22.0,21.833333333333332,20.166666666666668,16.618055555555557,0.0,0.27888667551228186,1.2030556908011525,15,-0.7071067811865471,-0.7071067811865479,6,1.2246467991473532e-16,-1.0,2,0.9749279,-0.22252093,0,153,100,100
2021-06-02 16:00:00+00:00,23.0,1304191.0,1.0,27.2,89,0.0,5.9,169,983.5,23.0,21.666666666666668,20.0,18.4,22.333333333333332,22.111111111111114,20.366666666666667,16.669642857142858,0.5773502691896263,0.45542003404321174,1.259552869057762,16,-0.8660254037844385,-0.5000000000000004,6,1.2246467991473532e-16,-1.0,2,0.9749279,-0.22252093,0,153,100,100
2021-06-02 17:00:00+00:00,24.0,1304191.0,1.0,27.1,88,0.0,5.0,150,983.0,23.0,22.0,20.0,18.6,22.666666666666668,22.333333333333332,20.558333333333334,16.719812925170068,0.5773502691896263,0.5163977794948177,1.2967164030548977,17,-0.9659258262890683,-0.25881904510252063,6,1.2246467991473532e-16,-1.0,2,0.9749279,-0.22252093,0,153,100,100
2021-06-02 18:00:00+00:00,24.0,,,27.6,82,0.0,3.4,162,982.8,24.0,22.0,20.0,18.8,23.333333333333332,22.666666666666668,20.783333333333335,16.77451814058957,0.5773502691896263,0.8164965809280386,1.4060256799078454,18,-1.0,-1.8369701987210297e-16,6,1.2246467991473532e-16,-1.0,2,0.9749279,-0.22252093,0,153,100,100
2021-06-02 19:00:00+00:00,24.0,1304191.0,1.0,26.4,90,0.0,4.2,149,982.3,24.0,22.0,21.0,19.0,23.666666666666668,23.0,21.0,16.82780612244898,0.5773502691896263,0.8944271910002008,1.4855178507928062,19,-0.9659258262890684,0.2588190451025203,6,1.2246467991473532e-16,-1.0,2,0.9749279,-0.22252093,0,153,100,100
2021-06-02 20:00:00+00:00,25.0,1304191.0,1.0,26.1,89,0.0,3.8,139,982.0,24.0,22.0,21.0,19.2,24.0,23.333333333333332,21.208333333333332,16.8796768707483,0.0,0.8164965809280386,1.5423568764392468,20,-0.8660254037844386,0.5000000000000001,6,1.2246467991473532e-16,-1.0,2,0.9749279,-0.22252093,0,153,100,100
2021-06-02 21:00:00+00:00,25.25,,,25.8,91,0.0,4.6,135,982.1,25.0,23.0,21.333333333333332,19.4,24.333333333333332,23.833333333333332,21.45,16.93608276643991,0.5773502691896263,0.7527726527094211,1.663620404491796,21,-0.7071067811865477,0.7071067811865474,6,1.2246467991473532e-16,-1.0,2,0.9749279,-0.22252093,0,153,100,100
2021-06-02 22:00:00+00:00,25.5,,,25.7,91,0.1,4.1,135,982.4,25.25,23.0,21.666666666666668,19.6,24.75,24.208333333333332,21.693749999999998,16.992559523809526,0.6614378277661483,0.8126602406093085,1.7750335949736027,22,-0.5000000000000004,0.8660254037844384,6,1.2246467991473532e-16,-1.0,2,0.9749279,-0.22252093,0,153,100,100
2021-06-02 23:00:00+00:00,25.75,,,26.1,89,0.0,2.5,135,983.0,25.5,24.0,22.0,19.8,25.25,24.625,21.93958333333333,17.049107142857142,0.2500000000000018,0.702673466128125,1.8780245332111267,23,-0.25881904510252157,0.9659258262890681,6,1.2246467991473532e-16,-1.0,2,0.9749279,-0.22252093,0,153,100,100
2021-06-03 00:00:00+00:00,26.0,1304191.0,1.0,27.0,84,0.0,3.0,194,983.6,25.75,24.0,22.0,20.0,25.5,24.916666666666668,22.1875,17.105725623582764,0.2500000000000018,0.7527726527094216,1.9735953238734938,0,0.0,1.0,6,1.2246467991473532e-16,-1.0,3,0.43388373,-0.90096885,0,154,100,100
2021-06-03 01:00:00+00:00,27.0,1304191.0,1.0,28.8,79,0.0,4.5,194,984.5,26.0,24.0,22.0,20.0,25.75,25.25,22.4375,17.162414965986393,0.2500000000000018,0.7071067811869097,2.062467976621509,1,0.25881904510252074,0.9659258262890683,6,1.2246467991473532e-16,-1.0,3,0.43388373,-0.90096885,0,154,100,100
2021-06-03 02:00:00+00:00,27.0,1304191.0,1.0,30.4,70,0.0,5.6,195,984.9,27.0,25.0,22.0,20.0,26.25,25.75,22.729166666666668,17.223639455782312,0.6614378277661483,0.7071067811869097,2.193569048168295,2,0.49999999999999994,0.8660254037844387,6,1.2246467991473532e-16,-1.0,3,0.43388373,-0.90096885,0,154,100,100
2021-06-03 03:00:00+00:00,27.0,,,31.8,64,0.0,7.0,201,985.0,27.0,25.25,23.0,20.0,26.666666666666668,26.083333333333332,23.020833333333332,17.28344671201814,0.5773502691896263,0.7527726527094216,2.278635546042991,3,0.7071067811865476,0.7071067811865476,6,1.2246467991473532e-16,-1.0,3,0.43388373,-0.90096885,0,154,100,100
2021-06-03 04:00:00+00:00,27.0,1304191.0,1.0,33.0,59,0.0,6.6,209,984.6,27.0,25.5,23.0,20.0,27.0,26.375,23.3125,17.341836734693878,0.0,0.702673466128125,2.3227308286616557,4,0.8660254037844386,0.5000000000000001,6,1.2246467991473532e-16,-1.0,3,0.43388373,-0.90096885,0,154,100,100
2021-06-03 05:00:00+00:00,27.0,1304191.0,1.0,33.8,54,0.0,6.1,220,983.7,27.0,25.75,24.0,20.0,27.0,26.625,23.604166666666668,17.398809523809526,0.0,0.5863019699783663,2.328184017910919,5,0.9659258262890683,0.25881904510252074,6,1.2246467991473532e-16,-1.0,3,0.43388373,-0.90096885,0,154,100,100
2021-06-03 06:00:00+00:00,28.0,1304191.0,1.0,34.3,52,0.0,6.1,242,982.8,27.0,26.0,24.0,20.0,27.0,26.833333333333332,23.895833333333332,17.45436507936508,0.0,0.408248290464491,2.295270552290587,6,1.0,6.123233995736766e-17,6,1.2246467991473532e-16,-1.0,3,0.43388373,-0.90096885,0,154,100,100
2021-06-03 07:00:00+00:00,28.0,1304191.0,1.0,34.7,49,0.0,6.6,241,981.8,28.0,27.0,24.0,21.0,27.333333333333332,27.166666666666668,24.229166666666668,17.514455782312925,0.5773502691896263,0.40824829046448785,2.2857796585285195,7,0.9659258262890683,-0.25881904510252063,6,1.2246467991473532e-16,-1.0,3,0.43388373,-0.90096885,0,154,100,100
2021-06-03 08:00:00+00:00,28.0,1304191.0,1.0,34.8,48,0.0,7.4,247,981.1,28.0,27.0,25.0,21.0,27.666666666666668,27.333333333333332,24.520833333333332,17.57312925170068,0.5773502691896263,0.5163977794948141,2.302363047797736,8,0.8660254037844387,-0.4999999999999998,6,1.2246467991473532e-16,-1.0,3,0.43388373,-0.90096885,0,154,100,100
2021-06-03 09:00:00+00:00,28.0,1304191.0,1.0,34.7,48,0.0,7.0,258,980.5,28.0,27.0,25.25,21.333333333333332,28.0,27.5,24.8125,17.630385487528343,0.0,0.5477225575056281,2.2802250609319565,9,0.7071067811865476,-0.7071067811865475,6,1.2246467991473532e-16,-1.0,3,0.43388373,-0.90096885,0,154,100,100
2021-06-03 10:00:00+00:00,29.0,1304191.0,1.0,33.6,57,0.0,4.3,275,980.5,28.0,27.0,25.5,21.666666666666668,28.0,27.666666666666668,25.090277777777775,17.68622448979592,0.0,0.5163977794948108,2.2437401738600653,10,0.49999999999999994,-0.8660254037844387,6,1.2246467991473532e-16,-1.0,3,0.43388373,-0.90096885,0,154,100,100
2021-06-03 11:00:00+00:00,29.0,1304191.0,1.0,31.6,76,0.0,1.6,243,980.8,29.0,27.0,25.75,22.0,28.333333333333332,28.0,25.395833333333332,17.746598639455783,0.5773502691896263,0.6324555320340723,2.2565323852754253,11,0.258819045102521,-0.9659258262890682,6,1.2246467991473532e-16,-1.0,3,0.43388373,-0.90096885,0,154,100,100
2021-06-03 12:00:00+00:00,29.0,,,31.9,58,0.0,9.0,182,981.2,29.0,28.0,26.0,22.0,28.666666666666668,28.333333333333332,25.6875,17.805555555555557,0.5773502691896263,0.5163977794948057,2.250905614848434,12,1.2246467991473532e-16,-1.0,6,1.2246467991473532e-16,-1.0,3,0.43388373,-0.90096885,0,154,100,100
2021-06-03 13:00:00+00:00,29.0,1304191.0,1.0,30.8,63,0.0,13.1,172,982.3,29.0,28.0,27.0,22.0,29.0,28.5,25.979166666666668,17.863095238095237,0.0,0.5477225575056214,2.205374692933505,13,-0.2588190451025208,-0.9659258262890683,6,1.2246467991473532e-16,-1.0,3,0.43388373,-0.90096885,0,154,100,100
2021-06-03 14:00:00+00:00,28.0,1304191.0,1.0,29.5,69,0.0,8.0,175,983.1,29.0,28.0,27.0,22.0,29.0,28.666666666666668,26.270833333333332,17.91921768707483,0.0,0.5163977794948048,2.11736693882351,14,-0.4999999999999997,-0.8660254037844388,6,1.2246467991473532e-16,-1.0,3,0.43388373,-0.90096885,0,154,100,100
2021-06-03 15:00:00+00:00,27.0,1304191.0,1.0,28.7,74,0.0,5.5,169,983.7,28.0,28.0,27.0,23.0,28.666666666666668,28.666666666666668,26.520833333333332,17.96797052154195,0.5773502691896263,0.5163977794948048,1.93777756310099,15,-0.7071067811865471,-0.7071067811865479,6,1.2246467991473532e-16,-1.0,3,0.43388373,-0.90096885,0,154,100,100
2021-06-03 16:00:00+00:00,27.0,1304191.0,1.0,27.7,79,0.0,4.9,163,983.9,27.0,29.0,27.0,23.0,28.0,28.5,26.6875,18.009353741496597,1.0000000000000004,0.8366600265343733,1.7880186994449603,16,-0.8660254037844385,-0.5000000000000004,6,1.2246467991473532e-16,-1.0,3,0.43388373,-0.90096885,0,154,100,100
2021-06-03 17:00:00+00:00,27.0,1304191.0,1.0,27.0,84,0.0,6.1,152,983.6,27.0,29.0,27.0,24.0,27.333333333333332,28.166666666666668,26.854166666666668,18.049319727891156,0.5773502691896263,0.9831920802504279,1.6065705215082624,17,-0.9659258262890683,-0.25881904510252063,6,1.2246467991473532e-16,-1.0,3,0.43388373,-0.90096885,0,154,100,100
2021-06-03 18:00:00+00:00,26.5,,,28.0,74,0.0,3.3,139,983.1,27.0,29.0,28.0,24.0,27.0,27.833333333333332,26.979166666666668,18.08786848072562,0.0,0.9831920802504266,1.4871125119465636,18,-1.0,-1.8369701987210297e-16,6,1.2246467991473532e-16,-1.0,3,0.43388373,-0.90096885,0,154,100,100
2021-06-03 19:00:00+00:00,26.0,,,26.5,81,0.7,3.1,69,982.7,26.5,29.0,28.0,24.0,26.833333333333332,27.416666666666668,27.083333333333332,18.12202380952381,0.28867513459481237,0.9174239296351259,1.3506573815436864,19,-0.9659258262890684,0.2588190451025203,6,1.2246467991473532e-16,-1.0,3,0.43388373,-0.90096885,0,154,100,100
2021-06-03 20:00:00+00:00,25.5,,,25.4,90,1.3,5.5,67,982.6,26.0,28.0,28.0,25.0,26.5,26.916666666666668,27.166666666666668,18.151785714285715,0.49999999999999956,0.6645800679129265,1.2061136534038317,20,-0.8660254037844386,0.5000000000000001,6,1.2246467991473532e-16,-1.0,3,0.43388373,-0.90096885,0,154,100,100
2021-06-03 21:00:00+00:00,25.0,1304191.0,1.0,25.0,93,0.4,3.1,111,983.0,25.5,27.0,28.0,25.25,26.0,26.5,27.1875,18.18452380952381,0.49999999999999956,0.6324555320340528,1.170864600644788,21,-0.7071067811865477,0.7071067811865474,6,1.2246467991473532e-16,-1.0,3,0.43388373,-0.90096885,0,154,100,100
2021-06-03 22:00:00+00:00,25.0,,,25.7,87,0.0,2.4,207,983.4,25.0,27.0,29.0,25.5,25.5,26.166666666666668,27.177083333333332,18.214285714285715,0.49999999999999956,0.8164965809280147,1.1898099196624383,22,-0.5000000000000004,0.8660254037844384,6,1.2246467991473532e-16,-1.0,3,0.43388373,-0.90096885,0,154,100,100
2021-06-03 23:00:00+00:00,25.0,1304191.0,1.0,25.4,92,0.0,0.4,360,983.8,25.0,27.0,29.0,25.75,25.166666666666668,25.833333333333332,27.15625,18.24404761904762,0.28867513459481237,0.8164965809280119,1.2243287868299402,23,-0.25881904510252157,0.9659258262890681,6,1.2246467991473532e-16,-1.0,3,0.43388373,-0.90096885,0,154,100,100
2021-06-04 00:00:00+00:00,24.8125,,,25.9,94,0.0,1.1,270,984.3,25.0,26.5,29.0,26.0,25.0,25.5,27.125,18.273809523809526,0.0,0.6324555320340421,1.2704843307897247,0,0.0,1.0,6,1.2246467991473532e-16,-1.0,4,-0.43388373,-0.90096885,0,155,100,100
2021-06-04 01:00:00+00:00,24.625,,,27.5,86,0.0,1.3,214,985.0,24.8125,26.0,29.0,27.0,24.9375,25.21875,27.075520833333332,18.302455357142858,0.10825317547305482,0.44677665001705413,1.3375557646168452,1,0.25881904510252074,0.9659258262890683,6,1.2246467991473532e-16,-1.0,4,-0.43388373,-0.90096885,0,155,100,100
2021-06-04 02:00:00+00:00,24.4375,,,29.2,77,0.0,2.9,187,985.3,24.625,25.5,28.0,27.0,24.8125,24.989583333333332,26.9765625,18.32998511904762,0.1875,0.2915922524127245,1.428173014367309,2,0.49999999999999994,0.8660254037844387,6,1.2246467991473532e-16,-1.0,4,-0.43388373,-0.90096885,0,155,100,100
2021-06-04 03:00:00+00:00,24.25,,,30.7,70,0.1,3.2,207,985.4,24.4375,25.0,27.0,27.0,24.625,24.8125,26.869791666666668,18.35639880952381,0.1875,0.2371708245135934,1.519228729642326,3,0.7071067811865476,0.7071067811865476,6,1.2246467991473532e-16,-1.0,4,-0.43388373,-0.90096885,0,155,100,100
2021-06-04 04:00:00+00:00,24.0625,,,31.7,66,0.2,6.5,180,984.9,24.25,25.0,27.0,27.0,24.4375,24.6875,26.755208333333332,18.383184523809526,0.1875,0.3061862178486428,1.6099761874869425,4,0.8660254037844386,0.5000000000000001,6,1.2246467991473532e-16,-1.0,4,-0.43388373,-0.90096885,0,155,100,100
2021-06-04 05:00:00+00:00,23.875,,,30.8,71,0.4,5.8,274,984.2,24.0625,25.0,27.0,27.0,24.25,24.53125,26.6328125,18.410342261904763,0.1875,0.35078038001070605,1.6997154992916446,5,0.9659258262890683,0.25881904510252074,6,1.2246467991473532e-16,-1.0,4,-0.43388373,-0.90096885,0,155,100,100
2021-06-04 06:00:00+00:00,23.6875,,,29.3,81,3.7,8.4,10,983.5,23.875,24.8125,26.5,28.0,24.0625,24.34375,26.502604166666668,18.437872023809526,0.1875,0.35078038001070394,1.7877792392357614,6,1.0,6.123233995736766e-17,6,1.2246467991473532e-16,-1.0,4,-0.43388373,-0.90096885,0,155,100,100
2021-06-04 07:00:00+00:00,23.5,,,29.9,77,0.0,8.4,20,982.6,23.6875,24.625,26.0,28.0,23.875,24.15625,26.322916666666668,18.46577380952381,0.1875,0.35078038001070183,1.846492218909251,7,0.9659258262890683,-0.25881904510252063,6,1.2246467991473532e-16,-1.0,4,-0.43388373,-0.90096885,0,155,100,100
2021-06-04 08:00:00+00:00,23.3125,,,29.7,78,0.0,4.0,90,982.1,23.5,24.4375,25.5,28.0,23.6875,23.96875,26.135416666666668,18.492559523809526,0.1875,0.3507803800106998,1.8965846974212413,8,0.8660254037844387,-0.4999999999999998,6,1.2246467991473532e-16,-1.0,4,-0.43388373,-0.90096885,0,155,100,100
2021-06-04 09:00:00+00:00,23.125,,,29.5,79,0.0,5.9,166,981.6,23.3125,24.25,25.0,28.0,23.5,23.78125,25.940104166666668,18.518229166666668,0.1875,0.35078038001069767,1.9371475105958376,9,0.7071067811865476,-0.7071067811865475,6,1.2246467991473532e-16,-1.0,4,-0.43388373,-0.90096885,0,155,100,100
2021-06-04 10:00:00+00:00,22.9375,,,29.0,82,0.1,1.9,112,981.4,23.125,24.0625,25.0,29.0,23.3125,23.59375,25.736979166666668,18.542782738095237,0.1875,0.35078038001069556,1.967119249270654,10,0.49999999999999994,-0.8660254037844387,6,1.2246467991473532e-16,-1.0,4,-0.43388373,-0.90096885,0,155,100,100
2021-06-04 11:00:00+00:00,22.75,,,28.5,88,0.0,0.4,270,981.7,22.9375,23.875,25.0,29.0,23.125,23.40625,25.484375,18.57217261904762,0.1875,0.3507803800106935,1.918538881601595,11,0.258819045102521,-0.9659258262890682,6,1.2246467991473532e-16,-1.0,4,-0.43388373,-0.90096885,0,155,100,100
2021-06-04 12:00:00+00:00,22.5625,,,27.4,91,0.0,2.3,198,981.8,22.75,23.6875,24.8125,29.0,22.9375,23.21875,25.223958333333332,18.600446428571427,0.1875,0.3507803800106914,1.8432932067401042,12,1.2246467991473532e-16,-1.0,6,1.2246467991473532e-16,-1.0,4,-0.43388373,-0.90096885,0,155,100,100
2021-06-04 13:00:00+00:00,22.375,,,27.0,94,0.0,2.9,210,982.6,22.5625,23.5,24.625,29.0,22.75,23.03125,24.955729166666668,18.627604166666668,0.1875,0.35078038001068934,1.7351347647144746,13,-0.2588190451025208,-0.9659258262890683,6,1.2246467991473532e-16,-1.0,4,-0.43388373,-0.90096885,0,155,100,100
2021-06-04 14:00:00+00:00,22.1875,,,26.9,95,0.0,0.5,135,983.2,22.375,23.3125,24.4375,28.0,22.5625,22.84375,24.6796875,18.653645833333332,0.1875,0.35078038001068723,1.5841770790106773,14,-0.4999999999999997,-0.8660254037844388,6,1.2246467991473532e-16,-1.0,4,-0.43388373,-0.90096885,0,155,100,100
2021-06-04 15:00:00+00:00,22.0,1304191.0,1.0,26.5,97,0.0,1.1,72,983.9,22.1875,23.125,24.25,27.0,22.375,22.65625,24.4375,18.68154761904762,0.1875,0.3507803800106851,1.4963724251610564,15,-0.7071067811865471,-0.7071067811865479,6,1.2246467991473532e-16,-1.0,4,-0.43388373,-0.90096885,0,155,100,100
2021-06-04 16:00:00+00:00,21.0,1304191.0,1.0,26.2,99,0.0,1.9,22,983.8,22.0,22.9375,24.0625,27.0,22.1875,22.46875,24.229166666666668,18.711309523809526,0.1875,0.35078038001068307,1.4719601443879013,16,-0.8660254037844385,-0.5000000000000004,6,1.2246467991473532e-16,-1.0,4,-0.43388373,-0.90096885,0,155,100,100
2021-06-04 17:00:00+00:00,20.5,,,26.1,98,0.0,2.3,309,983.3,21.0,22.75,23.875,27.0,21.729166666666668,22.145833333333332,23.979166666666668,18.741071428571427,0.6383980602518573,0.620819351073324,1.4903068451676063,17,-0.9659258262890683,-0.25881904510252063,6,1.2246467991473532e-16,-1.0,4,-0.43388373,-0.90096885,0,155,100,100
2021-06-04 18:00:00+00:00,20.0,1304191.0,1.0,25.9,99,0.0,2.1,301,982.9,20.5,22.5625,23.6875,26.5,21.166666666666668,21.770833333333332,23.708333333333332,18.767857142857142,0.7637626158259745,0.827898947134914,1.5079799810303258,18,-1.0,-1.8369701987210297e-16,6,1.2246467991473532e-16,-1.0,4,-0.43388373,-0.90096885,0,155,100,100
2021-06-04 19:00:00+00:00,19.666666666666668,,,25.9,98,0.6,2.3,18,982.5,20.0,22.375,23.5,26.0,20.5,21.34375,23.4375,18.791666666666668,0.5000000000000024,0.984052526545421,1.5673294928413317,19,-0.9659258262890684,0.2588190451025203,6,1.2246467991473532e-16,-1.0,4,-0.43388373,-0.90096885,0,155,100,100
2021-06-04 20:00:00+00:00,19.333333333333332,,,25.7,97,0.4,1.8,37,981.8,19.666666666666668,22.1875,23.3125,25.5,20.055555555555554,20.89236111111111,23.17361111111111,18.813492063492063,0.4194352464039333,1.0361869759239846,1.6482069504065944,20,-0.8660254037844386,0.5000000000000001,6,1.2246467991473532e-16,-1.0,4,-0.43388373,-0.90096885,0,155,100,100
2021-06-04 21:00:00+00:00,19.0,1304191.0,1.0,25.5,98,0.0,1.6,63,981.8,19.333333333333332,22.0,23.125,25.0,19.666666666666668,20.416666666666668,22.916666666666668,18.836309523809526,0.3333333333333402,0.9761033642899655,1.747453288408289,21,-0.7071067811865477,0.7071067811865474,6,1.2246467991473532e-16,-1.0,4,-0.43388373,-0.90096885,0,155,100,100
2021-06-04 22:00:00+00:00,19.0,1304191.0,1.0,25.4,99,0.0,1.3,326,982.2,19.0,21.0,22.9375,25.0,19.333333333333332,19.916666666666668,22.666666666666668,18.860119047619047,0.3333333333333402,0.7434902674401209,1.8618905643001216,22,-0.5000000000000004,0.8660254037844384,6,1.2246467991473532e-16,-1.0,4,-0.43388373,-0.90096885,0,155,100,100
2021-06-04 23:00:00+00:00,18.0,1304191.0,1.0,25.1,100,0.0,2.4,297,982.8,19.0,20.5,22.75,25.0,19.11111111111111,19.583333333333332,22.416666666666668,18.886904761904763,0.19245008972988364,0.593950989373852,1.9362967667901563,23,-0.25881904510252157,0.9659258262890681,6,1.2246467991473532e-16,-1.0,4,-0.43388373,-0.90096885,0,155,100,100
2021-06-05 00:00:00+00:00,18.0,1304191.0,1.0,25.3,96,5.9,2.9,277,984.1,18.0,20.0,22.5625,24.8125,18.666666666666668,19.166666666666668,22.125,18.910714285714285,0.5773502691896263,0.6912147117778773,2.053886089254405,0,0.0,1.0,6,1.2246467991473532e-16,-1.0,5,-0.9749279,-0.22252093,1,156,100,100
2021-06-05 01:00:00+00:00,18.0,1304191.0,1.0,25.6,99,0.4,4.8,228,984.7,18.0,19.666666666666668,22.375,24.625,18.333333333333332,18.833333333333332,21.841145833333332,18.94047619047619,0.5773502691896263,0.6912147117778754,2.1354514622474223,1,0.25881904510252074,0.9659258262890683,6,1.2246467991473532e-16,-1.0,5,-0.9749279,-0.22252093,1,156,100,100
2021-06-05 02:00:00+00:00,17.666666666666668,,,26.9,88,0.4,4.6,198,985.0,18.0,19.333333333333332,22.1875,24.4375,18.0,18.555555555555554,21.565104166666668,18.973214285714285,0.0,0.6206328908344892,2.1875070091329936,2,0.49999999999999994,0.8660254037844387,6,1.2246467991473532e-16,-1.0,5,-0.9749279,-0.22252093,1,156,100,100
2021-06-05 03:00:00+00:00,17.333333333333332,,,27.3,85,0.4,5.4,184,985.2,17.666666666666668,19.0,22.0,24.25,17.88888888888889,18.27777777777778,21.28298611111111,19.006944444444443,0.19245008972987457,0.5741338081231733,2.2370038369357648,3,0.7071067811865476,0.7071067811865476,6,1.2246467991473532e-16,-1.0,5,-0.9749279,-0.22252093,1,156,100,100
2021-06-05 04:00:00+00:00,17.0,1304191.0,1.0,27.5,84,0.4,4.9,197,984.8,17.333333333333332,19.0,21.0,24.0625,17.666666666666668,18.0,20.994791666666668,19.038690476190474,0.333333333333335,0.5577733510230624,2.28320448501894,4,0.8660254037844386,0.5000000000000001,6,1.2246467991473532e-16,-1.0,5,-0.9749279,-0.22252093,1,156,100,100
2021-06-05 05:00:00+00:00,17.0,1304191.0,1.0,27.5,87,0.5,3.9,202,983.8,17.0,18.0,20.5,23.875,17.333333333333332,17.666666666666668,20.700520833333332,19.06845238095238,0.333333333333335,0.4216370213562382,2.3253682349879683,5,0.9659258262890683,0.25881904510252074,6,1.2246467991473532e-16,-1.0,5,-0.9749279,-0.22252093,1,156,100,100
2021-06-05 06:00:00+00:00,16.0,1304191.0,1.0,28.4,84,0.3,1.8,191,983.0,17.0,18.0,20.0,23.6875,17.11111111111111,17.5,20.4140625,19.098214285714285,0.19245008972987457,0.459468291736757,2.3407161322177474,6,1.0,6.123233995736766e-17,6,1.2246467991473532e-16,-1.0,5,-0.9749279,-0.22252093,1,156,100,100
2021-06-05 07:00:00+00:00,16.0,1304191.0,1.0,28.2,80,0.4,1.6,63,981.7,16.0,18.0,19.666666666666668,23.5,16.666666666666668,17.166666666666668,20.09375,19.12202380952381,0.5773502691896263,0.6912147117778666,2.3985688541939374,7,0.9659258262890683,-0.25881904510252063,6,1.2246467991473532e-16,-1.0,5,-0.9749279,-0.22252093,1,156,100,100
2021-06-05 08:00:00+00:00,16.0,1304191.0,1.0,27.8,87,1.5,1.4,360,981.3,16.0,17.666666666666668,19.333333333333332,23.3125,16.333333333333332,16.833333333333332,19.78125,19.145833333333332,0.5773502691896263,0.6912147117778646,2.4239255675463496,8,0.8660254037844387,-0.4999999999999998,6,1.2246467991473532e-16,-1.0,5,-0.9749279,-0.22252093,1,156,100,100
2021-06-05 09:00:00+00:00,16.0,1304191.0,1.0,27.0,90,2.7,3.3,311,981.3,16.0,17.333333333333332,19.0,23.125,16.0,16.555555555555554,19.4765625,19.169642857142858,0.0,0.6206328908344773,2.420336360628622,9,0.7071067811865476,-0.7071067811865475,6,1.2246467991473532e-16,-1.0,5,-0.9749279,-0.22252093,1,156,100,100
2021-06-05 10:00:00+00:00,16.0,1304191.0,1.0,26.3,97,0.7,5.8,173,981.4,16.0,17.0,19.0,22.9375,16.0,16.333333333333332,19.1796875,19.19345238095238,0.0,0.5163977794946834,2.390150100047053,10,0.49999999999999994,-0.8660254037844387,6,1.2246467991473532e-16,-1.0,5,-0.9749279,-0.22252093,1,156,100,100
2021-06-05 11:00:00+00:00,15.5,,,25.6,99,0.6,7.1,131,982.0,16.0,17.0,18.0,22.75,16.0,16.166666666666668,18.890625,19.217261904761905,0.0,0.4082482904643178,2.3347906454523746,11,0.258819045102521,-0.9659258262890682,6,1.2246467991473532e-16,-1.0,5,-0.9749279,-0.22252093,1,156,100,100
2021-06-05 12:00:00+00:00,15.0,1304191.0,1.0,27.2,91,0.6,3.4,148,981.1,15.5,16.0,18.0,22.5625,15.833333333333334,15.916666666666666,18.588541666666668,19.238095238095237,0.28867513459481314,0.2041241452328372,2.282162852565121,12,1.2246467991473532e-16,-1.0,6,1.2246467991473532e-16,-1.0,5,-0.9749279,-0.22252093,1,156,100,100
2021-06-05 13:00:00+00:00,15.0,1304191.0,1.0,27.0,92,0.0,6.7,144,982.1,15.0,16.0,18.0,22.375,15.5,15.75,18.2734375,19.25595238095238,0.5000000000000002,0.41833001326747826,2.2311281876856475,13,-0.2588190451025208,-0.9659258262890683,6,1.2246467991473532e-16,-1.0,5,-0.9749279,-0.22252093,1,156,100,100
2021-06-05 14:00:00+00:00,15.0,1304191.0,1.0,26.8,93,0.0,6.6,171,982.9,15.0,16.0,17.666666666666668,22.1875,15.166666666666666,15.583333333333334,17.966145833333332,19.267857142857142,0.28867513459481314,0.491596040125461,2.147989564085844,14,-0.4999999999999997,-0.8660254037844388,6,1.2246467991473532e-16,-1.0,5,-0.9749279,-0.22252093,1,156,100,100
2021-06-05 15:00:00+00:00,14.0,1304191.0,1.0,26.5,94,0.1,5.1,188,983.8,15.0,16.0,17.333333333333332,22.0,15.0,15.416666666666666,17.666666666666668,19.279761904761905,0.0,0.4915960401254598,2.031752771296675,15,-0.7071067811865471,-0.7071067811865479,6,1.2246467991473532e-16,-1.0,5,-0.9749279,-0.22252093,1,156,100,100
2021-06-05 16:00:00+00:00,14.0,1304191.0,1.0,26.2,95,0.1,3.7,169,983.6,14.0,16.0,17.0,21.0,14.666666666666666,15.083333333333334,17.333333333333332,19.285714285714285,0.5773502691896255,0.6645800679128367,1.944271904008084,16,-0.8660254037844385,-0.5000000000000004,6,1.2246467991473532e-16,-1.0,5,-0.9749279,-0.22252093,1,156,100,100
2021-06-05 17:00:00+00:00,14.0,,,25.6,96,0.0,7.0,159,983.3,14.0,15.5,17.0,20.5,14.333333333333334,14.75,17.041666666666668,19.291666666666668,0.5773502691896255,0.6123724356960898,1.8947231579866473,17,-0.9659258262890683,-0.25881904510252063,6,1.2246467991473532e-16,-1.0,5,-0.9749279,-0.22252093,1,156,100,100
2021-06-05 18:00:00+00:00,14.0,1304191.0,1.0,25.2,96,0.0,4.6,135,982.7,14.0,15.0,16.0,20.0,14.0,14.5,16.770833333333332,19.297619047619047,0.0,0.5477225575054945,1.842737736941978,18,-1.0,-1.8369701987210297e-16,6,1.2246467991473532e-16,-1.0,5,-0.9749279,-0.22252093,1,156,100,100
2021-06-05 19:00:00+00:00,14.0,,,24.9,96,0.1,2.6,56,982.3,14.0,15.0,16.0,19.666666666666668,14.0,14.333333333333334,16.520833333333332,19.297619047619047,0.0,0.5163977794946689,1.7918983672224293,19,-0.9659258262890684,0.2588190451025203,6,1.2246467991473532e-16,-1.0,5,-0.9749279,-0.22252093,1,156,100,100
2021-06-05 20:00:00+00:00,14.0,,,24.6,96,0.1,5.1,82,981.9,14.0,15.0,16.0,19.333333333333332,14.0,14.166666666666666,16.28472222222222,19.297619047619047,0.0,0.40824829046429895,1.7316876012926026,20,-0.8660254037844386,0.5000000000000001,6,1.2246467991473532e-16,-1.0,5,-0.9749279,-0.22252093,1,156,100,100
2021-06-05 21:00:00+00:00,14.0,1304191.0,1.0,24.5,96,0.1,2.9,97,981.8,14.0,14.0,16.0,19.0,14.0,14.0,16.0625,19.297619047619047,0.0,5.94647822953311e-07,1.664355281307388,21,-0.7071067811865477,0.7071067811865474,6,1.2246467991473532e-16,-1.0,5,-0.9749279,-0.22252093,1,156,100,100
2021-06-05 22:00:00+00:00,13.5,,,24.2,99,0.1,1.6,27,982.1,14.0,14.0,16.0,19.0,14.0,14.0,15.854166666666666,19.297619047619047,0.0,5.94647822953311e-07,1.592033685585515,22,-0.5000000000000004,0.8660254037844384,6,1.2246467991473532e-16,-1.0,5,-0.9749279,-0.22252093,1,156,100,100
2021-06-05 23:00:00+00:00,13.0,1304191.0,1.0,24.2,99,0.0,1.5,346,982.5,13.5,14.0,15.5,18.0,13.833333333333334,13.916666666666666,15.625,19.291666666666668,0.28867513459481314,0.20412414523279476,1.5134262245641301,23,-0.25881904510252157,0.9659258262890681,6,1.2246467991473532e-16,-1.0,5,-0.9749279,-0.22252093,1,156,100,100
2021-06-06 00:00:00+00:00,13.0,1304191.0,1.0,24.4,98,0.0,1.8,307,982.9,13.0,14.0,15.0,18.0,13.5,13.75,15.416666666666666,19.279761904761905,0.5000000000000002,0.41833001326745634,1.5164158098005132,0,0.0,1.0,6,1.2246467991473532e-16,-1.0,6,-0.7818315,0.6234898,1,157,100,100
2021-06-06 01:00:00+00:00,13.0,1304191.0,1.0,25.8,91,0.0,1.1,252,983.6,13.0,14.0,15.0,18.0,13.166666666666666,13.583333333333334,15.208333333333334,19.267857142857142,0.28867513459481314,0.4915960401254417,1.4892935134091356,1,0.25881904510252074,0.9659258262890683,6,1.2246467991473532e-16,-1.0,6,-0.7818315,0.6234898,1,157,100,100
2021-06-06 02:00:00+00:00,13.0,1304191.0,1.0,26.9,86,0.0,2.2,261,983.6,13.0,14.0,15.0,17.666666666666668,13.0,13.416666666666666,15.0,19.25595238095238,0.0,0.49159604012543995,1.430347412276885,2,0.49999999999999994,0.8660254037844387,6,1.2246467991473532e-16,-1.0,6,-0.7818315,0.6234898,1,157,100,100
2021-06-06 03:00:00+00:00,12.0,1304191.0,1.0,27.9,80,0.2,2.7,203,983.6,13.0,14.0,14.0,17.333333333333332,13.0,13.25,14.805555555555555,19.24404761904762,0.0,0.41833001326745,1.3679091794961644,3,0.7071067811865476,0.7071067811865476,6,1.2246467991473532e-16,-1.0,6,-0.7818315,0.6234898,1,157,100,100
2021-06-06 04:00:00+00:00,12.0,1304191.0,1.0,29.0,77,0.2,5.1,172,983.3,12.0,13.5,14.0,17.0,12.666666666666666,12.916666666666666,14.583333333333334,19.226190476190474,0.5773502691896255,0.4915960401254358,1.372609912180057,4,0.8660254037844386,0.5000000000000001,6,1.2246467991473532e-16,-1.0,6,-0.7818315,0.6234898,1,157,100,100
2021-06-06 05:00:00+00:00,12.333333333333334,,,28.9,78,0.2,4.9,163,982.6,12.0,13.0,14.0,17.0,12.333333333333334,12.666666666666666,14.375,19.208333333333332,0.5773502691896255,0.5163977794946524,1.369306393763086,5,0.9659258262890683,0.25881904510252074,6,1.2246467991473532e-16,-1.0,6,-0.7818315,0.6234898,1,157,100,100
2021-06-06 06:00:00+00:00,12.666666666666666,,,28.4,82,0.3,1.5,194,981.6,12.333333333333334,13.0,14.0,16.0,12.111111111111112,12.555555555555555,14.180555555555555,19.19246031746032,0.19245008972987585,0.5018484351397265,1.3104159706381568,6,1.0,6.123233995736766e-17,6,1.2246467991473532e-16,-1.0,6,-0.7818315,0.6234898,1,157,100,100
2021-06-06 07:00:00+00:00,13.0,1304191.0,1.0,29.0,81,0.4,3.3,319,980.3,12.666666666666666,13.0,14.0,16.0,12.333333333333334,12.5,14.041666666666666,19.178571428571427,0.333333333333334,0.4594682917367109,1.2856040517119849,7,0.9659258262890683,-0.25881904510252063,6,1.2246467991473532e-16,-1.0,6,-0.7818315,0.6234898,1,157,100,100
2021-06-06 08:00:00+00:00,12.0,1304191.0,1.0,28.8,80,1.6,7.1,210,980.0,13.0,13.0,14.0,16.0,12.666666666666666,12.5,13.916666666666666,19.166666666666668,0.33333333333333554,0.4594682917367109,1.2316282769410951,8,0.8660254037844387,-0.4999999999999998,6,1.2246467991473532e-16,-1.0,6,-0.7818315,0.6234898,1,157,100,100
2021-06-06 09:00:00+00:00,12.0,,,26.4,90,12.7,4.7,122,979.9,12.0,12.0,14.0,16.0,12.555555555555555,12.333333333333334,13.75,19.148809523809526,0.5091750772173171,0.42163702135618664,1.2078647267257003,9,0.7071067811865476,-0.7071067811865475,6,1.2246467991473532e-16,-1.0,6,-0.7818315,0.6234898,1,157,100,100
2021-06-06 10:00:00+00:00,12.0,1304191.0,1.0,26.1,93,0.1,7.3,123,979.7,12.0,12.0,13.5,16.0,12.333333333333334,12.333333333333334,13.583333333333334,19.13095238095238,0.5773502691896274,0.42163702135618664,1.1588766841569715,10,0.49999999999999994,-0.8660254037844387,6,1.2246467991473532e-16,-1.0,6,-0.7818315,0.6234898,1,157,100,100
2021-06-06 11:00:00+00:00,12.0,,,26.3,94,0.1,6.6,139,979.9,12.0,12.333333333333334,13.0,15.5,12.0,12.333333333333334,13.416666666666666,19.113095238095237,0.0,0.42163702135618664,1.0812410118028313,11,0.258819045102521,-0.9659258262890682,6,1.2246467991473532e-16,-1.0,6,-0.7818315,0.6234898,1,157,100,100
2021-06-06 12:00:00+00:00,12.0,,,26.7,92,0.0,8.4,173,980.1,12.0,12.666666666666666,13.0,15.0,12.0,12.277777777777777,13.270833333333334,19.095238095238095,0.0,0.4430533786087583,1.022468005003871,12,1.2246467991473532e-16,-1.0,6,1.2246467991473532e-16,-1.0,6,-0.7818315,0.6234898,1,157,100,100
2021-06-06 13:00:00+00:00,12.0,1304191.0,1.0,26.4,93,0.0,7.5,163,980.9,12.0,13.0,13.0,15.0,12.0,12.166666666666666,13.145833333333334,19.077380952380953,0.0,0.40824829046427863,0.9845577000536168,13,-0.2588190451025208,-0.9659258262890683,6,1.2246467991473532e-16,-1.0,6,-0.7818315,0.6234898,1,157,100,100
2021-06-06 14:00:00+00:00,13.0,1304191.0,1.0,26.1,96,0.0,6.3,156,981.3,12.0,12.0,13.0,15.0,12.0,12.0,13.020833333333334,19.05952380952381,0.0,5.824429134296878e-07,0.9277166661006822,14,-0.4999999999999997,-0.8660254037844388,6,1.2246467991473532e-16,-1.0,6,-0.7818315,0.6234898,1,157,100,100
2021-06-06 15:00:00+00:00,13.0,1304191.0,1.0,25.9,96,0.0,5.4,160,982.2,13.0,12.0,12.0,14.0,12.333333333333334,12.166666666666666,12.9375,19.047619047619047,0.5773502691896255,0.40824829046427863,0.8265119361974838,15,-0.7071067811865471,-0.7071067811865479,6,1.2246467991473532e-16,-1.0,6,-0.7818315,0.6234898,1,157,100,100
2021-06-06 16:00:00+00:00,13.0,1304191.0,1.0,25.8,96,0.0,5.6,153,982.5,13.0,12.0,12.0,14.0,12.666666666666666,12.333333333333334,12.895833333333334,19.035714285714285,0.5773502691896255,0.5163977794946512,0.7952341435047653,16,-0.8660254037844385,-0.5000000000000004,6,1.2246467991473532e-16,-1.0,6,-0.7818315,0.6234898,1,157,100,100
2021-06-06 17:00:00+00:00,13.0,,,25.4,96,0.0,5.9,166,982.3,13.0,12.0,12.333333333333334,14.0,13.0,12.5,12.854166666666666,19.023809523809526,0.0,0.5477225575054767,0.7602956772919364,17,-0.9659258262890683,-0.25881904510252063,6,1.2246467991473532e-16,-1.0,6,-0.7818315,0.6234898,1,157,100,100
2021-06-06 18:00:00+00:00,13.0,,,25.0,96,0.0,5.5,169,982.0,13.0,12.0,12.666666666666666,14.0,13.0,12.666666666666666,12.8125,19.011904761904763,0.0,0.5163977794946524,0.7211646846706055,18,-1.0,-1.8369701987210297e-16,6,1.2246467991473532e-16,-1.0,6,-0.7818315,0.6234898,1,157,100,100
2021-06-06 19:00:00+00:00,13.0,1304191.0,1.0,24.8,97,0.0,4.7,176,981.4,13.0,12.0,13.0,14.0,13.0,12.833333333333334,12.770833333333334,19.0,0.0,0.40824829046428185,0.6771146871228729,19,-0.9659258262890684,0.2588190451025203,6,1.2246467991473532e-16,-1.0,6,-0.7818315,0.6234898,1,157,100,100
2021-06-06 20:00:00+00:00,13.0,1304191.0,1.0,24.4,98,0.0,4.5,166,981.1,13.0,13.0,12.0,14.0,13.0,13.0,12.729166666666666,18.988095238095237,0.0,5.858070816502954e-07,0.6271099650086588,20,-0.8660254037844386,0.5000000000000001,6,1.2246467991473532e-16,-1.0,6,-0.7818315,0.6234898,1,157,100,100
2021-06-06 21:00:00+00:00,13.0,,,24.2,99,0.0,3.3,131,981.0,13.0,13.0,12.0,14.0,13.0,13.0,12.6875,18.976190476190474,0.0,5.858070816502954e-07,0.5695843471365933,21,-0.7071067811865477,0.7071067811865474,6,1.2246467991473532e-16,-1.0,6,-0.7818315,0.6234898,1,157,100,100
2021-06-06 22:00:00+00:00,13.0,,,24.2,98,0.0,3.9,146,981.2,13.0,13.0,12.0,13.5,13.0,13.0,12.645833333333334,18.964285714285715,0.0,5.858070816502954e-07,0.5019587237882019,22,-0.5000000000000004,0.8660254037844384,6,1.2246467991473532e-16,-1.0,6,-0.7818315,0.6234898,1,157,100,100
2021-06-06 23:00:00+00:00,13.0,1304191.0,1.0,24.3,96,0.0,4.3,156,981.7,13.0,13.0,12.0,13.0,13.0,13.0,12.625,18.952380952380953,0.0,5.858070816502954e-07,0.4745961924566276,23,-0.25881904510252157,0.9659258262890681,6,1.2246467991473532e-16,-1.0,6,-0.7818315,0.6234898,1,157,100,100
2021-06-07 00:00:00+00:00,13.0,,,24.8,94,0.0,3.5,204,982.2,13.0,13.0,12.0,13.0,13.0,13.0,12.625,18.94047619047619,0.0,5.858070816502954e-07,0.4745961924566276,0,0.0,1.0,6,1.2246467991473532e-16,-1.0,0,0.0,1.0,0,158,100,100
2021-06-07 01:00:00+00:00,13.0,1304191.0,1.0,26.0,89,0.0,6.8,177,982.8,13.0,13.0,12.0,13.0,13.0,13.0,12.625,18.928571428571427,0.0,5.858070816502954e-07,0.4745961924566276,1,0.25881904510252074,0.9659258262890683,6,1.2246467991473532e-16,-1.0,0,0.0,1.0,0,158,100,100
2021-06-07 02:00:00+00:00,13.0,,,27.1,82,0.1,5.6,195,983.3,13.0,13.0,13.0,13.0,13.0,13.0,12.625,18.910714285714285,0.0,5.858070816502954e-07,0.4745961924566276,2,0.49999999999999994,0.8660254037844387,6,1.2246467991473532e-16,-1.0,0,0.0,1.0,0,158,100,100
2021-06-07 03:00:00+00:00,13.0,,,27.9,78,0.1,5.6,195,983.4,13.0,13.0,13.0,12.0,13.0,13.0,12.625,18.892857142857142,0.0,5.858070816502954e-07,0.4745961924566276,3,0.7071067811865476,0.7071067811865476,6,1.2246467991473532e-16,-1.0,0,0.0,1.0,0,158,100,100
2021-06-07 04:00:00+00:00,13.0,1304191.0,1.0,28.5,76,0.1,4.7,184,982.9,13.0,13.0,13.0,12.0,13.0,13.0,12.666666666666666,18.875,0.0,5.858070816502954e-07,0.46104271653940615,4,0.8660254037844386,0.5000000000000001,6,1.2246467991473532e-16,-1.0,0,0.0,1.0,0,158,100,100
2021-06-07 05:00:00+00:00,13.0,1304191.0,1.0,29.4,73,0.1,5.9,169,981.9,13.0,13.0,13.0,12.333333333333334,13.0,13.0,12.708333333333334,18.857142857142858,0.0,5.858070816502954e-07,0.4430079442266751,5,0.9659258262890683,0.25881904510252074,6,1.2246467991473532e-16,-1.0,0,0.0,1.0,0,158,100,100
2021-06-07 06:00:00+00:00,12.0,1304191.0,1.0,30.2,70,0.2,6.9,186,980.6,13.0,13.0,13.0,12.666666666666666,13.0,13.0,12.736111111111112,18.839285714285715,0.0,5.858070816502954e-07,0.43935797105740404,6,1.0,6.123233995736766e-17,6,1.2246467991473532e-16,-1.0,0,0.0,1.0,0,158,100,100
2021-06-07 07:00:00+00:00,12.0,,,30.9,71,0.1,7.3,200,979.3,12.0,13.0,13.0,13.0,12.666666666666666,12.833333333333334,12.708333333333334,18.81547619047619,0.5773502691896255,0.40824829046428185,0.46430562148818466,7,0.9659258262890683,-0.25881904510252063,6,1.2246467991473532e-16,-1.0,0,0.0,1.0,0,158,100,100
2021-06-07 08:00:00+00:00,12.0,1304191.0,1.0,31.0,69,0.1,8.6,182,978.5,12.0,13.0,13.0,12.0,12.333333333333334,12.666666666666666,12.666666666666666,18.791666666666668,0.5773502691896255,0.5163977794946524,0.48154341234370496,8,0.8660254037844387,-0.4999999999999998,6,1.2246467991473532e-16,-1.0,0,0.0,1.0,0,158,100,100
2021-06-07 09:00:00+00:00,13.0,1304191.0,1.0,29.1,77,1.5,12.0,164,978.6,12.0,13.0,13.0,12.0,12.0,12.5,12.666666666666666,18.767857142857142,0.0,0.5477225575054767,0.48154341234370496,9,0.7071067811865476,-0.7071067811865475,6,1.2246467991473532e-16,-1.0,0,0.0,1.0,0,158,100,100
2021-06-07 10:00:00+00:00,13.0,1304191.0,1.0,28.0,86,0.5,6.6,202,979.0,13.0,13.0,13.0,12.0,12.333333333333334,12.5,12.708333333333334,18.75,0.5773502691896255,0.5477225575054767,0.46430562148818466,10,0.49999999999999994,-0.8660254037844387,6,1.2246467991473532e-16,-1.0,0,0.0,1.0,0,158,100,100
2021-06-07 11:00:00+00:00,13.0,1304191.0,1.0,26.5,89,2.7,8.8,171,980.0,13.0,13.0,13.0,12.0,12.666666666666666,12.5,12.75,18.732142857142858,0.5773502691896255,0.5477225575054767,0.44232586846536814,11,0.258819045102521,-0.9659258262890682,6,1.2246467991473532e-16,-1.0,0,0.0,1.0,0,158,100,100
2021-06-07 12:00:00+00:00,13.0,1304191.0,1.0,27.8,81,0.7,6.3,167,979.9,13.0,12.0,13.0,12.0,13.0,12.5,12.791666666666666,18.714285714285715,0.0,0.5477225575054767,0.4148511169997713,12,1.2246467991473532e-16,-1.0,6,1.2246467991473532e-16,-1.0,0,0.0,1.0,0,158,100,100
2021-06-07 13:00:00+00:00,13.0,,,27.4,82,0.0,10.9,163,981.1,13.0,12.0,13.0,12.0,13.0,12.666666666666666,12.833333333333334,18.696428571428573,0.0,0.5163977794946524,0.3806934938142188,13,-0.2588190451025208,-0.9659258262890683,6,1.2246467991473532e-16,-1.0,0,0.0,1.0,0,158,100,100
2021-06-07 14:00:00+00:00,13.0,,,26.5,83,0.0,10.8,159,981.9,13.0,12.0,13.0,13.0,13.0,12.833333333333334,12.875,18.678571428571427,0.0,0.40824829046428185,0.3378319623469608,14,-0.4999999999999997,-0.8660254037844388,6,1.2246467991473532e-16,-1.0,0,0.0,1.0,0,158,100,100
2021-06-07 15:00:00+00:00,13.0,1304191.0,1.0,26.1,85,0.0,8.4,160,982.7,13.0,13.0,13.0,13.0,13.0,13.0,12.875,18.660714285714285,0.0,5.858070816502954e-07,0.3378319623469608,15,-0.7071067811865471,-0.7071067811865479,6,1.2246467991473532e-16,-1.0,0,0.0,1.0,0,158,100,100
2021-06-07 16:00:00+00:00,13.0,,,25.9,87,0.0,6.8,148,983.1,13.0,13.0,13.0,13.0,13.0,13.0,12.875,18.645833333333332,0.0,5.858070816502954e-07,0.3378319623469608,16,-0.8660254037844385,-0.5000000000000004,6,1.2246467991473532e-16,-1.0,0,0.0,1.0,0,158,100,100
2021-06-07 17:00:00+00:00,13.0,1304191.0,1.0,25.4,90,0.0,4.1,165,982.6,13.0,13.0,13.0,13.0,13.0,13.0,12.875,18.633928571428573,0.0,5.858070816502954e-07,0.3378319623469608,17,-0.9659258262890683,-0.25881904510252063,6,1.2246467991473532e-16,-1.0,0,0.0,1.0,0,158,100,100
2021-06-07 18:00:00+00:00,14.0,1304191.0,1.0,25.1,93,0.0,3.4,198,982.1,13.0,13.0,12.0,13.0,13.0,13.0,12.875,18.62202380952381,0.0,5.858070816502954e-07,0.3378319623469608,18,-1.0,-1.8369701987210297e-16,6,1.2246467991473532e-16,-1.0,0,0.0,1.0,0,158,100,100
2021-06-07 19:00:00+00:00,14.2,,,24.4,95,1.7,6.3,156,981.8,14.0,13.0,12.0,13.0,13.333333333333334,13.166666666666666,12.916666666666666,18.616071428571427,0.5773502691896255,0.4082482904642846,0.40824829046458144,19,-0.9659258262890684,0.2588190451025203,6,1.2246467991473532e-16,-1.0,0,0.0,1.0,0,158,100,100
2021-06-07 20:00:00+00:00,14.4,,,23.8,99,1.6,5.4,127,981.2,14.2,13.0,12.0,13.0,13.733333333333334,13.366666666666667,12.966666666666667,18.611309523809524,0.6429100507328632,0.5715476066497102,0.4851415451609587,20,-0.8660254037844386,0.5000000000000001,6,1.2246467991473532e-16,-1.0,0,0.0,1.0,0,158,100,100
2021-06-07 21:00:00+00:00,14.6,,,23.5,100,0.7,4.3,95,981.0,14.4,13.0,13.0,13.0,14.200000000000001,13.6,13.025,18.607738095238094,0.2000000000000027,0.6693280212275199,0.5666453533933881,21,-0.7071067811865477,0.7071067811865474,6,1.2246467991473532e-16,-1.0,0,0.0,1.0,0,158,100,100
2021-06-07 22:00:00+00:00,14.8,,,23.5,100,0.6,4.2,59,981.2,14.6,13.0,13.0,13.0,14.4,13.866666666666667,13.091666666666667,18.60535714285714,0.2000000000000038,0.70047602861698,0.6513642316856323,22,-0.5000000000000004,0.8660254037844384,6,1.2246467991473532e-16,-1.0,0,0.0,1.0,0,158,100,100
2021-06-07 23:00:00+00:00,15.0,1304191.0,1.0,23.5,100,0.3,3.1,69,981.7,14.8,13.0,13.0,13.0,14.6,14.166666666666666,13.166666666666666,18.604166666666668,0.20000000000000537,0.6377042156572427,0.7381920727239301,23,-0.25881904510252157,0.9659258262890681,6,1.2246467991473532e-16,-1.0,0,0.0,1.0,0,158,100,100
2021-06-08 00:00:00+00:00,15.0,1304191.0,1.0,24.0,99,0.1,1.8,11,982.4,15.0,14.0,13.0,13.0,14.800000000000002,14.5,13.25,18.604166666666668,0.20000000000000648,0.3741657386778693,0.8262013650755703,0,0.0,1.0,6,1.2246467991473532e-16,-1.0,1,0.7818315,0.6234898,0,159,100,100
2021-06-08 01:00:00+00:00,15.0,,,25.1,93,0.1,1.6,117,983.1,15.0,14.2,13.0,13.0,14.933333333333332,14.666666666666666,13.333333333333334,18.60297619047619,0.11547005383793782,0.32659863237163667,0.8976620196097367,1,0.25881904510252074,0.9659258262890683,6,1.2246467991473532e-16,-1.0,1,0.7818315,0.6234898,0,159,100,100
2021-06-08 02:00:00+00:00,15.0,1304191.0,1.0,25.8,94,0.1,2.4,153,983.5,15.0,14.4,13.0,13.0,15.0,14.799999999999999,13.416666666666666,18.600595238095238,5.860676140543923e-08,0.25298221281417643,0.9562911448004412,2,0.49999999999999994,0.8660254037844387,6,1.2246467991473532e-16,-1.0,1,0.7818315,0.6234898,0,159,100,100
2021-06-08 03:00:00+00:00,16.0,1304191.0,1.0,26.5,93,0.1,2.2,180,983.6,15.0,14.6,13.0,13.0,15.0,14.9,13.5,18.59702380952381,5.860676140543923e-08,0.16733200530788345,1.0043384151641603,3,0.7071067811865476,0.7071067811865476,6,1.2246467991473532e-16,-1.0,1,0.7818315,0.6234898,0,159,100,100
2021-06-08 04:00:00+00:00,16.0,,,27.6,88,0.1,2.3,162,983.2,16.0,14.8,13.0,13.0,15.333333333333334,15.133333333333333,13.625,18.598214285714285,0.5773502691896311,0.43204937989427156,1.1194913441227463,4,0.8660254037844386,0.5000000000000001,6,1.2246467991473532e-16,-1.0,1,0.7818315,0.6234898,0,159,100,100
2021-06-08 05:00:00+00:00,16.0,1304191.0,1.0,29.2,82,0.2,2.7,157,982.7,16.0,15.0,13.0,13.0,15.666666666666666,15.333333333333334,13.75,18.598214285714285,0.5773502691896333,0.5163977794946693,1.2104616438800841,5,0.9659258262890683,0.25881904510252074,6,1.2246467991473532e-16,-1.0,1,0.7818315,0.6234898,0,159,100,100
2021-06-08 06:00:00+00:00,15.5,,,29.1,77,0.6,5.6,195,981.5,16.0,15.0,14.0,12.0,16.0,15.5,13.875,18.59702380952381,0.0,0.5477225575054938,1.2824060267293755,6,1.0,6.123233995736766e-17,6,1.2246467991473532e-16,-1.0,1,0.7818315,0.6234898,0,159,100,100
2021-06-08 07:00:00+00:00,15.0,1304191.0,1.0,28.0,86,3.6,4.9,234,980.8,15.5,15.0,14.2,12.0,15.833333333333334,15.583333333333334,14.020833333333334,18.59166666666667,0.28867513459481314,0.49159604012545305,1.2587015969424356,7,0.9659258262890683,-0.25881904510252063,6,1.2246467991473532e-16,-1.0,1,0.7818315,0.6234898,0,159,100,100
2021-06-08 08:00:00+00:00,15.0,1304191.0,1.0,28.7,84,1.1,4.0,243,979.8,15.0,15.0,14.4,12.0,15.5,15.583333333333334,14.145833333333334,18.58214285714286,0.5000000000000002,0.49159604012545305,1.1967271188963469,8,0.8660254037844387,-0.4999999999999998,6,1.2246467991473532e-16,-1.0,1,0.7818315,0.6234898,0,159,100,100
2021-06-08 09:00:00+00:00,15.0,1304191.0,1.0,27.1,88,3.1,1.4,180,979.9,15.0,16.0,14.6,13.0,15.166666666666666,15.583333333333334,14.270833333333334,18.571428571428573,0.28867513459481314,0.49159604012545305,1.1168586250758377,9,0.7071067811865476,-0.7071067811865475,6,1.2246467991473532e-16,-1.0,1,0.7818315,0.6234898,0,159,100,100
2021-06-08 10:00:00+00:00,15.0,1304191.0,1.0,26.7,88,0.3,3.9,56,979.9,15.0,16.0,14.8,13.0,15.0,15.416666666666666,14.354166666666666,18.55952380952381,0.0,0.4915960401254524,1.0922570037858894,10,0.49999999999999994,-0.8660254037844387,6,1.2246467991473532e-16,-1.0,1,0.7818315,0.6234898,0,159,100,100
2021-06-08 11:00:00+00:00,14.0,1304191.0,1.0,26.0,95,0.1,4.3,48,980.6,15.0,16.0,15.0,13.0,15.0,15.25,14.4375,18.54642857142857,0.0,0.41833001326746544,1.0602758049720733,11,0.258819045102521,-0.9659258262890682,6,1.2246467991473532e-16,-1.0,1,0.7818315,0.6234898,0,159,100,100
2021-06-08 12:00:00+00:00,13.666666666666666,,,26.0,99,0.2,3.7,29,980.9,14.0,15.5,15.0,13.0,14.666666666666666,14.916666666666666,14.479166666666666,18.526190476190475,0.5773502691896255,0.4915960401254499,1.0202212746634145,12,1.2246467991473532e-16,-1.0,6,1.2246467991473532e-16,-1.0,1,0.7818315,0.6234898,0,159,100,100
2021-06-08 13:00:00+00:00,13.333333333333334,,,25.8,100,0.7,3.7,29,981.9,13.666666666666666,15.0,15.0,13.0,14.222222222222221,14.611111111111112,14.506944444444445,18.502777777777776,0.6938886664887106,0.611615953090196,0.9867224409750835,13,-0.2588190451025208,-0.9659258262890683,6,1.2246467991473532e-16,-1.0,1,0.7818315,0.6234898,0,159,100,100
2021-06-08 14:00:00+00:00,13.0,1304191.0,1.0,26.1,96,0.7,1.5,346,982.6,13.333333333333334,15.0,15.0,13.0,13.666666666666666,14.333333333333334,14.520833333333334,18.476190476190474,0.33333333333333054,0.7601169500663245,0.9667322566456155,14,-0.4999999999999997,-0.8660254037844388,6,1.2246467991473532e-16,-1.0,1,0.7818315,0.6234898,0,159,100,100
2021-06-08 15:00:00+00:00,13.0,1304191.0,1.0,25.2,99,1.1,3.7,241,983.1,13.0,15.0,16.0,13.0,13.333333333333334,14.0,14.520833333333334,18.446428571428573,0.33333333333333054,0.8432740427117772,0.9667322566456155,15,-0.7071067811865471,-0.7071067811865479,6,1.2246467991473532e-16,-1.0,1,0.7818315,0.6234898,0,159,100,100
2021-06-08 16:00:00+00:00,12.5,,,24.5,99,2.1,3.7,241,983.6,13.0,15.0,16.0,13.0,13.111111111111112,13.666666666666666,14.520833333333334,18.41547619047619,0.19245008972987243,0.7601169500663245,0.9667322566456155,16,-0.8660254037844385,-0.5000000000000004,6,1.2246467991473532e-16,-1.0,1,0.7818315,0.6234898,0,159,100,100
2021-06-08 17:00:00+00:00,12.0,1304191.0,1.0,24.0,99,2.9,6.6,221,983.4,12.5,14.0,16.0,13.0,12.833333333333334,13.25,14.5,18.380357142857143,0.28867513459481314,0.5348935511963725,1.0055402086001282,17,-0.9659258262890683,-0.25881904510252063,6,1.2246467991473532e-16,-1.0,1,0.7818315,0.6234898,0,159,100,100
2021-06-08 18:00:00+00:00,11.933333333333334,,,23.8,99,3.9,2.7,203,982.4,12.0,13.666666666666666,15.5,14.0,12.5,12.916666666666666,14.458333333333334,18.34107142857143,0.5000000000000002,0.5939509893738153,1.0877557448191,18,-1.0,-1.8369701987210297e-16,6,1.2246467991473532e-16,-1.0,1,0.7818315,0.6234898,0,159,100,100
2021-06-08 19:00:00+00:00,11.866666666666667,,,23.8,99,3.5,3.6,143,981.8,11.933333333333334,13.333333333333334,15.0,14.2,12.144444444444446,12.627777777777778,14.372222222222222,18.300198412698414,0.30971910810591907,0.5775106219965789,1.2014752070302481,19,-0.9659258262890684,0.2588190451025203,6,1.2246467991473532e-16,-1.0,1,0.7818315,0.6234898,0,159,100,100
2021-06-08 20:00:00+00:00,11.8,,,23.6,99,2.2,6.2,159,981.4,11.866666666666667,13.0,15.0,14.4,11.933333333333332,12.383333333333333,14.275,18.257738095238096,0.06666666666666272,0.5273624096496333,1.3058859690844762,20,-0.8660254037844386,0.5000000000000001,6,1.2246467991473532e-16,-1.0,1,0.7818315,0.6234898,0,159,100,100
2021-06-08 21:00:00+00:00,11.733333333333333,,,23.4,99,2.4,9.4,157,981.2,11.8,13.0,15.0,14.6,11.866666666666667,12.183333333333332,14.166666666666666,18.213690476190475,0.06666666666666052,0.4712866549261367,1.3995513428785522,21,-0.7071067811865477,0.7071067811865474,6,1.2246467991473532e-16,-1.0,1,0.7818315,0.6234898,0,159,100,100
2021-06-08 22:00:00+00:00,11.666666666666666,,,23.4,99,1.4,7.9,156,981.3,11.733333333333333,12.5,15.0,14.8,11.799999999999999,11.972222222222221,14.047222222222222,18.168055555555558,0.0666666666666594,0.2752103572562215,1.4809227005786212,22,-0.5000000000000004,0.8660254037844384,6,1.2246467991473532e-16,-1.0,1,0.7818315,0.6234898,0,159,100,100
2021-06-08 23:00:00+00:00,11.6,,,23.5,99,0.7,3.4,148,982.0,11.666666666666666,12.0,14.0,15.0,11.733333333333334,11.833333333333334,13.916666666666666,18.120833333333334,0.0666666666666583,0.12472191289389208,1.5482575526300144,23,-0.25881904510252157,0.9659258262890681,6,1.2246467991473532e-16,-1.0,1,0.7818315,0.6234898,0,159,100,100
2021-06-09 00:00:00+00:00,11.533333333333333,,,24.0,97,0.4,2.9,173,982.4,11.6,11.933333333333334,13.666666666666666,15.0,11.666666666666666,11.766666666666666,13.775,18.07202380952381,0.06666666666665719,0.12472191289389156,1.5995243858316428,0,0.0,1.0,6,1.2246467991473532e-16,-1.0,2,0.9749279,-0.22252093,0,160,100,100
2021-06-09 01:00:00+00:00,11.466666666666667,,,25.0,93,0.1,5.2,168,983.4,11.533333333333333,11.866666666666667,13.333333333333334,15.0,11.6,11.699999999999998,13.630555555555555,18.021626984126982,0.06666666666665719,0.12472191289389103,1.6401047647305962,1,0.25881904510252074,0.9659258262890683,6,1.2246467991473532e-16,-1.0,2,0.9749279,-0.22252093,0,160,100,100
2021-06-09 02:00:00+00:00,11.4,,,25.5,92,0.1,5.1,176,983.6,11.466666666666667,11.8,13.0,15.0,11.533333333333333,11.633333333333333,13.483333333333334,17.97083333333333,0.06666666666665719,0.12472191289389052,1.670141305601678,2,0.49999999999999994,0.8660254037844387,6,1.2246467991473532e-16,-1.0,2,0.9749279,-0.22252093,0,160,100,100
2021-06-09 03:00:00+00:00,11.333333333333334,,,26.0,90,0.0,5.4,172,983.5,11.4,11.733333333333333,13.0,16.0,11.466666666666667,11.566666666666668,13.333333333333334,17.919642857142858,0.06666666666665719,0.12472191289389,1.6895530095209312,3,0.7071067811865476,0.7071067811865476,6,1.2246467991473532e-16,-1.0,2,0.9749279,-0.22252093,0,160,100,100
2021-06-09 04:00:00+00:00,11.266666666666667,,,26.5,84,0.0,6.5,146,983.2,11.333333333333334,11.666666666666666,12.5,16.0,11.4,11.5,13.138888888888888,17.868055555555557,0.06666666666665719,0.12472191289389,1.6370312078649945,4,0.8660254037844386,0.5000000000000001,6,1.2246467991473532e-16,-1.0,2,0.9749279,-0.22252093,0,160,100,100
2021-06-09 05:00:00+00:00,11.2,,,27.0,81,0.0,9.4,162,982.8,11.266666666666667,11.6,12.0,16.0,11.333333333333334,11.433333333333332,12.941666666666668,17.816071428571426,0.06666666666665719,0.12472191289389,1.5606963019308053,5,0.9659258262890683,0.25881904510252074,6,1.2246467991473532e-16,-1.0,2,0.9749279,-0.22252093,0,160,100,100
2021-06-09 06:00:00+00:00,11.133333333333333,,,27.7,79,0.2,7.9,196,982.3,11.2,11.533333333333333,11.933333333333334,15.5,11.266666666666666,11.366666666666667,12.741666666666667,17.763690476190476,0.0666666666666583,0.12472191289389052,1.4557648188255103,6,1.0,6.123233995736766e-17,6,1.2246467991473532e-16,-1.0,2,0.9749279,-0.22252093,0,160,100,100
2021-06-09 07:00:00+00:00,11.066666666666666,,,28.0,76,0.2,8.0,172,981.3,11.133333333333333,11.466666666666667,11.866666666666667,15.0,11.199999999999998,11.299999999999999,12.559722222222222,17.7109126984127,0.0666666666666594,0.12472191289389103,1.36615328521816,7,0.9659258262890683,-0.25881904510252063,6,1.2246467991473532e-16,-1.0,2,0.9749279,-0.22252093,0,160,100,100
2021-06-09 08:00:00+00:00,11.0,,,26.6,81,0.9,9.4,187,980.6,11.066666666666666,11.4,11.8,15.0,11.133333333333333,11.233333333333334,12.395833333333334,17.651785714285715,0.0666666666666605,0.12472191289389156,1.2947427140759673,8,0.8660254037844387,-0.4999999999999998,6,1.2246467991473532e-16,-1.0,2,0.9749279,-0.22252093,0,160,100,100
2021-06-09 09:00:00+00:00,10.933333333333334,,,27.1,84,0.2,6.8,180,979.9,11.0,11.333333333333334,11.733333333333333,15.0,11.066666666666668,11.166666666666666,12.229166666666666,17.592261904761905,0.06666666666666272,0.12472191289389208,1.1988445524212907,9,0.7071067811865476,-0.7071067811865475,6,1.2246467991473532e-16,-1.0,2,0.9749279,-0.22252093,0,160,100,100
2021-06-09 10:00:00+00:00,10.866666666666667,,,26.4,87,0.9,9.2,201,980.2,10.933333333333334,11.266666666666667,11.666666666666666,15.0,11.0,11.1,12.059722222222222,17.53035714285714,0.06666666666666494,0.1247219128938926,1.0707340552489655,10,0.49999999999999994,-0.8660254037844387,6,1.2246467991473532e-16,-1.0,2,0.9749279,-0.22252093,0,160,100,100
2021-06-09 11:00:00+00:00,10.8,,,26.0,90,0.4,7.0,168,980.5,10.866666666666667,11.2,11.6,14.0,10.933333333333332,11.033333333333333,11.887500000000001,17.46607142857143,0.06666666666666717,0.12472191289389313,0.8952808373792221,11,0.258819045102521,-0.9659258262890682,6,1.2246467991473532e-16,-1.0,2,0.9749279,-0.22252093,0,160,100,100
2021-06-09 12:00:00+00:00,10.733333333333334,,,25.2,99,0.4,4.1,218,980.9,10.8,11.133333333333333,11.533333333333333,13.666666666666666,10.866666666666667,10.966666666666667,11.754166666666668,17.399404761904762,0.06666666666666939,0.12472191289389417,0.8002301903131345,12,1.2246467991473532e-16,-1.0,6,1.2246467991473532e-16,-1.0,2,0.9749279,-0.22252093,0,160,100,100
2021-06-09 13:00:00+00:00,10.666666666666666,,,24.9,98,1.8,3.1,216,982.0,10.733333333333334,11.066666666666666,11.466666666666667,13.333333333333334,10.800000000000002,10.9,11.631944444444443,17.332341269841272,0.06666666666667159,0.12472191289389523,0.7148851579453868,13,-0.2588190451025208,-0.9659258262890683,6,1.2246467991473532e-16,-1.0,2,0.9749279,-0.22252093,0,160,100,100
2021-06-09 14:00:00+00:00,10.6,,,24.5,99,3.0,3.8,131,982.3,10.666666666666666,11.0,11.4,13.0,10.733333333333334,10.833333333333334,11.520833333333334,17.264880952380953,0.06666666666667426,0.1247219128938968,0.6425201363416977,14,-0.4999999999999997,-0.8660254037844388,6,1.2246467991473532e-16,-1.0,2,0.9749279,-0.22252093,0,160,100,100
2021-06-09 15:00:00+00:00,10.533333333333333,,,24.5,99,3.7,4.4,145,983.1,10.6,10.933333333333334,11.333333333333334,13.0,10.666666666666666,10.766666666666666,11.420833333333334,17.19702380952381,0.06666666666667537,0.12472191289389836,0.5866314630418725,15,-0.7071067811865471,-0.7071067811865479,6,1.2246467991473532e-16,-1.0,2,0.9749279,-0.22252093,0,160,100,100
2021-06-09 16:00:00+00:00,10.466666666666667,,,24.4,99,3.5,4.3,138,983.3,10.533333333333333,10.866666666666667,11.266666666666667,12.5,10.6,10.700000000000001,11.318055555555555,17.12281746031746,0.06666666666667646,0.12472191289389993,0.5088567432842852,16,-0.8660254037844385,-0.5000000000000004,6,1.2246467991473532e-16,-1.0,2,0.9749279,-0.22252093,0,160,100,100
2021-06-09 17:00:00+00:00,10.4,,,24.2,99,2.7,3.1,144,982.8,10.466666666666667,10.8,11.2,12.0,10.533333333333333,10.633333333333335,11.233333333333334,17.048214285714284,0.06666666666667959,0.1247219128939015,0.4714045207917846,17,-0.9659258262890683,-0.25881904510252063,6,1.2246467991473532e-16,-1.0,2,0.9749279,-0.22252093,0,160,100,100
2021-06-09 18:00:00+00:00,10.333333333333334,,,24.0,99,2.1,2.8,140,982.2,10.4,10.733333333333334,11.133333333333333,11.933333333333334,10.466666666666667,10.566666666666666,11.166666666666666,16.967261904761905,0.0666666666666827,0.12472191289390307,0.47140452079178974,18,-1.0,-1.8369701987210297e-16,6,1.2246467991473532e-16,-1.0,2,0.9749279,-0.22252093,0,160,100,100
2021-06-09 19:00:00+00:00,10.266666666666667,,,23.9,99,1.2,4.1,165,981.7,10.333333333333334,10.666666666666666,11.066666666666666,11.866666666666667,10.4,10.5,11.1,16.8859126984127,0.0666666666666858,0.12472191289390464,0.4714045207917949,19,-0.9659258262890684,0.2588190451025203,6,1.2246467991473532e-16,-1.0,2,0.9749279,-0.22252093,0,160,100,100
2021-06-09 20:00:00+00:00,10.2,,,23.6,99,0.8,6.2,187,981.3,10.266666666666667,10.6,11.0,11.8,10.333333333333334,10.433333333333334,11.033333333333333,16.804166666666667,0.06666666666668891,0.12472191289390673,0.47140452079180006,20,-0.8660254037844386,0.5000000000000001,6,1.2246467991473532e-16,-1.0,2,0.9749279,-0.22252093,0,160,100,100
2021-06-09 21:00:00+00:00,10.133333333333333,,,23.4,99,0.7,5.4,160,981.0,10.2,10.533333333333333,10.933333333333334,11.733333333333333,10.266666666666667,10.366666666666667,10.966666666666667,16.71607142857143,0.06666666666669312,0.12472191289390934,0.47140452079180534,21,-0.7071067811865477,0.7071067811865474,6,1.2246467991473532e-16,-1.0,2,0.9749279,-0.22252093,0,160,100,100
2021-06-09 22:00:00+00:00,10.066666666666666,,,23.4,99,0.3,6.2,187,981.1,10.133333333333333,10.466666666666667,10.866666666666667,11.666666666666666,10.200000000000001,10.3,10.899999999999999,16.62609126984127,0.06666666666669734,0.12472191289391196,0.4714045207918108,22,-0.5000000000000004,0.8660254037844384,6,1.2246467991473532e-16,-1.0,2,0.9749279,-0.22252093,0,160,100,100
2021-06-09 23:00:00+00:00,10.0,,,23.3,100,3.0,6.4,164,981.2,10.066666666666666,10.4,10.8,11.6,10.133333333333333,10.233333333333333,10.833333333333334,16.53422619047619,0.06666666666670155,0.12472191289391457,0.47140452079181616,23,-0.25881904510252157,0.9659258262890681,6,1.2246467991473532e-16,-1.0,2,0.9749279,-0.22252093,0,160,100,100
2021-06-10 00:00:00+00:00,9.933333333333334,,,23.8,99,2.0,7.3,169,981.8,10.0,10.333333333333334,10.733333333333334,11.533333333333333,10.066666666666665,10.166666666666666,10.766666666666667,16.44047619047619,0.06666666666670688,0.12472191289391718,0.47140452079182155,0,0.0,1.0,6,1.2246467991473532e-16,-1.0,3,0.43388373,-0.90096885,0,161,100,100
2021-06-10 01:00:00+00:00,9.866666666666667,,,24.0,99,0.9,7.6,172,982.3,9.933333333333334,10.266666666666667,10.666666666666666,11.466666666666667,10.0,10.1,10.700000000000001,16.34484126984127,0.06666666666671221,0.1247219128939198,0.471404520791827,1,0.25881904510252074,0.9659258262890683,6,1.2246467991473532e-16,-1.0,3,0.43388373,-0.90096885,0,161,100,100
2021-06-10 02:00:00+00:00,9.8,,,24.2,99,0.7,6.7,164,982.6,9.866666666666667,10.2,10.6,11.4,9.933333333333335,10.033333333333333,10.633333333333335,16.242857142857144,0.06666666666671754,0.12472191289392241,0.47140452079183237,2,0.49999999999999994,0.8660254037844387,6,1.2246467991473532e-16,-1.0,3,0.43388373,-0.90096885,0,161,100,100
2021-06-10 03:00:00+00:00,9.733333333333334,,,24.9,95,0.4,6.9,174,982.9,9.8,10.133333333333333,10.533333333333333,11.333333333333334,9.866666666666667,9.966666666666667,10.566666666666666,16.14047619047619,0.06666666666672287,0.12472191289392602,0.47140452079183776,3,0.7071067811865476,0.7071067811865476,6,1.2246467991473532e-16,-1.0,3,0.43388373,-0.90096885,0,161,100,100
2021-06-10 04:00:00+00:00,9.666666666666668,,,25.4,95,0.3,5.6,165,982.5,9.733333333333334,10.066666666666666,10.466666666666667,11.266666666666667,9.799999999999999,9.9,10.5,16.037698412698415,0.0666666666667282,0.12472191289392963,0.4714045207918432,4,0.8660254037844386,0.5000000000000001,6,1.2246467991473532e-16,-1.0,3,0.43388373,-0.90096885,0,161,100,100
2021-06-10 05:00:00+00:00,9.6,,,26.6,89,0.3,6.7,144,981.8,9.666666666666668,10.0,10.4,11.2,9.733333333333334,9.833333333333334,10.433333333333334,15.93452380952381,0.06666666666673352,0.12472191289393322,0.4714045207918486,5,0.9659258262890683,0.25881904510252074,6,1.2246467991473532e-16,-1.0,3,0.43388373,-0.90096885,0,161,100,100
2021-06-10 06:00:00+00:00,9.533333333333333,,,26.5,86,0.3,6.5,174,981.0,9.6,9.933333333333334,10.333333333333334,11.133333333333333,9.666666666666668,9.766666666666667,10.366666666666665,15.83095238095238,0.06666666666673995,0.12472191289393736,0.47140452079185424,6,1.0,6.123233995736766e-17,6,1.2246467991473532e-16,-1.0,3,0.43388373,-0.90096885,0,161,100,100
2021-06-10 07:00:00+00:00,9.466666666666667,,,27.5,82,0.2,3.4,198,980.0,9.533333333333333,9.866666666666667,10.266666666666667,11.066666666666666,9.6,9.700000000000001,10.299999999999999,15.721031746031745,0.06666666666674641,0.12472191289394148,0.4714045207918599,7,0.9659258262890683,-0.25881904510252063,6,1.2246467991473532e-16,-1.0,3,0.43388373,-0.90096885,0,161,100,100
2021-06-10 08:00:00+00:00,9.4,,,26.1,87,5.1,9.2,231,979.2,9.466666666666667,9.8,10.2,11.0,9.533333333333333,9.633333333333333,10.233333333333333,15.610714285714286,0.06666666666675285,0.12472191289394562,0.4714045207918655,8,0.8660254037844387,-0.4999999999999998,6,1.2246467991473532e-16,-1.0,3,0.43388373,-0.90096885,0,161,100,100
2021-06-10 09:00:00+00:00,9.333333333333334,,,26.5,89,0.1,4.4,215,978.9,9.4,9.733333333333334,10.133333333333333,10.933333333333334,9.466666666666667,9.566666666666668,10.166666666666666,15.5,0.06666666666676038,0.12472191289394975,0.4714045207918712,9,0.7071067811865476,-0.7071067811865475,6,1.2246467991473532e-16,-1.0,3,0.43388373,-0.90096885,0,161,100,100
2021-06-10 10:00:00+00:00,9.266666666666666,,,26.0,93,0.2,4.1,142,978.7,9.333333333333334,9.666666666666668,10.066666666666666,10.866666666666667,9.4,9.5,10.1,15.38888888888889,0.06666666666676793,0.12472191289395387,0.47140452079187684,10,0.49999999999999994,-0.8660254037844387,6,1.2246467991473532e-16,-1.0,3,0.43388373,-0.90096885,0,161,100,100
2021-06-10 11:00:00+00:00,9.2,,,25.7,92,1.4,5.8,158,979.4,9.266666666666666,9.6,10.0,10.8,9.333333333333334,9.433333333333332,10.033333333333333,15.27142857142857,0.06666666666677593,0.12472191289395852,0.47140452079188266,11,0.258819045102521,-0.9659258262890682,6,1.2246467991473532e-16,-1.0,3,0.43388373,-0.90096885,0,161,100,100
2021-06-10 12:00:00+00:00,9.133333333333333,,,26.1,92,0.1,5.7,162,979.3,9.2,9.533333333333333,9.933333333333334,10.733333333333334,9.266666666666667,9.366666666666667,9.966666666666667,15.15357142857143,0.06666666666678236,0.1247219128939637,0.47140452079188844,12,1.2246467991473532e-16,-1.0,6,1.2246467991473532e-16,-1.0,3,0.43388373,-0.90096885,0,161,100,100
2021-06-10 13:00:00+00:00,9.066666666666666,,,25.7,91,0.0,7.3,171,980.4,9.133333333333333,9.466666666666667,9.866666666666667,10.666666666666666,9.2,9.299999999999999,9.9,15.035317460317462,0.0666666666667888,0.12472191289396888,0.47140452079189415,13,-0.2588190451025208,-0.9659258262890683,6,1.2246467991473532e-16,-1.0,3,0.43388373,-0.90096885,0,161,100,100
2021-06-10 14:00:00+00:00,9.0,1304191.0,1.0,25.1,93,0.0,9.2,154,981.2,9.066666666666666,9.4,9.8,10.6,9.133333333333333,9.233333333333333,9.833333333333334,14.916666666666666,0.06666666666679724,0.12472191289397404,0.4714045207919001,14,-0.4999999999999997,-0.8660254037844388,6,1.2246467991473532e-16,-1.0,3,0.43388373,-0.90096885,0,161,100,100
2021-06-10 15:00:00+00:00,9.0,1304191.0,1.0,24.5,94,1.0,6.7,144,981.9,9.0,9.333333333333334,9.733333333333334,10.533333333333333,9.066666666666666,9.166666666666666,9.766666666666667,14.803571428571429,0.06666666666680568,0.12472191289397921,0.471404520791906,15,-0.7071067811865471,-0.7071067811865479,6,1.2246467991473532e-16,-1.0,3,0.43388373,-0.90096885,0,161,100,100
2021-06-10 16:00:00+00:00,9.0,1304191.0,1.0,24.0,99,0.4,4.6,141,982.1,9.0,9.266666666666666,9.666666666666668,10.466666666666667,9.022222222222222,9.111111111111112,9.702777777777778,14.696428571428571,0.03849001794622584,0.10886621079210351,0.4668650372043216,16,-0.8660254037844385,-0.5000000000000004,6,1.2246467991473532e-16,-1.0,3,0.43388373,-0.90096885,0,161,100,100
2021-06-10 17:00:00+00:00,9.0,1304191.0,1.0,23.9,99,0.5,3.9,146,981.6,9.0,9.2,9.6,10.4,9.0,9.066666666666668,9.641666666666667,14.589285714285714,1.401849310646593e-07,0.08432740427340907,0.4584420161006609,17,-0.9659258262890683,-0.25881904510252063,6,1.2246467991473532e-16,-1.0,3,0.43388373,-0.90096885,0,161,100,100
2021-06-10 18:00:00+00:00,9.0,1304191.0,1.0,23.9,99,0.2,3.6,174,981.0,9.0,9.133333333333333,9.533333333333333,10.333333333333334,9.0,9.033333333333333,9.583333333333334,14.482142857142858,1.401849310646593e-07,0.05577733510568326,0.4466731559131352,18,-1.0,-1.8369701987210297e-16,6,1.2246467991473532e-16,-1.0,3,0.43388373,-0.90096885,0,161,100,100
2021-06-10 19:00:00+00:00,10.0,1304191.0,1.0,23.7,99,0.4,2.9,120,980.5,9.0,9.066666666666666,9.466666666666667,10.266666666666667,9.0,9.011111111111111,9.527777777777777,14.37797619047619,1.401849310646593e-07,0.027216552704591637,0.43201210694649306,19,-0.9659258262890684,0.2588190451025203,6,1.2246467991473532e-16,-1.0,3,0.43388373,-0.90096885,0,161,100,100
2021-06-10 20:00:00+00:00,10.0,1304191.0,1.0,23.4,99,1.1,3.3,84,980.1,10.0,9.0,9.4,10.2,9.333333333333334,9.166666666666666,9.516666666666667,14.282738095238095,0.5773502691896389,0.4082482904643258,0.4152875727935848,20,-0.8660254037844386,0.5000000000000001,6,1.2246467991473532e-16,-1.0,3,0.43388373,-0.90096885,0,161,100,100
2021-06-10 21:00:00+00:00,10.0,1304191.0,1.0,23.4,99,0.4,2.7,67,980.0,10.0,9.0,9.333333333333334,10.133333333333333,9.666666666666666,9.333333333333334,9.508333333333333,14.19047619047619,0.577350269189635,0.516397779494685,0.40279818372534887,21,-0.7071067811865477,0.7071067811865474,6,1.2246467991473532e-16,-1.0,3,0.43388373,-0.90096885,0,161,100,100
2021-06-10 22:00:00+00:00,10.0,1304191.0,1.0,23.3,100,0.3,1.0,45,980.0,10.0,9.0,9.266666666666666,10.066666666666666,10.0,9.5,9.502777777777778,14.101190476190476,0.0,0.5477225575055054,0.3946400141161397,22,-0.5000000000000004,0.8660254037844384,6,1.2246467991473532e-16,-1.0,3,0.43388373,-0.90096885,0,161,100,100
2021-06-10 23:00:00+00:00,10.0,1304191.0,1.0,23.5,100,0.5,0.8,63,980.5,10.0,9.0,9.2,10.0,10.0,9.666666666666666,9.5,14.011904761904763,0.0,0.5163977794946794,0.3907134561693061,23,-0.25881904510252157,0.9659258262890681,6,1.2246467991473532e-16,-1.0,3,0.43388373,-0.90096885,0,161,100,100
2021-06-11 00:00:00+00:00,10.0,1304191.0,1.0,23.9,99,0.1,5.8,176,980.7,10.0,9.0,9.133333333333333,9.933333333333334,10.0,9.833333333333334,9.5,13.922619047619047,0.0,0.40824829046431166,0.3907134561693061,0,0.0,1.0,6,1.2246467991473532e-16,-1.0,4,-0.43388373,-0.90096885,0,162,100,100
2021-06-11 01:00:00+00:00,11.0,1304191.0,1.0,24.4,99,0.4,5.4,172,981.4,10.0,10.0,9.066666666666666,9.866666666666667,10.0,10.0,9.502777777777778,13.834449404761905,0.0,6.032854315600691e-07,0.3941500568459115,1,0.25881904510252074,0.9659258262890683,6,1.2246467991473532e-16,-1.0,4,-0.43388373,-0.90096885,0,162,100,100
2021-06-11 02:00:00+00:00,11.0,1304191.0,1.0,24.5,99,0.5,6.0,155,981.8,11.0,10.0,9.0,9.8,10.333333333333334,10.166666666666666,9.549999999999999,13.753348214285714,0.5773502691896255,0.4082482904643057,0.4947062760040047,2,0.49999999999999994,0.8660254037844387,6,1.2246467991473532e-16,-1.0,4,-0.43388373,-0.90096885,0,162,100,100
2021-06-11 03:00:00+00:00,11.0,,,25.5,92,0.5,6.2,190,981.9,11.0,10.0,9.0,9.733333333333334,10.666666666666666,10.333333333333334,9.6,13.673363095238095,0.5773502691896255,0.5163977794946697,0.5751706321079731,3,0.7071067811865476,0.7071067811865476,6,1.2246467991473532e-16,-1.0,4,-0.43388373,-0.90096885,0,162,100,100
2021-06-11 04:00:00+00:00,11.0,,,27.0,84,0.3,6.0,205,981.9,11.0,10.0,9.0,9.666666666666668,11.0,10.5,9.652777777777777,13.594494047619047,0.0,0.5477225575054914,0.6421519276849497,4,0.8660254037844386,0.5000000000000001,6,1.2246467991473532e-16,-1.0,4,-0.43388373,-0.90096885,0,162,100,100
2021-06-11 05:00:00+00:00,11.0,1304191.0,1.0,27.3,84,0.1,3.7,191,981.6,11.0,10.0,9.0,9.6,11.0,10.666666666666666,9.708333333333334,13.516741071428571,0.0,0.5163977794946646,0.6986010866450884,5,0.9659258262890683,0.25881904510252074,6,1.2246467991473532e-16,-1.0,4,-0.43388373,-0.90096885,0,162,100,100
2021-06-11 06:00:00+00:00,11.0,1304191.0,1.0,28.0,83,0.2,2.9,187,980.7,11.0,10.0,9.0,9.533333333333333,11.0,10.833333333333334,9.766666666666667,13.440104166666666,0.0,0.4082482904642929,0.746003846592803,6,1.0,6.123233995736766e-17,6,1.2246467991473532e-16,-1.0,4,-0.43388373,-0.90096885,0,162,100,100
2021-06-11 07:00:00+00:00,11.0,1304191.0,1.0,28.1,81,0.3,4.1,232,979.9,11.0,11.0,10.0,9.466666666666667,11.0,11.0,9.827777777777778,13.364583333333334,0.0,5.904508736489359e-07,0.7851069447244766,7,0.9659258262890683,-0.25881904510252063,6,1.2246467991473532e-16,-1.0,4,-0.43388373,-0.90096885,0,162,100,100
2021-06-11 08:00:00+00:00,11.0,,,26.2,92,4.0,2.5,180,979.3,11.0,11.0,10.0,9.4,11.0,11.0,9.891666666666667,13.290178571428571,0.0,5.904508736489359e-07,0.8162154920542809,8,0.8660254037844387,-0.4999999999999998,6,1.2246467991473532e-16,-1.0,4,-0.43388373,-0.90096885,0,162,100,100
2021-06-11 09:00:00+00:00,11.0,,,26.5,92,0.3,3.3,139,978.7,11.0,11.0,10.0,9.333333333333334,11.0,11.0,9.958333333333334,13.216889880952381,0.0,5.904508736489359e-07,0.8393262768641426,9,0.7071067811865476,-0.7071067811865475,6,1.2246467991473532e-16,-1.0,4,-0.43388373,-0.90096885,0,162,100,100
2021-06-11 10:00:00+00:00,11.0,,,26.4,92,0.2,3.9,202,979.0,11.0,11.0,10.0,9.266666666666666,11.0,11.0,10.027777777777777,13.144717261904763,0.0,5.904508736489359e-07,0.8541836041685831,10,0.49999999999999994,-0.8660254037844387,6,1.2246467991473532e-16,-1.0,4,-0.43388373,-0.90096885,0,162,100,100
2021-06-11 11:00:00+00:00,11.0,,,25.7,95,1.5,2.7,157,979.5,11.0,11.0,10.0,9.2,11.0,11.0,10.1,13.073660714285714,0.0,5.904508736489359e-07,0.8602886831513493,11,0.258819045102521,-0.9659258262890682,6,1.2246467991473532e-16,-1.0,4,-0.43388373,-0.90096885,0,162,100,100
2021-06-11 12:00:00+00:00,11.0,,,26.8,82,0.2,6.0,155,979.7,11.0,11.0,10.0,9.133333333333333,11.0,11.0,10.174999999999999,13.003720238095237,0.0,5.904508736489359e-07,0.8568704996327537,12,1.2246467991473532e-16,-1.0,6,1.2246467991473532e-16,-1.0,4,-0.43388373,-0.90096885,0,162,100,100
2021-06-11 13:00:00+00:00,11.0,,,26.6,80,0.1,6.3,156,981.0,11.0,11.0,11.0,9.066666666666666,11.0,11.0,10.252777777777778,12.934895833333334,0.0,5.904508736489359e-07,0.8428108404156885,13,-0.2588190451025208,-0.9659258262890683,6,1.2246467991473532e-16,-1.0,4,-0.43388373,-0.90096885,0,162,100,100
2021-06-11 14:00:00+00:00,11.0,,,26.1,82,0.0,6.3,149,981.9,11.0,11.0,11.0,9.0,11.0,11.0,10.333333333333334,12.8671875,0.0,5.904508736489359e-07,0.8164965809282009,14,-0.4999999999999997,-0.8660254037844388,6,1.2246467991473532e-16,-1.0,4,-0.43388373,-0.90096885,0,162,100,100
2021-06-11 15:00:00+00:00,11.0,1304191.0,1.0,25.4,88,0.7,7.4,166,982.4,11.0,11.0,11.0,9.0,11.0,11.0,10.416666666666666,12.800595238095237,0.0,5.904508736489359e-07,0.7755316082295339,15,-0.7071067811865471,-0.7071067811865479,6,1.2246467991473532e-16,-1.0,4,-0.43388373,-0.90096885,0,162,100,100
2021-06-11 16:00:00+00:00,11.0,1304191.0,1.0,24.7,92,0.2,7.8,158,982.9,11.0,11.0,11.0,9.0,11.0,11.0,10.5,12.735119047619047,0.0,5.904508736489359e-07,0.7223151185151423,16,-0.8660254037844385,-0.5000000000000004,6,1.2246467991473532e-16,-1.0,4,-0.43388373,-0.90096885,0,162,100,100
2021-06-11 17:00:00+00:00,11.0,1304191.0,1.0,24.4,94,0.5,5.7,162,982.7,11.0,11.0,11.0,9.0,11.0,11.0,10.583333333333334,12.675595238095237,0.0,5.904508736489359e-07,0.6538625481588712,17,-0.9659258262890683,-0.25881904510252063,6,1.2246467991473532e-16,-1.0,4,-0.43388373,-0.90096885,0,162,100,100
2021-06-11 18:00:00+00:00,11.0,1304191.0,1.0,24.0,98,2.8,4.5,194,982.3,11.0,11.0,11.0,9.0,11.0,11.0,10.666666666666666,12.619047619047619,0.0,5.904508736489359e-07,0.5646597025739415,18,-1.0,-1.8369701987210297e-16,6,1.2246467991473532e-16,-1.0,4,-0.43388373,-0.90096885,0,162,100,100
2021-06-11 19:00:00+00:00,11.0,1304191.0,1.0,23.8,99,2.3,1.8,101,981.6,11.0,11.0,11.0,10.0,11.0,11.0,10.75,12.56547619047619,0.0,5.904508736489359e-07,0.4423258684655281,19,-0.9659258262890684,0.2588190451025203,6,1.2246467991473532e-16,-1.0,4,-0.43388373,-0.90096885,0,162,100,100
2021-06-11 20:00:00+00:00,10.833333333333334,,,23.6,100,0.6,2.6,74,981.3,11.0,11.0,11.0,10.0,11.0,11.0,10.791666666666666,12.51388888888889,0.0,5.904508736489359e-07,0.4148511169999415,20,-0.8660254037844386,0.5000000000000001,6,1.2246467991473532e-16,-1.0,4,-0.43388373,-0.90096885,0,162,100,100
2021-06-11 21:00:00+00:00,10.666666666666666,,,23.4,100,1.7,2.1,59,981.5,10.833333333333334,11.0,11.0,10.0,10.944444444444445,10.972222222222223,10.826388888888888,12.463293650793652,0.09622504486493728,0.06804138174654181,0.37903757690079676,21,-0.7071067811865477,0.7071067811865474,6,1.2246467991473532e-16,-1.0,4,-0.43388373,-0.90096885,0,162,100,100
2021-06-11 22:00:00+00:00,10.5,,,23.5,100,0.5,3.1,45,981.6,10.666666666666666,11.0,11.0,10.0,10.833333333333334,10.916666666666666,10.854166666666666,12.413690476190476,0.1666666666666675,0.1394433377569339,0.33805532234667657,22,-0.5000000000000004,0.8660254037844384,6,1.2246467991473532e-16,-1.0,4,-0.43388373,-0.90096885,0,162,100,100
2021-06-11 23:00:00+00:00,10.333333333333334,,,23.4,99,0.5,1.3,34,982.1,10.5,11.0,11.0,10.0,10.666666666666666,10.833333333333334,10.875,12.363095238095237,0.1666666666666675,0.21081851067872473,0.2959060433214572,23,-0.25881904510252157,0.9659258262890681,6,1.2246467991473532e-16,-1.0,4,-0.43388373,-0.90096885,0,162,100,100
2021-06-12 00:00:00+00:00,10.166666666666666,,,24.0,99,0.2,1.0,45,982.0,10.333333333333334,11.0,11.0,10.0,10.5,10.722222222222223,10.888888888888888,12.317460317460318,0.16666666666666594,0.27216552697655666,0.2585105360777562,0,0.0,1.0,6,1.2246467991473532e-16,-1.0,5,-0.9749279,-0.22252093,1,163,100,100
2021-06-12 01:00:00+00:00,10.0,1304191.0,1.0,25.0,94,0.1,1.5,104,982.9,10.166666666666666,11.0,11.0,11.0,10.333333333333334,10.583333333333334,10.895833333333334,12.270833333333334,0.1666666666666675,0.311804782231731,0.23473955143000383,1,0.25881904510252074,0.9659258262890683,6,1.2246467991473532e-16,-1.0,5,-0.9749279,-0.22252093,1,163,100,100
2021-06-12 02:00:00+00:00,10.0,1304191.0,1.0,25.5,92,0.1,1.1,90,983.3,10.0,10.833333333333334,11.0,11.0,10.166666666666666,10.416666666666666,10.854166666666666,12.223214285714286,0.1666666666666675,0.31180478223173497,0.29616102487960294,2,0.49999999999999994,0.8660254037844387,6,1.2246467991473532e-16,-1.0,5,-0.9749279,-0.22252093,1,163,100,100
2021-06-12 03:00:00+00:00,10.333333333333334,,,26.9,91,0.3,0.7,180,983.5,10.0,10.666666666666666,11.0,11.0,10.055555555555555,10.277777777777779,10.8125,12.177579365079364,0.09622504486493728,0.27216552697656904,0.3416092210466766,3,0.7071067811865476,0.7071067811865476,6,1.2246467991473532e-16,-1.0,5,-0.9749279,-0.22252093,1,163,100,100
2021-06-12 04:00:00+00:00,10.666666666666666,,,27.5,89,0.5,2.1,149,983.3,10.333333333333334,10.5,11.0,11.0,10.111111111111112,10.222222222222221,10.784722222222221,12.135912698412698,0.19245008972987585,0.20184335694072567,0.3526270171232584,4,0.8660254037844386,0.5000000000000001,6,1.2246467991473532e-16,-1.0,5,-0.9749279,-0.22252093,1,163,100,100
2021-06-12 05:00:00+00:00,11.0,1304191.0,1.0,27.6,85,0.7,4.7,176,982.7,10.666666666666666,10.333333333333334,11.0,11.0,10.333333333333334,10.25,10.770833333333334,12.098214285714286,0.333333333333334,0.2527625148024301,0.35033627737805845,5,0.9659258262890683,0.25881904510252074,6,1.2246467991473532e-16,-1.0,5,-0.9749279,-0.22252093,1,163,100,100
2021-06-12 06:00:00+00:00,11.0,1304191.0,1.0,27.9,84,0.8,4.5,209,982.3,11.0,10.166666666666666,11.0,11.0,10.666666666666666,10.361111111111112,10.770833333333334,12.0625,0.33333333333333554,0.40023141454106675,0.35033627737805845,6,1.0,6.123233995736766e-17,6,1.2246467991473532e-16,-1.0,5,-0.9749279,-0.22252093,1,163,100,100
2021-06-12 07:00:00+00:00,10.0,1304191.0,1.0,27.4,88,1.8,3.8,253,981.4,11.0,10.0,11.0,11.0,10.888888888888888,10.5,10.770833333333334,12.032738095238095,0.19245008972988106,0.4594682917367279,0.35033627737805845,7,0.9659258262890683,-0.25881904510252063,6,1.2246467991473532e-16,-1.0,5,-0.9749279,-0.22252093,1,163,100,100
2021-06-12 08:00:00+00:00,10.0,1304191.0,1.0,26.9,85,2.1,4.6,51,981.1,10.0,10.0,10.833333333333334,11.0,10.666666666666666,10.5,10.729166666666666,11.99702380952381,0.5773502691896255,0.4594682917367279,0.38009819478906,8,0.8660254037844387,-0.4999999999999998,6,1.2246467991473532e-16,-1.0,5,-0.9749279,-0.22252093,1,163,100,100
2021-06-12 09:00:00+00:00,10.0,,,26.0,91,1.5,3.1,54,980.6,10.0,10.333333333333334,10.666666666666666,11.0,10.333333333333334,10.5,10.6875,11.961309523809524,0.5773502691896255,0.4594682917367279,0.4032252220668883,9,0.7071067811865476,-0.7071067811865475,6,1.2246467991473532e-16,-1.0,5,-0.9749279,-0.22252093,1,163,100,100
2021-06-12 10:00:00+00:00,10.0,,,25.8,95,0.6,2.7,23,980.1,10.0,10.666666666666666,10.5,11.0,10.0,10.444444444444445,10.645833333333334,11.925595238095237,0.0,0.5018484351397428,0.42081270576597796,10,0.49999999999999994,-0.8660254037844387,6,1.2246467991473532e-16,-1.0,5,-0.9749279,-0.22252093,1,163,100,100
2021-06-12 11:00:00+00:00,10.0,1304191.0,1.0,25.5,97,0.2,3.4,58,980.1,10.0,11.0,10.333333333333334,11.0,10.0,10.333333333333334,10.604166666666666,11.889880952380953,0.0,0.5163977794946697,0.433535348675836,11,0.258819045102521,-0.9659258262890682,6,1.2246467991473532e-16,-1.0,5,-0.9749279,-0.22252093,1,163,100,100
2021-06-12 12:00:00+00:00,10.0,1304191.0,1.0,25.5,95,0.1,3.2,90,980.5,10.0,11.0,10.166666666666666,11.0,10.0,10.166666666666666,10.5625,11.857142857142858,0.0,0.40824829046430644,0.44181362061742363,12,1.2246467991473532e-16,-1.0,6,1.2246467991473532e-16,-1.0,5,-0.9749279,-0.22252093,1,163,100,100
2021-06-12 13:00:00+00:00,10.0,1304191.0,1.0,25.0,95,0.0,4.1,135,981.1,10.0,10.0,10.0,11.0,10.0,10.0,10.520833333333334,11.827380952380953,0.0,6.045722654630247e-07,0.4458951264242273,13,-0.2588190451025208,-0.9659258262890683,6,1.2246467991473532e-16,-1.0,5,-0.9749279,-0.22252093,1,163,100,100
2021-06-12 14:00:00+00:00,11.0,1304191.0,1.0,24.5,97,0.0,4.0,100,981.9,10.0,10.0,10.0,11.0,10.0,10.0,10.479166666666666,11.797619047619047,0.0,6.045722654630247e-07,0.4458951264242314,14,-0.4999999999999997,-0.8660254037844388,6,1.2246467991473532e-16,-1.0,5,-0.9749279,-0.22252093,1,163,100,100
2021-06-12 15:00:00+00:00,11.0,1304191.0,1.0,24.9,96,0.0,4.0,170,982.5,11.0,10.0,10.333333333333334,11.0,10.333333333333334,10.166666666666666,10.479166666666666,11.773809523809524,0.5773502691896255,0.40824829046430644,0.4458951264242314,15,-0.7071067811865471,-0.7071067811865479,6,1.2246467991473532e-16,-1.0,5,-0.9749279,-0.22252093,1,163,100,100
2021-06-12 16:00:00+00:00,11.0,1304191.0,1.0,24.9,98,0.0,6.6,189,982.9,11.0,10.0,10.666666666666666,11.0,10.666666666666666,10.333333333333334,10.479166666666666,11.755952380952381,0.5773502691896255,0.5163977794946697,0.4458951264242314,16,-0.8660254037844385,-0.5000000000000004,6,1.2246467991473532e-16,-1.0,5,-0.9749279,-0.22252093,1,163,100,100
2021-06-12 17:00:00+00:00,11.0,1304191.0,1.0,24.3,98,0.0,7.6,180,982.4,11.0,10.0,11.0,11.0,11.0,10.5,10.479166666666666,11.738095238095237,0.0,0.5477225575054909,0.4458951264242314,17,-0.9659258262890683,-0.25881904510252063,6,1.2246467991473532e-16,-1.0,5,-0.9749279,-0.22252093,1,163,100,100
2021-06-12 18:00:00+00:00,11.0,1304191.0,1.0,23.8,97,0.0,7.5,163,981.5,11.0,10.0,11.0,11.0,11.0,10.666666666666666,10.479166666666666,11.720238095238095,0.0,0.5163977794946641,0.4458951264242314,18,-1.0,-1.8369701987210297e-16,6,1.2246467991473532e-16,-1.0,5,-0.9749279,-0.22252093,1,163,100,100
2021-06-12 19:00:00+00:00,11.0,,,23.4,97,0.0,7.9,156,980.9,11.0,10.0,10.0,11.0,11.0,10.833333333333334,10.479166666666666,11.702380952380953,0.0,0.4082482904642923,0.4458951264242314,19,-0.9659258262890684,0.2588190451025203,6,1.2246467991473532e-16,-1.0,5,-0.9749279,-0.22252093,1,163,100,100
2021-06-12 20:00:00+00:00,11.0,1304191.0,1.0,23.4,97,0.0,6.0,155,980.9,11.0,11.0,10.0,10.833333333333334,11.0,11.0,10.479166666666666,11.68452380952381,0.0,5.900370632951431e-07,0.4458951264242314,20,-0.8660254037844386,0.5000000000000001,6,1.2246467991473532e-16,-1.0,5,-0.9749279,-0.22252093,1,163,100,100
2021-06-12 21:00:00+00:00,11.0,1304191.0,1.0,23.3,97,0.0,4.6,141,980.5,11.0,11.0,10.0,10.666666666666666,11.0,11.0,10.48611111111111,11.666666666666666,0.0,5.900370632951431e-07,0.4528937197818424,21,-0.7071067811865477,0.7071067811865474,6,1.2246467991473532e-16,-1.0,5,-0.9749279,-0.22252093,1,163,100,100
2021-06-12 22:00:00+00:00,11.0,1304191.0,1.0,23.2,97,0.0,6.1,180,980.3,11.0,11.0,10.0,10.5,11.0,11.0,10.5,11.648809523809524,0.0,5.900370632951431e-07,0.4636548774804289,22,-0.5000000000000004,0.8660254037844384,6,1.2246467991473532e-16,-1.0,5,-0.9749279,-0.22252093,1,163,100,100
2021-06-12 23:00:00+00:00,11.0,1304191.0,1.0,23.1,97,0.0,5.2,155,980.6,11.0,11.0,10.0,10.333333333333334,11.0,11.0,10.520833333333334,11.633928571428571,0.0,5.900370632951431e-07,0.47475521279713856,23,-0.25881904510252157,0.9659258262890681,6,1.2246467991473532e-16,-1.0,5,-0.9749279,-0.22252093,1,163,100,100
2021-06-13 00:00:00+00:00,12.0,1304191.0,1.0,23.6,96,0.1,6.1,183,981.4,11.0,11.0,10.0,10.166666666666666,11.0,11.0,10.54861111111111,11.62202380952381,0.0,5.900370632951431e-07,0.4827436849707939,0,0.0,1.0,6,1.2246467991473532e-16,-1.0,6,-0.7818315,0.6234898,1,164,100,100
2021-06-13 01:00:00+00:00,11.5,,,23.9,99,0.5,6.9,189,981.8,12.0,11.0,10.0,10.0,11.333333333333334,11.166666666666666,10.625,11.616071428571429,0.5773502691896255,0.40824829046428635,0.5587468725940241,1,0.25881904510252074,0.9659258262890683,6,1.2246467991473532e-16,-1.0,6,-0.7818315,0.6234898,1,164,100,100
2021-06-13 02:00:00+00:00,11.0,1304191.0,1.0,23.9,99,1.0,7.8,202,982.3,11.5,11.0,11.0,10.0,11.5,11.25,10.6875,11.607142857142858,0.49999999999999956,0.4183300132674493,0.5695843471367189,2,0.49999999999999994,0.8660254037844387,6,1.2246467991473532e-16,-1.0,6,-0.7818315,0.6234898,1,164,100,100
2021-06-13 03:00:00+00:00,11.0,1304191.0,1.0,24.2,98,1.3,5.4,188,982.4,11.0,11.0,11.0,10.333333333333334,11.5,11.25,10.729166666666666,11.595238095238095,0.49999999999999956,0.4183300132674493,0.5534531474968528,3,0.7071067811865476,0.7071067811865476,6,1.2246467991473532e-16,-1.0,6,-0.7818315,0.6234898,1,164,100,100
2021-06-13 04:00:00+00:00,11.0,1304191.0,1.0,24.8,98,1.5,5.8,187,982.0,11.0,11.0,11.0,10.666666666666666,11.166666666666666,11.25,10.756944444444445,11.589285714285714,0.288675134594812,0.4183300132674493,0.5494379356117555,4,0.8660254037844386,0.5000000000000001,6,1.2246467991473532e-16,-1.0,6,-0.7818315,0.6234898,1,164,100,100
2021-06-13 05:00:00+00:00,11.0,1304191.0,1.0,24.8,99,1.7,8.0,172,981.6,11.0,11.0,11.0,11.0,11.0,11.25,10.770833333333334,11.583333333333334,0.0,0.4183300132674493,0.5512666573782341,5,0.9659258262890683,0.25881904510252074,6,1.2246467991473532e-16,-1.0,6,-0.7818315,0.6234898,1,164,100,100
2021-06-13 06:00:00+00:00,11.0,1304191.0,1.0,24.6,99,3.1,8.6,178,981.1,11.0,12.0,11.0,11.0,11.0,11.25,10.770833333333334,11.575396825396826,0.0,0.4183300132674493,0.5512666573782341,6,1.0,6.123233995736766e-17,6,1.2246467991473532e-16,-1.0,6,-0.7818315,0.6234898,1,164,100,100
2021-06-13 07:00:00+00:00,11.0,,,24.5,99,2.2,8.4,200,980.1,11.0,11.5,11.0,10.0,11.0,11.083333333333334,10.770833333333334,11.56547619047619,0.0,0.20412414523278188,0.5512666573782341,7,0.9659258262890683,-0.25881904510252063,6,1.2246467991473532e-16,-1.0,6,-0.7818315,0.6234898,1,164,100,100
2021-06-13 08:00:00+00:00,11.0,1304191.0,1.0,24.6,99,1.4,8.2,195,979.1,11.0,11.0,11.0,10.0,11.0,11.0,10.8125,11.553571428571429,0.0,5.904837779301423e-07,0.5277618863620107,8,0.8660254037844387,-0.4999999999999998,6,1.2246467991473532e-16,-1.0,6,-0.7818315,0.6234898,1,164,100,100
2021-06-13 09:00:00+00:00,11.0,1304191.0,1.0,24.5,99,1.1,9.4,180,978.5,11.0,11.0,11.0,10.0,11.0,11.0,10.854166666666666,11.547619047619047,0.0,5.904837779301423e-07,0.4995468961469057,9,0.7071067811865476,-0.7071067811865475,6,1.2246467991473532e-16,-1.0,6,-0.7818315,0.6234898,1,164,100,100
2021-06-13 10:00:00+00:00,11.0,1304191.0,1.0,24.3,99,0.7,10.9,189,978.3,11.0,11.0,11.0,10.0,11.0,11.0,10.895833333333334,11.541666666666666,0.0,5.904837779301423e-07,0.46576647131135346,10,0.49999999999999994,-0.8660254037844387,6,1.2246467991473532e-16,-1.0,6,-0.7818315,0.6234898,1,164,100,100
2021-06-13 11:00:00+00:00,11.0,,,24.0,99,0.5,10.5,186,978.7,11.0,11.0,11.0,10.0,11.0,11.0,10.9375,11.535714285714286,0.0,5.904837779301423e-07,0.425095897110117,11,0.258819045102521,-0.9659258262890682,6,1.2246467991473532e-16,-1.0,6,-0.7818315,0.6234898,1,164,100,100
2021-06-13 12:00:00+00:00,11.0,1304191.0,1.0,23.9,99,0.8,11.7,191,978.8,11.0,11.0,12.0,10.0,11.0,11.0,10.979166666666666,11.529761904761905,0.0,5.904837779301423e-07,0.3753018109150069,12,1.2246467991473532e-16,-1.0,6,1.2246467991473532e-16,-1.0,6,-0.7818315,0.6234898,1,164,100,100
2021-06-13 13:00:00+00:00,11.0,1304191.0,1.0,23.9,99,1.4,11.3,187,979.5,11.0,11.0,11.5,10.0,11.0,11.0,11.020833333333334,11.523809523809524,0.0,5.904837779301423e-07,0.3120467727865726,13,-0.2588190451025208,-0.9659258262890683,6,1.2246467991473532e-16,-1.0,6,-0.7818315,0.6234898,1,164,100,100
2021-06-13 14:00:00+00:00,11.0,1304191.0,1.0,23.7,99,2.1,9.9,199,980.0,11.0,11.0,11.0,11.0,11.0,11.0,11.0625,11.517857142857142,0.0,5.904837779301423e-07,0.22421360157481338,14,-0.4999999999999997,-0.8660254037844388,6,1.2246467991473532e-16,-1.0,6,-0.7818315,0.6234898,1,164,100,100
2021-06-13 15:00:00+00:00,10.5,,,23.5,98,2.2,8.7,185,980.7,11.0,11.0,11.0,11.0,11.0,11.0,11.0625,11.505952380952381,0.0,5.904837779301423e-07,0.22421360157481338,15,-0.7071067811865471,-0.7071067811865479,6,1.2246467991473532e-16,-1.0,6,-0.7818315,0.6234898,1,164,100,100
2021-06-13 16:00:00+00:00,10.0,1304191.0,1.0,23.4,99,3.1,12.2,194,980.9,10.5,11.0,11.0,11.0,10.833333333333334,10.916666666666666,11.041666666666666,11.491071428571429,0.28867513459481314,0.2041241452327894,0.2518050775940893,16,-0.8660254037844385,-0.5000000000000004,6,1.2246467991473532e-16,-1.0,6,-0.7818315,0.6234898,1,164,100,100
2021-06-13 17:00:00+00:00,10.0,1304191.0,1.0,23.1,98,4.5,15.5,208,979.6,10.0,11.0,11.0,11.0,10.5,10.75,11.0,11.473214285714286,0.5000000000000002,0.41833001326745994,0.32969023669898456,17,-0.9659258262890683,-0.25881904510252063,6,1.2246467991473532e-16,-1.0,6,-0.7818315,0.6234898,1,164,100,100
2021-06-13 18:00:00+00:00,10.0,1304191.0,1.0,23.0,99,3.3,11.6,158,980.6,10.0,11.0,11.0,11.0,10.166666666666666,10.583333333333334,10.958333333333334,11.455357142857142,0.28867513459481314,0.49159604012544944,0.3877658041154513,18,-1.0,-1.8369701987210297e-16,6,1.2246467991473532e-16,-1.0,6,-0.7818315,0.6234898,1,164,100,100
2021-06-13 19:00:00+00:00,10.0,1304191.0,1.0,22.9,98,5.3,14.4,179,980.7,10.0,11.0,11.0,11.0,10.0,10.416666666666666,10.916666666666666,11.4375,0.0,0.4915960401254519,0.4340573661420522,19,-0.9659258262890684,0.2588190451025203,6,1.2246467991473532e-16,-1.0,6,-0.7818315,0.6234898,1,164,100,100
2021-06-13 20:00:00+00:00,10.0,,,22.7,99,6.1,11.5,180,980.6,10.0,11.0,11.0,11.0,10.0,10.25,10.875,11.419642857142858,0.0,0.4183300132674691,0.4720445815357397,20,-0.8660254037844386,0.5000000000000001,6,1.2246467991473532e-16,-1.0,6,-0.7818315,0.6234898,1,164,100,100
2021-06-13 21:00:00+00:00,10.0,1304191.0,1.0,22.5,99,6.6,9.5,155,981.0,10.0,10.5,11.0,11.0,10.0,10.083333333333334,10.833333333333334,11.401785714285714,0.0,0.20412414523282246,0.5036101551860631,21,-0.7071067811865477,0.7071067811865474,6,1.2246467991473532e-16,-1.0,6,-0.7818315,0.6234898,1,164,100,100
2021-06-13 22:00:00+00:00,10.0,1304191.0,1.0,22.5,99,7.0,9.0,175,981.3,10.0,10.0,11.0,11.0,10.0,10.0,10.791666666666666,11.383928571428571,0.0,6.043472673273711e-07,0.5299029170046268,22,-0.5000000000000004,0.8660254037844384,6,1.2246467991473532e-16,-1.0,6,-0.7818315,0.6234898,1,164,100,100
2021-06-13 23:00:00+00:00,9.5,,,22.4,99,7.5,9.4,176,981.3,10.0,10.0,11.0,11.0,10.0,10.0,10.75,11.366071428571429,0.0,6.043472673273711e-07,0.5516772843680419,23,-0.25881904510252157,0.9659258262890681,6,1.2246467991473532e-16,-1.0,6,-0.7818315,0.6234898,1,164,100,100
2021-06-14 00:00:00+00:00,9.0,1304191.0,1.0,22.4,99,4.5,9.5,169,982.3,9.5,10.0,11.0,12.0,9.833333333333334,9.916666666666666,10.6875,11.345238095238095,0.28867513459481314,0.20412414523282998,0.6045569703804009,0,0.0,1.0,6,1.2246467991473532e-16,-1.0,0,0.0,1.0,0,165,100,100
2021-06-14 01:00:00+00:00,9.0,1304191.0,1.0,22.8,99,2.8,9.9,170,982.8,9.0,10.0,11.0,11.5,9.5,9.75,10.5625,11.321428571428571,0.5000000000000002,0.41833001326747976,0.6309499394466364,1,0.25881904510252074,0.9659258262890683,6,1.2246467991473532e-16,-1.0,0,0.0,1.0,0,165,100,100
2021-06-14 02:00:00+00:00,9.0,1304191.0,1.0,23.0,99,2.7,9.3,167,983.3,9.0,10.0,11.0,11.0,9.166666666666666,9.583333333333334,10.458333333333334,11.297619047619047,0.28867513459481314,0.4915960401254663,0.6743219890588643,2,0.49999999999999994,0.8660254037844387,6,1.2246467991473532e-16,-1.0,0,0.0,1.0,0,165,100,100
2021-06-14 03:00:00+00:00,10.0,1304191.0,1.0,23.5,99,2.5,9.4,162,983.2,9.0,10.0,10.5,11.0,9.0,9.416666666666666,10.375,11.273809523809524,0.0,0.4915960401254687,0.7260674300946522,3,0.7071067811865476,0.7071067811865476,6,1.2246467991473532e-16,-1.0,0,0.0,1.0,0,165,100,100
2021-06-14 04:00:00+00:00,9.0,1304191.0,1.0,23.9,99,1.8,10.5,172,983.1,10.0,10.0,10.0,11.0,9.333333333333334,9.416666666666666,10.333333333333334,11.255952380952381,0.5773502691896255,0.4915960401254687,0.7172815023573147,4,0.8660254037844386,0.5000000000000001,6,1.2246467991473532e-16,-1.0,0,0.0,1.0,0,165,100,100
2021-06-14 05:00:00+00:00,9.0,1304191.0,1.0,24.1,98,1.1,11.5,176,982.8,9.0,9.5,10.0,11.0,9.333333333333334,9.25,10.25,11.232142857142858,0.5773502691896255,0.4183300132674889,0.7518094115566344,5,0.9659258262890683,0.25881904510252074,6,1.2246467991473532e-16,-1.0,0,0.0,1.0,0,165,100,100
2021-06-14 06:00:00+00:00,9.0,1304191.0,1.0,24.8,93,0.9,12.6,180,982.3,9.0,9.0,10.0,11.0,9.333333333333334,9.166666666666666,10.166666666666666,11.208333333333334,0.5773502691896255,0.4082482904643269,0.7755316082295493,6,1.0,6.123233995736766e-17,6,1.2246467991473532e-16,-1.0,0,0.0,1.0,0,165,100,100
2021-06-14 07:00:00+00:00,9.0,1304191.0,1.0,25.3,90,0.6,14.3,190,981.3,9.0,9.0,10.0,11.0,9.0,9.166666666666666,10.083333333333334,11.19047619047619,0.0,0.4082482904643269,0.7894228308060901,7,0.9659258262890683,-0.25881904510252063,6,1.2246467991473532e-16,-1.0,0,0.0,1.0,0,165,100,100
2021-06-14 08:00:00+00:00,8.0,1304191.0,1.0,25.4,92,0.6,11.2,182,980.7,9.0,9.0,10.0,11.0,9.0,9.166666666666666,10.0,11.172619047619047,0.0,0.4082482904643269,0.7939992333809285,8,0.8660254037844387,-0.4999999999999998,6,1.2246467991473532e-16,-1.0,0,0.0,1.0,0,165,100,100
2021-06-14 09:00:00+00:00,7.666666666666667,,,25.9,91,0.5,10.9,186,980.0,8.0,10.0,10.0,11.0,8.666666666666666,9.0,9.875,11.148809523809524,0.5773502691896255,0.6324555320339775,0.8628819255217496,9,0.7071067811865476,-0.7071067811865475,6,1.2246467991473532e-16,-1.0,0,0.0,1.0,0,165,100,100
2021-06-14 10:00:00+00:00,7.333333333333333,,,25.7,92,0.4,10.0,193,979.8,7.666666666666667,9.0,10.0,11.0,8.222222222222223,8.61111111111111,9.73611111111111,11.117063492063492,0.6938886664887102,0.611615953090223,0.9388510125857873,10,0.49999999999999994,-0.8660254037844387,6,1.2246467991473532e-16,-1.0,0,0.0,1.0,0,165,100,100
2021-06-14 11:00:00+00:00,7.0,1304191.0,1.0,25.0,92,0.5,10.6,190,980.0,7.333333333333333,9.0,9.5,11.0,7.666666666666667,8.333333333333334,9.583333333333334,11.083333333333334,0.3333333333333302,0.7601169500663504,1.019140492275728,11,0.258819045102521,-0.9659258262890682,6,1.2246467991473532e-16,-1.0,0,0.0,1.0,0,165,100,100
2021-06-14 12:00:00+00:00,7.0,,,23.3,99,0.2,6.1,140,981.2,7.0,9.0,9.0,11.0,7.333333333333333,8.0,9.416666666666666,11.047619047619047,0.3333333333333294,0.8432740427118047,1.1011631970213538,12,1.2246467991473532e-16,-1.0,6,1.2246467991473532e-16,-1.0,0,0.0,1.0,0,165,100,100
2021-06-14 13:00:00+00:00,7.0,1304191.0,1.0,23.1,99,0.7,5.3,152,981.4,7.0,9.0,9.0,11.0,7.111111111111111,7.666666666666667,9.25,11.011904761904763,0.19245008972986746,0.7601169500663593,1.1526067913472535,13,-0.2588190451025208,-0.9659258262890683,6,1.2246467991473532e-16,-1.0,0,0.0,1.0,0,165,100,100
2021-06-14 14:00:00+00:00,8.0,1304191.0,1.0,23.1,99,0.6,5.5,157,982.1,7.0,8.0,9.0,11.0,7.0,7.333333333333333,9.083333333333334,10.976190476190476,0.0,0.4216370213562738,1.177486063591659,14,-0.4999999999999997,-0.8660254037844388,6,1.2246467991473532e-16,-1.0,0,0.0,1.0,0,165,100,100
2021-06-14 15:00:00+00:00,8.0,1304191.0,1.0,23.0,99,0.7,4.7,157,982.6,8.0,7.666666666666667,10.0,10.5,7.333333333333333,7.333333333333333,8.958333333333334,10.946428571428571,0.5773502691896258,0.4216370213562738,1.12315334213659,15,-0.7071067811865471,-0.7071067811865479,6,1.2246467991473532e-16,-1.0,0,0.0,1.0,0,165,100,100
2021-06-14 16:00:00+00:00,8.0,,,22.9,99,0.6,5.8,158,982.6,8.0,7.333333333333333,9.0,10.0,7.666666666666667,7.388888888888888,8.854166666666666,10.916666666666666,0.5773502691896258,0.4906533814630778,1.0893783406526112,16,-0.8660254037844385,-0.5000000000000004,6,1.2246467991473532e-16,-1.0,0,0.0,1.0,0,165,100,100
2021-06-14 17:00:00+00:00,8.0,1304191.0,1.0,22.8,99,0.3,6.2,159,982.1,8.0,7.0,9.0,10.0,8.0,7.5,8.770833333333334,10.886904761904763,0.0,0.5477225575055398,1.0743074389721365,17,-0.9659258262890683,-0.25881904510252063,6,1.2246467991473532e-16,-1.0,0,0.0,1.0,0,165,100,100
2021-06-14 18:00:00+00:00,8.0,1304191.0,1.0,22.7,99,0.3,4.3,156,981.5,8.0,7.0,9.0,10.0,8.0,7.666666666666667,8.6875,10.857142857142858,0.0,0.5163977794947153,1.0521573191094173,18,-1.0,-1.8369701987210297e-16,6,1.2246467991473532e-16,-1.0,0,0.0,1.0,0,165,100,100
2021-06-14 19:00:00+00:00,8.5,,,22.7,99,0.5,4.7,148,981.0,8.0,7.0,9.0,10.0,8.0,7.833333333333333,8.604166666666666,10.821428571428571,0.0,0.4082482904643563,1.0224680050040558,19,-0.9659258262890684,0.2588190451025203,6,1.2246467991473532e-16,-1.0,0,0.0,1.0,0,165,100,100
2021-06-14 20:00:00+00:00,9.0,1304191.0,1.0,22.7,99,0.8,4.5,151,980.9,8.5,8.0,8.0,10.0,8.166666666666666,8.083333333333334,8.541666666666666,10.7875,0.28867513459481314,0.20412414523290692,0.978327963346482,20,-0.8660254037844386,0.5000000000000001,6,1.2246467991473532e-16,-1.0,0,0.0,1.0,0,165,100,100
2021-06-14 21:00:00+00:00,9.0,,,22.7,99,1.4,4.9,163,980.8,9.0,8.0,7.666666666666667,10.0,8.5,8.25,8.5,10.755357142857143,0.5000000000000002,0.4183300132675103,0.9337990556481878,21,-0.7071067811865477,0.7071067811865474,6,1.2246467991473532e-16,-1.0,0,0.0,1.0,0,165,100,100
2021-06-14 22:00:00+00:00,9.0,1304191.0,1.0,22.7,99,1.0,5.5,157,980.9,9.0,8.0,7.333333333333333,10.0,8.833333333333334,8.416666666666666,8.458333333333334,10.72202380952381,0.28867513459481314,0.4915960401254869,0.8849929719423891,22,-0.5000000000000004,0.8660254037844384,6,1.2246467991473532e-16,-1.0,0,0.0,1.0,0,165,100,100
2021-06-14 23:00:00+00:00,9.0,,,22.7,99,0.5,4.6,162,981.3,9.0,8.0,7.0,9.5,9.0,8.583333333333334,8.416666666666666,10.6875,0.0,0.4915960401254845,0.831156577330409,23,-0.25881904510252157,0.9659258262890681,6,1.2246467991473532e-16,-1.0,0,0.0,1.0,0,165,100,100
2021-06-15 00:00:00+00:00,9.0,1304191.0,1.0,23.3,99,1.3,6.2,159,982.2,9.0,8.0,7.0,9.0,9.0,8.75,8.395833333333334,10.651785714285714,0.0,0.41833001326750163,0.8087870383672742,0,0.0,1.0,6,1.2246467991473532e-16,-1.0,1,0.7818315,0.6234898,0,166,100,100
2021-06-15 01:00:00+00:00,9.0,1304191.0,1.0,24.2,93,0.1,6.9,174,982.9,9.0,8.5,7.0,9.0,9.0,8.916666666666666,8.395833333333334,10.616071428571429,0.0,0.20412414523287722,0.8087870383672742,1,0.25881904510252074,0.9659258262890683,6,1.2246467991473532e-16,-1.0,1,0.7818315,0.6234898,0,166,100,100
2021-06-15 02:00:00+00:00,8.5,,,25.2,90,0.2,8.7,197,983.3,9.0,9.0,8.0,9.0,9.0,9.0,8.395833333333334,10.580357142857142,0.0,6.206248666048829e-07,0.8087870383672742,2,0.49999999999999994,0.8660254037844387,6,1.2246467991473532e-16,-1.0,1,0.7818315,0.6234898,0,166,100,100
2021-06-15 03:00:00+00:00,8.0,1304191.0,1.0,25.9,86,0.1,9.8,204,983.6,8.5,9.0,8.0,10.0,8.833333333333334,8.916666666666666,8.375,10.541666666666666,0.28867513459481314,0.20412414523287645,0.7989274210812559,3,0.7071067811865476,0.7071067811865476,6,1.2246467991473532e-16,-1.0,1,0.7818315,0.6234898,0,166,100,100
2021-06-15 04:00:00+00:00,8.0,1304191.0,1.0,26.9,79,0.1,11.6,206,983.1,8.0,9.0,8.0,9.0,8.5,8.75,8.291666666666666,10.494047619047619,0.5000000000000002,0.41833001326750047,0.722733004068617,4,0.8660254037844386,0.5000000000000001,6,1.2246467991473532e-16,-1.0,1,0.7818315,0.6234898,0,166,100,100
2021-06-15 05:00:00+00:00,8.0,,,27.8,74,0.1,12.7,205,982.6,8.0,9.0,8.0,9.0,8.166666666666666,8.583333333333334,8.25,10.446428571428571,0.28867513459481314,0.49159604012548286,0.7088127107622771,5,0.9659258262890683,0.25881904510252074,6,1.2246467991473532e-16,-1.0,1,0.7818315,0.6234898,0,166,100,100
2021-06-15 06:00:00+00:00,8.0,1304191.0,1.0,28.2,73,0.1,13.8,200,981.7,8.0,9.0,8.0,9.0,8.0,8.416666666666666,8.208333333333334,10.398809523809524,0.0,0.4915960401254847,0.6920005305637348,6,1.0,6.123233995736766e-17,6,1.2246467991473532e-16,-1.0,1,0.7818315,0.6234898,0,166,100,100
2021-06-15 07:00:00+00:00,8.0,1304191.0,1.0,28.9,70,0.0,15.0,201,980.7,8.0,9.0,8.5,9.0,8.0,8.25,8.166666666666666,10.354166666666666,0.0,0.41833001326750685,0.6720794754022892,7,0.9659258262890683,-0.25881904510252063,6,1.2246467991473532e-16,-1.0,1,0.7818315,0.6234898,0,166,100,100
2021-06-15 08:00:00+00:00,8.0,,,29.1,69,0.0,13.9,211,979.9,8.0,8.5,9.0,8.0,8.0,8.083333333333334,8.125,10.3125,0.0,0.20412414523289818,0.6487632232238084,8,0.8660254037844387,-0.4999999999999998,6,1.2246467991473532e-16,-1.0,1,0.7818315,0.6234898,0,166,100,100
2021-06-15 09:00:00+00:00,8.0,,,29.5,67,0.0,14.0,203,979.1,8.0,8.0,9.0,7.666666666666667,8.0,8.0,8.125,10.270833333333334,0.0,6.291484840398228e-07,0.6487632232238084,9,0.7071067811865476,-0.7071067811865475,6,1.2246467991473532e-16,-1.0,1,0.7818315,0.6234898,0,166,100,100
2021-06-15 10:00:00+00:00,8.0,,,28.6,72,0.1,12.5,192,978.7,8.0,8.0,9.0,7.333333333333333,8.0,8.0,8.13888888888889,10.229166666666666,0.0,6.291484840398228e-07,0.6420578831248659,10,0.49999999999999994,-0.8660254037844387,6,1.2246467991473532e-16,-1.0,1,0.7818315,0.6234898,0,166,100,100
2021-06-15 11:00:00+00:00,8.0,,,27.5,77,0.0,11.9,194,979.4,8.0,8.0,9.0,7.0,8.0,8.0,8.166666666666666,10.1875,0.0,6.291484840398228e-07,0.6197241087899278,11,0.258819045102521,-0.9659258262890682,6,1.2246467991473532e-16,-1.0,1,0.7818315,0.6234898,0,166,100,100
2021-06-15 12:00:00+00:00,8.0,1304191.0,1.0,26.2,81,0.0,12.5,192,980.6,8.0,8.0,9.0,7.0,8.0,8.0,8.208333333333334,10.151785714285714,0.0,6.291484840398228e-07,0.5694518086017585,12,1.2246467991473532e-16,-1.0,6,1.2246467991473532e-16,-1.0,1,0.7818315,0.6234898,0,166,100,100
2021-06-15 13:00:00+00:00,8.0,1304191.0,1.0,25.4,87,0.0,9.9,190,981.5,8.0,8.0,9.0,7.0,8.0,8.0,8.25,10.118055555555555,0.0,6.291484840398228e-07,0.5107539184561977,13,-0.2588190451025208,-0.9659258262890683,6,1.2246467991473532e-16,-1.0,1,0.7818315,0.6234898,0,166,100,100
2021-06-15 14:00:00+00:00,7.5,,,25.0,89,0.0,9.7,176,982.2,8.0,8.0,8.5,8.0,8.0,8.0,8.291666666666666,10.086309523809524,0.0,6.291484840398228e-07,0.44027330115634955,14,-0.4999999999999997,-0.8660254037844388,6,1.2246467991473532e-16,-1.0,1,0.7818315,0.6234898,0,166,100,100
2021-06-15 15:00:00+00:00,7.0,1304191.0,1.0,24.5,91,0.0,9.9,170,982.7,7.5,8.0,8.0,8.0,7.833333333333333,7.916666666666667,8.270833333333334,10.053571428571429,0.28867513459481275,0.20412414523290393,0.4657664713116094,15,-0.7071067811865471,-0.7071067811865479,6,1.2246467991473532e-16,-1.0,1,0.7818315,0.6234898,0,166,100,100
2021-06-15 16:00:00+00:00,6.5,,,24.4,92,0.0,9.0,164,983.0,7.0,8.0,8.0,8.0,7.5,7.75,8.229166666666666,10.017857142857142,0.4999999999999999,0.41833001326751484,0.5311833930973562,16,-0.8660254037844385,-0.5000000000000004,6,1.2246467991473532e-16,-1.0,1,0.7818315,0.6234898,0,166,100,100
2021-06-15 17:00:00+00:00,6.0,1304191.0,1.0,24.2,92,0.4,7.9,164,982.8,6.5,8.0,8.0,8.0,7.0,7.5,8.166666666666666,9.982142857142858,0.4999999999999999,0.632455532033994,0.6370220572713734,17,-0.9659258262890683,-0.25881904510252063,6,1.2246467991473532e-16,-1.0,1,0.7818315,0.6234898,0,166,100,100
2021-06-15 18:00:00+00:00,6.0,,,23.9,94,0.1,7.2,162,982.3,6.0,8.0,8.0,8.0,6.5,7.166666666666667,8.083333333333334,9.946428571428571,0.4999999999999999,0.8164965809279752,0.7755316082296743,18,-1.0,-1.8369701987210297e-16,6,1.2246467991473532e-16,-1.0,1,0.7818315,0.6234898,0,166,100,100
2021-06-15 19:00:00+00:00,6.0,1304191.0,1.0,23.8,95,0.3,7.3,171,981.9,6.0,8.0,8.0,8.5,6.166666666666667,6.833333333333333,8.0,9.911111111111111,0.28867513459481275,0.8164965809279779,0.8846517369299448,19,-0.9659258262890684,0.2588190451025203,6,1.2246467991473532e-16,-1.0,1,0.7818315,0.6234898,0,166,100,100
2021-06-15 20:00:00+00:00,5.5,,,23.6,96,0.2,6.8,155,981.6,6.0,7.5,8.0,9.0,6.0,6.5,7.895833333333333,9.876190476190477,0.0,0.6324555320340046,0.9666073195180825,20,-0.8660254037844386,0.5000000000000001,6,1.2246467991473532e-16,-1.0,1,0.7818315,0.6234898,0,166,100,100
2021-06-15 21:00:00+00:00,5.0,1304191.0,1.0,23.5,97,0.1,6.6,158,981.8,5.5,7.0,8.0,9.0,5.833333333333333,6.166666666666667,7.75,9.838690476190477,0.28867513459481275,0.5163977794947289,1.0529461772450348,21,-0.7071067811865477,0.7071067811865474,6,1.2246467991473532e-16,-1.0,1,0.7818315,0.6234898,0,166,100,100
2021-06-15 22:00:00+00:00,5.0,,,23.3,97,0.0,6.4,142,981.9,5.0,6.5,8.0,9.0,5.5,5.833333333333333,7.583333333333333,9.79861111111111,0.4999999999999999,0.5163977794947323,1.1578340598488037,22,-0.5000000000000004,0.8660254037844384,6,1.2246467991473532e-16,-1.0,1,0.7818315,0.6234898,0,166,100,100
2021-06-15 23:00:00+00:00,5.0,1304191.0,1.0,23.3,97,0.0,5.6,140,982.6,5.0,6.0,8.0,9.0,5.166666666666667,5.583333333333333,7.416666666666667,9.758928571428571,0.28867513459481275,0.4915960401255207,1.2306472905037578,23,-0.25881904510252157,0.9659258262890681,6,1.2246467991473532e-16,-1.0,1,0.7818315,0.6234898,0,166,100,100
2021-06-16 00:00:00+00:00,6.0,1304191.0,1.0,24.4,94,0.0,8.3,162,983.4,5.0,6.0,8.0,9.0,5.0,5.416666666666667,7.25,9.719642857142858,0.0,0.49159604012552255,1.2768847961385412,0,0.0,1.0,6,1.2246467991473532e-16,-1.0,2,0.9749279,-0.22252093,0,167,100,100
2021-06-16 01:00:00+00:00,6.0,,,25.2,91,0.0,8.6,165,984.1,6.0,6.0,8.0,9.0,5.333333333333333,5.416666666666667,7.125,9.686706349206348,0.5773502691896258,0.49159604012552255,1.2445533509975943,1,0.25881904510252074,0.9659258262890683,6,1.2246467991473532e-16,-1.0,2,0.9749279,-0.22252093,0,167,100,100
2021-06-16 02:00:00+00:00,6.0,,,26.1,87,0.0,8.8,171,984.5,6.0,5.5,7.5,8.5,5.666666666666667,5.416666666666667,7.0,9.654166666666667,0.5773502691896258,0.49159604012552255,1.1978241142574917,2,0.49999999999999994,0.8660254037844387,6,1.2246467991473532e-16,-1.0,2,0.9749279,-0.22252093,0,167,100,100
2021-06-16 03:00:00+00:00,6.0,,,26.9,83,0.0,8.3,178,984.8,6.0,5.0,7.0,8.0,6.0,5.5,6.895833333333333,9.62202380952381,0.0,0.5477225575055557,1.1700907310297275,3,0.7071067811865476,0.7071067811865476,6,1.2246467991473532e-16,-1.0,2,0.9749279,-0.22252093,0,167,100,100
2021-06-16 04:00:00+00:00,6.0,,,27.3,80,0.1,8.6,165,984.6,6.0,5.0,6.5,8.0,6.0,5.666666666666667,6.8125,9.590277777777779,0.0,0.5163977794947339,1.159202311937442,4,0.8660254037844386,0.5000000000000001,6,1.2246467991473532e-16,-1.0,2,0.9749279,-0.22252093,0,167,100,100
2021-06-16 05:00:00+00:00,6.0,,,28.2,78,0.2,7.6,161,984.1,6.0,5.0,6.0,8.0,6.0,5.833333333333333,6.729166666666667,9.558928571428572,0.0,0.40824829046438194,1.1418821863648414,5,0.9659258262890683,0.25881904510252074,6,1.2246467991473532e-16,-1.0,2,0.9749279,-0.22252093,0,167,100,100
2021-06-16 06:00:00+00:00,6.0,,,27.0,85,8.5,14.7,211,983.6,6.0,6.0,6.0,8.0,6.0,6.0,6.645833333333333,9.52797619047619,0.0,6.499366556899061e-07,1.117831428011577,6,1.0,6.123233995736766e-17,6,1.2246467991473532e-16,-1.0,2,0.9749279,-0.22252093,0,167,100,100
2021-06-16 07:00:00+00:00,6.0,,,26.5,89,2.3,10.7,194,983.1,6.0,6.0,6.0,8.0,6.0,6.0,6.5625,9.497420634920635,0.0,6.499366556899061e-07,1.0866032034465318,7,0.9659258262890683,-0.25881904510252063,6,1.2246467991473532e-16,-1.0,2,0.9749279,-0.22252093,0,167,100,100
2021-06-16 08:00:00+00:00,6.0,,,26.1,90,0.8,5.9,128,982.2,6.0,6.0,5.5,8.0,6.0,6.0,6.479166666666667,9.467261904761905,0.0,6.499366556899061e-07,1.0475558163682446,8,0.8660254037844387,-0.4999999999999998,6,1.2246467991473532e-16,-1.0,2,0.9749279,-0.22252093,0,167,100,100
2021-06-16 09:00:00+00:00,6.0,,,26.6,88,0.0,5.5,122,981.7,6.0,6.0,5.0,8.0,6.0,6.0,6.395833333333333,9.4375,0.0,6.499366556899061e-07,0.9997735250797682,9,0.7071067811865476,-0.7071067811865475,6,1.2246467991473532e-16,-1.0,2,0.9749279,-0.22252093,0,167,100,100
2021-06-16 10:00:00+00:00,6.0,,,26.5,89,0.1,4.7,94,981.5,6.0,6.0,5.0,8.0,6.0,6.0,6.3125,9.40813492063492,0.0,6.499366556899061e-07,0.9419279488743946,10,0.49999999999999994,-0.8660254037844387,6,1.2246467991473532e-16,-1.0,2,0.9749279,-0.22252093,0,167,100,100
2021-06-16 11:00:00+00:00,6.0,,,25.4,93,1.8,3.3,221,982.0,6.0,6.0,5.0,8.0,6.0,6.0,6.229166666666667,9.379166666666666,0.0,6.499366556899061e-07,0.8720187306863505,11,0.258819045102521,-0.9659258262890682,6,1.2246467991473532e-16,-1.0,2,0.9749279,-0.22252093,0,167,100,100
2021-06-16 12:00:00+00:00,6.0,,,26.0,90,0.4,3.4,162,982.0,6.0,6.0,6.0,8.0,6.0,6.0,6.145833333333333,9.350595238095238,0.0,6.499366556899061e-07,0.7868369073967966,12,1.2246467991473532e-16,-1.0,6,1.2246467991473532e-16,-1.0,2,0.9749279,-0.22252093,0,167,100,100
2021-06-16 13:00:00+00:00,6.0,,,25.4,93,0.0,8.3,178,983.0,6.0,6.0,6.0,8.0,6.0,6.0,6.0625,9.322420634920636,0.0,6.499366556899061e-07,0.6806726213037276,13,-0.2588190451025208,-0.9659258262890683,6,1.2246467991473532e-16,-1.0,2,0.9749279,-0.22252093,0,167,100,100
2021-06-16 14:00:00+00:00,6.0,,,24.9,96,0.0,8.0,175,983.9,6.0,6.0,6.0,7.5,6.0,6.0,5.979166666666667,9.294642857142858,0.0,6.499366556899061e-07,0.5413181710602668,14,-0.4999999999999997,-0.8660254037844388,6,1.2246467991473532e-16,-1.0,2,0.9749279,-0.22252093,0,167,100,100
2021-06-16 15:00:00+00:00,6.0,,,24.6,97,0.0,7.4,166,984.7,6.0,6.0,6.0,7.0,6.0,6.0,5.916666666666667,9.267261904761906,0.0,6.499366556899061e-07,0.4340573661425953,15,-0.7071067811865471,-0.7071067811865479,6,1.2246467991473532e-16,-1.0,2,0.9749279,-0.22252093,0,167,100,100
2021-06-16 16:00:00+00:00,6.0,,,24.2,98,0.0,7.1,150,985.2,6.0,6.0,6.0,6.5,6.0,6.0,5.875,9.240277777777777,0.0,6.499366556899061e-07,0.3686048903888732,16,-0.8660254037844385,-0.5000000000000004,6,1.2246467991473532e-16,-1.0,2,0.9749279,-0.22252093,0,167,100,100
2021-06-16 17:00:00+00:00,6.0,,,24.0,98,0.0,7.2,153,985.1,6.0,6.0,6.0,6.0,6.0,6.0,5.854166666666667,9.213690476190477,0.0,6.499366556899061e-07,0.34512652584491915,17,-0.9659258262890683,-0.25881904510252063,6,1.2246467991473532e-16,-1.0,2,0.9749279,-0.22252093,0,167,100,100
2021-06-16 18:00:00+00:00,6.0,,,23.7,98,0.0,6.8,162,985.0,6.0,6.0,6.0,6.0,6.0,6.0,5.854166666666667,9.1875,0.0,6.499366556899061e-07,0.34512652584491915,18,-1.0,-1.8369701987210297e-16,6,1.2246467991473532e-16,-1.0,2,0.9749279,-0.22252093,0,167,100,100
2021-06-16 19:00:00+00:00,6.0,,,23.5,98,0.0,5.8,158,984.6,6.0,6.0,6.0,6.0,6.0,6.0,5.854166666666667,9.16170634920635,0.0,6.499366556899061e-07,0.34512652584491915,19,-0.9659258262890684,0.2588190451025203,6,1.2246467991473532e-16,-1.0,2,0.9749279,-0.22252093,0,167,100,100
2021-06-16 20:00:00+00:00,6.0,,,23.4,99,0.0,5.2,146,984.1,6.0,6.0,6.0,5.5,6.0,6.0,5.854166666666667,9.136309523809524,0.0,6.499366556899061e-07,0.34512652584491915,20,-0.8660254037844386,0.5000000000000001,6,1.2246467991473532e-16,-1.0,2,0.9749279,-0.22252093,0,167,100,100
2021-06-16 21:00:00+00:00,6.0,,,23.1,99,0.0,5.3,152,984.1,6.0,6.0,6.0,5.0,6.0,6.0,5.875,9.111309523809524,0.0,6.499366556899061e-07,0.33783196234786694,21,-0.7071067811865477,0.7071067811865474,6,1.2246467991473532e-16,-1.0,2,0.9749279,-0.22252093,0,167,100,100
2021-06-16 22:00:00+00:00,6.0,,,23.1,99,0.0,5.2,155,984.3,6.0,6.0,6.0,5.0,6.0,6.0,5.916666666666667,9.086706349206349,0.0,6.499366556899061e-07,0.2823298512887612,22,-0.5000000000000004,0.8660254037844384,6,1.2246467991473532e-16,-1.0,2,0.9749279,-0.22252093,0,167,100,100
2021-06-16 23:00:00+00:00,6.0,,,23.1,99,0.0,5.5,157,984.7,6.0,6.0,6.0,5.0,6.0,6.0,5.958333333333333,9.0625,0.0,6.499366556899061e-07,0.20412414523485542,23,-0.25881904510252157,0.9659258262890681,6,1.2246467991473532e-16,-1.0,2,0.9749279,-0.22252093,0,167,100,100
2021-06-17 00:00:00+00:00,6.0,,,23.8,97,0.0,8.0,175,985.8,6.0,6.0,6.0,6.0,6.0,6.0,6.0,9.038690476190476,0.0,6.499366556899061e-07,1.0906586964275544e-06,0,0.0,1.0,6,1.2246467991473532e-16,-1.0,3,0.43388373,-0.90096885,0,168,100,100
2021-06-17 01:00:00+00:00,6.0,,,24.7,94,0.0,7.6,155,986.0,6.0,6.0,6.0,6.0,6.0,6.0,6.0,9.015277777777778,0.0,6.499366556899061e-07,1.0906586964275544e-06,1,0.25881904510252074,0.9659258262890683,6,1.2246467991473532e-16,-1.0,3,0.43388373,-0.90096885,0,168,100,100
2021-06-17 02:00:00+00:00,6.0,,,26.5,88,0.1,6.9,171,986.2,6.0,6.0,6.0,6.0,6.0,6.0,6.0,8.992261904761905,0.0,6.499366556899061e-07,1.0906586964275544e-06,2,0.49999999999999994,0.8660254037844387,6,1.2246467991473532e-16,-1.0,3,0.43388373,-0.90096885,0,168,100,100
2021-06-17 03:00:00+00:00,6.0,,,27.8,84,0.2,7.6,183,986.1,6.0,6.0,6.0,6.0,6.0,6.0,6.0,8.969642857142858,0.0,6.499366556899061e-07,1.0906586964275544e-06,3,0.7071067811865476,0.7071067811865476,6,1.2246467991473532e-16,-1.0,3,0.43388373,-0.90096885,0,168,100,100
2021-06-17 04:00:00+00:00,6.0,,,28.8,75,0.4,11.5,212,985.8,6.0,6.0,6.0,6.0,6.0,6.0,6.0,8.947420634920636,0.0,6.499366556899061e-07,1.0906586964275544e-06,4,0.8660254037844386,0.5000000000000001,6,1.2246467991473532e-16,-1.0,3,0.43388373,-0.90096885,0,168,100,100
2021-06-17 05:00:00+00:00,6.0,,,28.8,73,0.2,8.5,208,985.2,6.0,6.0,6.0,6.0,6.0,6.0,6.0,8.925595238095237,0.0,6.499366556899061e-07,1.0906586964275544e-06,5,0.9659258262890683,0.25881904510252074,6,1.2246467991473532e-16,-1.0,3,0.43388373,-0.90096885,0,168,100,100
2021-06-17 06:00:00+00:00,6.0,,,30.2,66,0.1,10.8,206,984.6,6.0,6.0,6.0,6.0,6.0,6.0,6.0,8.904166666666667,0.0,6.499366556899061e-07,1.0906586964275544e-06,6,1.0,6.123233995736766e-17,6,1.2246467991473532e-16,-1.0,3,0.43388373,-0.90096885,0,168,100,100
2021-06-17 07:00:00+00:00,6.0,,,30.7,64,0.1,11.0,212,983.6,6.0,6.0,6.0,6.0,6.0,6.0,6.0,8.88313492063492,0.0,6.499366556899061e-07,1.0906586964275544e-06,7,0.9659258262890683,-0.25881904510252063,6,1.2246467991473532e-16,-1.0,3,0.43388373,-0.90096885,0,168,100,100
2021-06-17 08:00:00+00:00,6.0,,,30.5,63,0.1,12.4,197,982.8,6.0,6.0,6.0,6.0,6.0,6.0,6.0,8.8625,0.0,6.499366556899061e-07,1.0906586964275544e-06,8,0.8660254037844387,-0.4999999999999998,6,1.2246467991473532e-16,-1.0,3,0.43388373,-0.90096885,0,168,100,100
2021-06-17 09:00:00+00:00,6.0,,,29.7,68,0.0,10.1,197,982.2,6.0,6.0,6.0,6.0,6.0,6.0,6.0,8.842261904761905,0.0,6.499366556899061e-07,1.0906586964275544e-06,9,0.7071067811865476,-0.7071067811865475,6,1.2246467991473532e-16,-1.0,3,0.43388373,-0.90096885,0,168,100,100
2021-06-17 10:00:00+00:00,6.0,,,28.9,74,0.0,7.6,183,982.3,6.0,6.0,6.0,6.0,6.0,6.0,6.0,8.822420634920636,0.0,6.499366556899061e-07,1.0906586964275544e-06,10,0.49999999999999994,-0.8660254037844387,6,1.2246467991473532e-16,-1.0,3,0.43388373,-0.90096885,0,168,100,100
2021-06-17 11:00:00+00:00,6.0,,,27.8,80,0.0,7.6,185,982.9,6.0,6.0,6.0,6.0,6.0,6.0,6.0,8.80297619047619,0.0,6.499366556899061e-07,1.0906586964275544e-06,11,0.258819045102521,-0.9659258262890682,6,1.2246467991473532e-16,-1.0,3,0.43388373,-0.90096885,0,168,100,100
2021-06-17 12:00:00+00:00,6.0,,,27.7,73,0.0,7.6,188,983.1,6.0,6.0,6.0,6.0,6.0,6.0,6.0,8.783928571428572,0.0,6.499366556899061e-07,1.0906586964275544e-06,12,1.2246467991473532e-16,-1.0,6,1.2246467991473532e-16,-1.0,3,0.43388373,-0.90096885,0,168,100,100
2021-06-17 13:00:00+00:00,6.0,,,26.9,77,0.0,9.4,182,984.2,6.0,6.0,6.0,6.0,6.0,6.0,6.0,8.765277777777778,0.0,6.499366556899061e-07,1.0906586964275544e-06,13,-0.2588190451025208,-0.9659258262890683,6,1.2246467991473532e-16,-1.0,3,0.43388373,-0.90096885,0,168,100,100
2021-06-17 14:00:00+00:00,6.0,,,25.8,88,0.0,11.3,173,985.3,6.0,6.0,6.0,6.0,6.0,6.0,6.0,8.74702380952381,0.0,6.499366556899061e-07,1.0906586964275544e-06,14,-0.4999999999999997,-0.8660254037844388,6,1.2246467991473532e-16,-1.0,3,0.43388373,-0.90096885,0,168,100,100
2021-06-17 15:00:00+00:00,6.0,,,25.1,88,0.0,9.7,176,986.3,6.0,6.0,6.0,6.0,6.0,6.0,6.0,8.729166666666666,0.0,6.499366556899061e-07,1.0906586964275544e-06,15,-0.7071067811865471,-0.7071067811865479,6,1.2246467991473532e-16,-1.0,3,0.43388373,-0.90096885,0,168,100,100
2021-06-17 16:00:00+00:00,6.0,1304191.0,1.0,24.8,88,0.0,8.0,170,987.0,6.0,6.0,6.0,6.0,6.0,6.0,6.0,8.711309523809524,0.0,6.499366556899061e-07,1.0906586964275544e-06,16,-0.8660254037844385,-0.5000000000000004,6,1.2246467991473532e-16,-1.0,3,0.43388373,-0.90096885,0,168,100,100
2021-06-17 17:00:00+00:00,6.0,1304191.0,1.0,24.5,90,0.0,7.0,168,987.1,6.0,6.0,6.0,6.0,6.0,6.0,6.0,8.693452380952381,0.0,6.499366556899061e-07,1.0906586964275544e-06,17,-0.9659258262890683,-0.25881904510252063,6,1.2246467991473532e-16,-1.0,3,0.43388373,-0.90096885,0,168,100,100
2021-06-17 18:00:00+00:00,6.0,,,24.1,92,0.0,5.0,159,986.6,6.0,6.0,6.0,6.0,6.0,6.0,6.0,8.675595238095237,0.0,6.499366556899061e-07,1.0906586964275544e-06,18,-1.0,-1.8369701987210297e-16,6,1.2246467991473532e-16,-1.0,3,0.43388373,-0.90096885,0,168,100,100
2021-06-17 19:00:00+00:00,6.0,1304191.0,1.0,23.5,94,0.0,4.0,175,986.1,6.0,6.0,6.0,6.0,6.0,6.0,6.0,8.657738095238095,0.0,6.499366556899061e-07,1.0906586964275544e-06,19,-0.9659258262890684,0.2588190451025203,6,1.2246467991473532e-16,-1.0,3,0.43388373,-0.90096885,0,168,100,100
2021-06-17 20:00:00+00:00,6.0,1304191.0,1.0,22.9,96,0.0,4.7,184,985.8,6.0,6.0,6.0,6.0,6.0,6.0,6.0,8.633928571428571,0.0,6.499366556899061e-07,1.0906586964275544e-06,20,-0.8660254037844386,0.5000000000000001,6,1.2246467991473532e-16,-1.0,3,0.43388373,-0.90096885,0,168,100,100
2021-06-17 21:00:00+00:00,6.0,1304191.0,1.0,22.6,97,0.0,4.0,170,986.0,6.0,6.0,6.0,6.0,6.0,6.0,6.0,8.610119047619047,0.0,6.499366556899061e-07,1.0906586964275544e-06,21,-0.7071067811865477,0.7071067811865474,6,1.2246467991473532e-16,-1.0,3,0.43388373,-0.90096885,0,168,100,100
2021-06-17 22:00:00+00:00,6.0,1304191.0,1.0,22.9,96,0.0,3.6,174,986.4,6.0,6.0,6.0,6.0,6.0,6.0,6.0,8.586309523809524,0.0,6.499366556899061e-07,1.0906586964275544e-06,22,-0.5000000000000004,0.8660254037844384,6,1.2246467991473532e-16,-1.0,3,0.43388373,-0.90096885,0,168,100,100
2021-06-17 23:00:00+00:00,7.0,1304191.0,1.0,23.0,96,0.0,4.3,175,986.6,6.0,6.0,6.0,6.0,6.0,6.0,6.0,8.5625,0.0,6.499366556899061e-07,1.0906586964275544e-06,23,-0.25881904510252157,0.9659258262890681,6,1.2246467991473532e-16,-1.0,3,0.43388373,-0.90096885,0,168,100,100
2021-06-18 00:00:00+00:00,7.0,1304191.0,1.0,24.2,93,0.0,5.9,191,987.3,7.0,6.0,6.0,6.0,6.333333333333333,6.166666666666667,6.041666666666667,8.544642857142858,0.5773502691896258,0.40824829046437894,0.20412414523483513,0,0.0,1.0,6,1.2246467991473532e-16,-1.0,4,-0.43388373,-0.90096885,0,169,100,100
2021-06-18 01:00:00+00:00,7.142857142857143,,,26.0,86,0.0,4.8,167,987.7,7.0,6.0,6.0,6.0,6.666666666666667,6.333333333333333,6.083333333333333,8.526785714285714,0.5773502691896258,0.5163977794947289,0.28232985128873206,1,0.25881904510252074,0.9659258262890683,6,1.2246467991473532e-16,-1.0,4,-0.43388373,-0.90096885,0,169,100,100
2021-06-18 02:00:00+00:00,7.285714285714286,,,27.5,77,0.0,4.7,180,987.9,7.142857142857143,6.0,6.0,6.0,7.0476190476190474,6.523809523809525,6.1309523809523805,8.503826530612244,0.0824786098842326,0.5761707985624269,0.3547539149004998,2,0.49999999999999994,0.8660254037844387,6,1.2246467991473532e-16,-1.0,4,-0.43388373,-0.90096885,0,169,100,100
2021-06-18 03:00:00+00:00,7.428571428571429,,,28.7,74,0.0,5.2,192,987.6,7.285714285714286,6.0,6.0,6.0,7.142857142857143,6.738095238095238,6.18452380952381,8.481717687074829,0.14285714285714327,0.5814595756332979,0.4243668840677753,3,0.7071067811865476,0.7071067811865476,6,1.2246467991473532e-16,-1.0,4,-0.43388373,-0.90096885,0,169,100,100
2021-06-18 04:00:00+00:00,7.571428571428571,,,30.1,70,0.1,5.1,188,986.9,7.428571428571429,6.0,6.0,6.0,7.285714285714286,6.976190476190477,6.2440476190476195,8.46045918367347,0.14285714285714404,0.5064213512821397,0.49213723038967777,4,0.8660254037844386,0.5000000000000001,6,1.2246467991473532e-16,-1.0,4,-0.43388373,-0.90096885,0,169,100,100
2021-06-18 05:00:00+00:00,7.714285714285714,,,31.1,65,0.1,4.5,194,986.2,7.571428571428571,7.0,6.0,6.0,7.428571428571428,7.238095238095238,6.30952380952381,8.440051020408163,0.14285714285714463,0.2332847374088055,0.558338685871544,5,0.9659258262890683,0.25881904510252074,6,1.2246467991473532e-16,-1.0,4,-0.43388373,-0.90096885,0,169,100,100
2021-06-18 06:00:00+00:00,7.857142857142858,,,32.2,59,0.0,5.2,192,985.2,7.714285714285714,7.0,6.0,6.0,7.571428571428572,7.357142857142858,6.3809523809523805,8.420493197278912,0.1428571428571454,0.26726124191319384,0.6229372942151354,6,1.0,6.123233995736766e-17,6,1.2246467991473532e-16,-1.0,4,-0.43388373,-0.90096885,0,169,100,100
2021-06-18 07:00:00+00:00,8.0,,,32.6,55,0.0,8.6,213,984.1,7.857142857142858,7.142857142857143,6.0,6.0,7.714285714285714,7.5,6.458333333333333,8.401785714285714,0.14285714285714618,0.2672612419131915,0.685739086853914,7,0.9659258262890683,-0.25881904510252063,6,1.2246467991473532e-16,-1.0,4,-0.43388373,-0.90096885,0,169,100,100
2021-06-18 08:00:00+00:00,8.142857142857142,,,31.9,56,0.0,11.7,225,983.5,8.0,7.285714285714286,6.0,6.0,7.857142857142857,7.642857142857142,6.541666666666667,8.383928571428571,0.1428571428571454,0.26726124191318945,0.7464546985439653,8,0.8660254037844387,-0.4999999999999998,6,1.2246467991473532e-16,-1.0,4,-0.43388373,-0.90096885,0,169,100,100
2021-06-18 09:00:00+00:00,8.285714285714286,,,31.2,62,0.1,9.2,228,983.0,8.142857142857142,7.428571428571429,6.0,6.0,8.0,7.785714285714285,6.6309523809523805,8.366921768707483,0.14285714285714482,0.26726124191318734,0.8047294393595679,9,0.7071067811865476,-0.7071067811865475,6,1.2246467991473532e-16,-1.0,4,-0.43388373,-0.90096885,0,169,100,100
2021-06-18 10:00:00+00:00,8.428571428571429,,,30.3,68,0.0,9.2,206,982.7,8.285714285714286,7.571428571428571,6.0,6.0,8.142857142857142,7.928571428571428,6.726190476190477,8.35076530612245,0.14285714285714593,0.2672612419131859,0.8601568816146223,10,0.49999999999999994,-0.8660254037844387,6,1.2246467991473532e-16,-1.0,4,-0.43388373,-0.90096885,0,169,100,100
2021-06-18 11:00:00+00:00,8.571428571428571,,,29.1,72,0.0,9.8,197,982.9,8.428571428571429,7.714285714285714,7.0,6.0,8.285714285714285,8.071428571428571,6.8273809523809526,8.33545918367347,0.14285714285714704,0.26726124191318396,0.9122834895671451,11,0.258819045102521,-0.9659258262890682,6,1.2246467991473532e-16,-1.0,4,-0.43388373,-0.90096885,0,169,100,100
2021-06-18 12:00:00+00:00,8.714285714285715,,,28.4,66,0.0,13.9,211,983.5,8.571428571428571,7.857142857142858,7.0,6.0,8.428571428571429,8.214285714285714,6.93452380952381,8.321003401360544,0.14285714285714815,0.2672612419131822,0.9606075852611189,12,1.2246467991473532e-16,-1.0,6,1.2246467991473532e-16,-1.0,4,-0.43388373,-0.90096885,0,169,100,100
2021-06-18 13:00:00+00:00,8.857142857142858,,,27.5,69,0.0,10.9,207,984.7,8.714285714285715,8.0,7.142857142857143,6.0,8.571428571428571,8.357142857142858,7.0476190476190474,8.307397959183673,0.14285714285715237,0.2672612419131811,1.004573981818347,13,-0.2588190451025208,-0.9659258262890683,6,1.2246467991473532e-16,-1.0,4,-0.43388373,-0.90096885,0,169,100,100
2021-06-18 14:00:00+00:00,9.0,,,26.6,75,0.0,9.2,191,985.4,8.857142857142858,8.142857142857142,7.285714285714286,6.0,8.714285714285714,8.5,7.166666666666667,8.294642857142858,0.14285714285715656,0.26726124191318007,1.0435645236950832,14,-0.4999999999999997,-0.8660254037844388,6,1.2246467991473532e-16,-1.0,4,-0.43388373,-0.90096885,0,169,100,100
2021-06-18 15:00:00+00:00,9.142857142857142,,,25.9,82,0.0,7.6,177,985.9,9.0,8.285714285714286,7.428571428571429,6.0,8.857142857142856,8.642857142857144,7.291666666666667,8.282738095238095,0.14285714285716078,0.267261241913179,1.0768839719431136,15,-0.7071067811865471,-0.7071067811865479,6,1.2246467991473532e-16,-1.0,4,-0.43388373,-0.90096885,0,169,100,100
2021-06-18 16:00:00+00:00,9.285714285714286,,,25.1,87,0.0,6.2,170,986.0,9.142857142857142,8.428571428571429,7.571428571428571,6.0,8.999999999999998,8.785714285714286,7.4226190476190474,8.271683673469388,0.1428571428571661,0.2672612419131785,1.1037398445670648,16,-0.8660254037844385,-0.5000000000000004,6,1.2246467991473532e-16,-1.0,4,-0.43388373,-0.90096885,0,169,100,100
2021-06-18 17:00:00+00:00,9.428571428571429,,,24.5,90,0.0,4.7,171,985.8,9.285714285714286,8.571428571428571,7.714285714285714,6.0,9.14285714285714,8.928571428571429,7.55952380952381,8.261479591836734,0.14285714285717255,0.2672612419131785,1.1232136891187225,17,-0.9659258262890683,-0.25881904510252063,6,1.2246467991473532e-16,-1.0,4,-0.43388373,-0.90096885,0,169,100,100
2021-06-18 18:00:00+00:00,9.571428571428571,,,24.0,93,0.0,3.8,163,985.3,9.428571428571429,8.714285714285715,7.857142857142858,6.0,9.285714285714285,9.071428571428571,7.7023809523809526,8.252125850340136,0.142857142857179,0.2672612419131785,1.1342194284707745,18,-1.0,-1.8369701987210297e-16,6,1.2246467991473532e-16,-1.0,4,-0.43388373,-0.90096885,0,169,100,100
2021-06-18 19:00:00+00:00,9.714285714285715,,,23.8,94,0.0,4.3,156,984.8,9.571428571428571,8.857142857142858,8.0,6.0,9.428571428571429,9.214285714285714,7.851190476190477,8.243622448979592,0.14285714285718543,0.267261241913179,1.13544113021781,19,-0.9659258262890684,0.2588190451025203,6,1.2246467991473532e-16,-1.0,4,-0.43388373,-0.90096885,0,169,100,100
2021-06-18 20:00:00+00:00,9.857142857142858,,,23.4,95,0.0,3.6,174,984.7,9.714285714285715,9.0,8.142857142857142,6.0,9.571428571428571,9.357142857142858,8.005952380952381,8.235969387755102,0.1428571428571934,0.26726124191318007,1.1252361808020674,20,-0.8660254037844386,0.5000000000000001,6,1.2246467991473532e-16,-1.0,4,-0.43388373,-0.90096885,0,169,100,100
2021-06-18 21:00:00+00:00,10.0,1304191.0,1.0,23.1,96,0.0,3.5,204,984.8,9.857142857142858,9.142857142857142,8.285714285714286,6.0,9.714285714285714,9.5,8.166666666666666,8.230158730158731,0.14285714285719983,0.2672612419131811,1.1014765170439709,21,-0.7071067811865477,0.7071067811865474,6,1.2246467991473532e-16,-1.0,4,-0.43388373,-0.90096885,0,169,100,100
2021-06-18 22:00:00+00:00,10.5,,,22.8,97,0.0,4.0,185,985.1,10.0,9.285714285714286,8.428571428571429,6.0,9.857142857142856,9.642857142857144,8.333333333333334,8.226190476190476,0.14285714285720627,0.2672612419131822,1.0612699919719628,22,-0.5000000000000004,0.8660254037844384,6,1.2246467991473532e-16,-1.0,4,-0.43388373,-0.90096885,0,169,100,100
2021-06-18 23:00:00+00:00,11.0,1304191.0,1.0,23.0,97,0.0,4.4,189,985.7,10.5,9.428571428571429,8.571428571428571,7.0,10.119047619047619,9.845238095238095,8.520833333333334,8.226190476190476,0.3375582590180771,0.3790876982884086,1.0281053047228588,23,-0.25881904510252157,0.9659258262890681,6,1.2246467991473532e-16,-1.0,4,-0.43388373,-0.90096885,0,169,100,100
2021-06-19 00:00:00+00:00,11.0,1304191.0,1.0,24.6,90,0.0,4.7,184,986.6,11.0,9.571428571428571,8.714285714285715,7.0,10.5,10.107142857142856,8.6875,8.230158730158731,0.5000000000000294,0.5416339602897731,1.0930149482141387,0,0.0,1.0,6,1.2246467991473532e-16,-1.0,5,-0.9749279,-0.22252093,1,170,100,100
2021-06-19 01:00:00+00:00,11.0,,,26.4,81,0.0,5.4,180,987.3,11.0,9.714285714285715,8.857142857142858,7.142857142857143,10.833333333333334,10.345238095238095,8.854166666666666,8.235119047619047,0.28867513459487243,0.5721721352716875,1.1288896411727218,1,0.25881904510252074,0.9659258262890683,6,1.2246467991473532e-16,-1.0,5,-0.9749279,-0.22252093,1,170,100,100
2021-06-19 02:00:00+00:00,11.0,1304191.0,1.0,27.8,74,0.0,5.4,184,987.4,11.0,9.857142857142858,9.0,7.285714285714286,11.0,10.55952380952381,9.014880952380953,8.241071428571429,1.9169867530865387e-07,0.5276375276121195,1.1490475139410032,2,0.49999999999999994,0.8660254037844387,6,1.2246467991473532e-16,-1.0,5,-0.9749279,-0.22252093,1,170,100,100
2021-06-19 03:00:00+00:00,11.0,,,29.2,69,0.0,4.9,197,987.3,11.0,10.0,9.142857142857142,7.428571428571429,11.0,10.75,9.169642857142856,8.24702380952381,1.9169867530865387e-07,0.41833001326753366,1.1561364575301374,3,0.7071067811865476,0.7071067811865476,6,1.2246467991473532e-16,-1.0,5,-0.9749279,-0.22252093,1,170,100,100
2021-06-19 04:00:00+00:00,11.0,1304191.0,1.0,30.5,65,0.1,4.2,211,986.4,11.0,10.5,9.285714285714286,7.571428571428571,11.0,10.916666666666666,9.318452380952381,8.250992063492063,1.9169867530865387e-07,0.20412414523295316,1.1521322323694063,4,0.8660254037844386,0.5000000000000001,6,1.2246467991473532e-16,-1.0,5,-0.9749279,-0.22252093,1,170,100,100
2021-06-19 05:00:00+00:00,12.0,1304191.0,1.0,31.9,55,0.2,4.8,222,985.4,11.0,11.0,9.428571428571429,7.714285714285714,11.0,11.0,9.461309523809524,8.25297619047619,1.9169867530865387e-07,6.467430127396257e-07,1.1385748900460524,5,0.9659258262890683,0.25881904510252074,6,1.2246467991473532e-16,-1.0,5,-0.9749279,-0.22252093,1,170,100,100
2021-06-19 06:00:00+00:00,12.0,1304191.0,1.0,32.7,50,0.1,7.4,247,984.4,12.0,11.0,9.571428571428571,7.857142857142858,11.333333333333334,11.166666666666666,9.639880952380953,8.258928571428571,0.5773502691896617,0.40824829046437816,1.1876843557767196,6,1.0,6.123233995736766e-17,6,1.2246467991473532e-16,-1.0,5,-0.9749279,-0.22252093,1,170,100,100
2021-06-19 07:00:00+00:00,12.0,1304191.0,1.0,32.5,52,0.0,10.0,257,983.3,12.0,11.0,9.714285714285715,8.0,11.666666666666666,11.333333333333334,9.8125,8.264880952380953,0.5773502691896657,0.516397779494732,1.2179907851851124,7,0.9659258262890683,-0.25881904510252063,6,1.2246467991473532e-16,-1.0,5,-0.9749279,-0.22252093,1,170,100,100
2021-06-19 08:00:00+00:00,12.666666666666666,,,32.2,55,0.0,8.8,235,982.4,12.0,11.0,9.857142857142858,8.142857142857142,12.0,11.5,9.979166666666666,8.276785714285714,0.0,0.547722557505555,1.2327746902227519,8,0.8660254037844387,-0.4999999999999998,6,1.2246467991473532e-16,-1.0,5,-0.9749279,-0.22252093,1,170,100,100
2021-06-19 09:00:00+00:00,13.333333333333334,,,32.0,58,0.0,8.5,234,981.6,12.666666666666666,11.0,10.0,8.285714285714286,12.222222222222221,11.777777777777777,10.167658730158731,8.292658730158731,0.3849001794597504,0.6554613868337787,1.284553558692086,9,0.7071067811865476,-0.7071067811865475,6,1.2246467991473532e-16,-1.0,5,-0.9749279,-0.22252093,1,170,100,100
2021-06-19 10:00:00+00:00,14.0,1304191.0,1.0,31.3,62,0.0,8.3,236,981.0,13.333333333333334,11.0,10.5,8.428571428571429,12.666666666666666,12.166666666666666,10.37797619047619,8.3125,0.6666666666666677,0.7817359599708527,1.373190015365352,10,0.49999999999999994,-0.8660254037844387,6,1.2246467991473532e-16,-1.0,5,-0.9749279,-0.22252093,1,170,100,100
2021-06-19 11:00:00+00:00,14.0,1304191.0,1.0,29.8,70,0.0,7.7,208,981.2,14.0,12.0,11.0,8.571428571428571,13.333333333333334,12.666666666666666,10.610119047619047,8.336309523809524,0.6666666666666677,0.8432740427118353,1.4948531849527875,11,0.258819045102521,-0.9659258262890682,6,1.2246467991473532e-16,-1.0,5,-0.9749279,-0.22252093,1,170,100,100
2021-06-19 12:00:00+00:00,14.0,1304191.0,1.0,28.7,68,0.0,9.6,200,981.7,14.0,12.0,11.0,8.714285714285715,13.777777777777779,13.0,10.836309523809524,8.360119047619047,0.3849001794597504,0.9189365834729313,1.5811748780176185,12,1.2246467991473532e-16,-1.0,6,1.2246467991473532e-16,-1.0,5,-0.9749279,-0.22252093,1,170,100,100
2021-06-19 13:00:00+00:00,14.0,1304191.0,1.0,28.1,70,0.0,8.0,198,982.2,14.0,12.0,11.0,8.857142857142858,14.0,13.333333333333334,11.05654761904762,8.383928571428571,0.0,0.8432740427118453,1.639783371387237,13,-0.2588190451025208,-0.9659258262890683,6,1.2246467991473532e-16,-1.0,5,-0.9749279,-0.22252093,1,170,100,100
2021-06-19 14:00:00+00:00,14.0,,,27.5,73,0.0,10.9,189,983.1,14.0,12.666666666666666,11.0,9.0,14.0,13.666666666666666,11.270833333333334,8.407738095238095,0.0,0.5577733510231453,1.6755135281941118,14,-0.4999999999999997,-0.8660254037844388,6,1.2246467991473532e-16,-1.0,5,-0.9749279,-0.22252093,1,170,100,100
2021-06-19 15:00:00+00:00,14.0,1304191.0,1.0,26.6,79,0.0,9.0,182,983.8,14.0,13.333333333333334,11.0,9.142857142857142,14.0,13.888888888888891,11.479166666666666,8.425595238095237,0.0,0.2721655269767986,1.691654045379379,15,-0.7071067811865471,-0.7071067811865479,6,1.2246467991473532e-16,-1.0,5,-0.9749279,-0.22252093,1,170,100,100
2021-06-19 16:00:00+00:00,15.0,1304191.0,1.0,25.9,83,0.0,8.0,172,984.1,14.0,14.0,11.0,9.285714285714286,14.0,14.0,11.68154761904762,8.443452380952381,0.0,6.986801569369457e-07,1.6905390665706455,16,-0.8660254037844385,-0.5000000000000004,6,1.2246467991473532e-16,-1.0,5,-0.9749279,-0.22252093,1,170,100,100
2021-06-19 17:00:00+00:00,15.0,1304191.0,1.0,25.3,86,0.0,6.6,171,984.0,15.0,14.0,12.0,9.428571428571429,14.333333333333334,14.166666666666666,11.91964285714286,8.467261904761905,0.5773502691896255,0.40824829046446814,1.7401121696064346,17,-0.9659258262890683,-0.25881904510252063,6,1.2246467991473532e-16,-1.0,5,-0.9749279,-0.22252093,1,170,100,100
2021-06-19 18:00:00+00:00,16.0,1304191.0,1.0,24.9,87,0.0,6.4,164,983.8,15.0,14.0,12.0,9.571428571428571,14.666666666666666,14.333333333333334,12.151785714285715,8.491071428571429,0.5773502691896255,0.5163977794948066,1.764795520401263,18,-1.0,-1.8369701987210297e-16,6,1.2246467991473532e-16,-1.0,5,-0.9749279,-0.22252093,1,170,100,100
2021-06-19 19:00:00+00:00,16.0,1304191.0,1.0,24.7,88,0.0,7.0,168,983.4,16.0,14.0,12.0,9.714285714285715,15.333333333333334,14.666666666666666,12.41964285714286,8.520833333333334,0.5773502691896255,0.8164965809280402,1.8422829137834407,19,-0.9659258262890684,0.2588190451025203,6,1.2246467991473532e-16,-1.0,5,-0.9749279,-0.22252093,1,170,100,100
2021-06-19 20:00:00+00:00,17.0,1304191.0,1.0,24.5,89,0.0,7.6,175,983.2,16.0,14.0,12.666666666666666,9.857142857142858,15.666666666666666,15.0,12.68154761904762,8.550595238095237,0.5773502691896255,0.8944271910002104,1.887209663108836,20,-0.8660254037844386,0.5000000000000001,6,1.2246467991473532e-16,-1.0,5,-0.9749279,-0.22252093,1,170,100,100
2021-06-19 21:00:00+00:00,17.0,1304191.0,1.0,24.0,91,0.0,6.9,174,983.5,17.0,14.0,13.333333333333334,10.0,16.333333333333332,15.5,12.979166666666666,8.586309523809524,0.5773502691896263,1.048808848170413,1.9832100193062907,21,-0.7071067811865477,0.7071067811865474,6,1.2246467991473532e-16,-1.0,5,-0.9749279,-0.22252093,1,170,100,100
2021-06-19 22:00:00+00:00,17.0,,,23.5,93,0.0,5.1,184,983.8,17.0,15.0,14.0,10.5,16.666666666666668,16.0,13.270833333333334,8.62202380952381,0.5773502691896263,0.8944271910002343,2.0399467763258063,22,-0.5000000000000004,0.8660254037844384,6,1.2246467991473532e-16,-1.0,5,-0.9749279,-0.22252093,1,170,100,100
2021-06-19 23:00:00+00:00,17.0,1304191.0,1.0,23.4,94,0.0,4.0,185,984.0,17.0,15.0,14.0,11.0,17.0,16.333333333333332,13.541666666666666,8.657738095238095,0.0,0.8164965809280837,2.0870257134263808,23,-0.25881904510252157,0.9659258262890681,6,1.2246467991473532e-16,-1.0,5,-0.9749279,-0.22252093,1,170,100,100
2021-06-20 00:00:00+00:00,17.0,1304191.0,1.0,24.9,88,0.0,5.1,172,984.5,17.0,16.0,14.0,11.0,17.0,16.666666666666668,13.791666666666666,8.693452380952381,0.0,0.516397779494903,2.128283198256551,0,0.0,1.0,6,1.2246467991473532e-16,-1.0,6,-0.7818315,0.6234898,1,171,100,100
2021-06-20 01:00:00+00:00,17.0,1304191.0,1.0,26.5,80,0.0,6.2,190,985.0,17.0,16.0,14.0,11.0,17.0,16.833333333333332,14.041666666666666,8.723214285714286,0.0,0.4082482904646073,2.13847320134031,1,0.25881904510252074,0.9659258262890683,6,1.2246467991473532e-16,-1.0,6,-0.7818315,0.6234898,1,171,100,100
2021-06-20 02:00:00+00:00,17.0,1304191.0,1.0,27.9,73,0.0,5.2,196,985.1,17.0,17.0,14.0,11.0,17.0,17.0,14.291666666666666,8.755952380952381,0.0,7.84259877618597e-07,2.1180441711899025,2,0.49999999999999994,0.8660254037844387,6,1.2246467991473532e-16,-1.0,6,-0.7818315,0.6234898,1,171,100,100
2021-06-20 03:00:00+00:00,17.0,1304191.0,1.0,29.5,68,0.0,4.6,219,985.0,17.0,17.0,14.0,11.0,17.0,17.0,14.541666666666666,8.791666666666666,0.0,7.84259877618597e-07,2.0660880442913543,3,0.7071067811865476,0.7071067811865476,6,1.2246467991473532e-16,-1.0,6,-0.7818315,0.6234898,1,171,100,100
2021-06-20 04:00:00+00:00,17.0,1304191.0,1.0,30.8,63,0.3,4.7,212,984.4,17.0,17.0,15.0,11.0,17.0,17.0,14.791666666666666,8.827380952380953,0.0,7.84259877618597e-07,1.9801246727938946,4,0.8660254037844386,0.5000000000000001,6,1.2246467991473532e-16,-1.0,6,-0.7818315,0.6234898,1,171,100,100
2021-06-20 05:00:00+00:00,17.0,1304191.0,1.0,32.0,57,0.1,5.6,225,983.5,17.0,17.0,15.0,12.0,17.0,17.0,15.041666666666666,8.863095238095237,0.0,7.84259877618597e-07,1.8554333322008332,5,0.9659258262890683,0.25881904510252074,6,1.2246467991473532e-16,-1.0,6,-0.7818315,0.6234898,1,171,100,100
2021-06-20 06:00:00+00:00,16.0,1304191.0,1.0,32.8,53,0.0,6.4,254,982.3,17.0,17.0,16.0,12.0,17.0,17.0,15.25,8.898809523809524,0.0,7.84259877618597e-07,1.7781551531833755,6,1.0,6.123233995736766e-17,6,1.2246467991473532e-16,-1.0,6,-0.7818315,0.6234898,1,171,100,100
2021-06-20 07:00:00+00:00,16.0,1304191.0,1.0,33.0,52,0.1,8.0,262,981.2,16.0,17.0,16.0,12.0,16.666666666666668,16.833333333333332,15.416666666666666,8.928571428571429,0.5773502691896263,0.4082482904646073,1.6425795666726617,7,0.9659258262890683,-0.25881904510252063,6,1.2246467991473532e-16,-1.0,6,-0.7818315,0.6234898,1,171,100,100
2021-06-20 08:00:00+00:00,16.0,1304191.0,1.0,32.3,55,0.1,8.9,243,980.5,16.0,17.0,17.0,12.666666666666666,16.333333333333332,16.666666666666668,15.583333333333334,8.958333333333334,0.5773502691896263,0.516397779494903,1.4752384561201457,8,0.8660254037844387,-0.4999999999999998,6,1.2246467991473532e-16,-1.0,6,-0.7818315,0.6234898,1,171,100,100
2021-06-20 09:00:00+00:00,15.666666666666666,,,31.5,61,0.0,8.4,227,979.8,16.0,17.0,17.0,13.333333333333334,16.0,16.5,15.722222222222223,8.988095238095237,0.0,0.5477225575057062,1.3393583677863732,9,0.7071067811865476,-0.7071067811865475,6,1.2246467991473532e-16,-1.0,6,-0.7818315,0.6234898,1,171,100,100
2021-06-20 10:00:00+00:00,15.333333333333334,,,30.9,67,0.1,8.2,247,979.5,15.666666666666666,17.0,17.0,14.0,15.888888888888888,16.277777777777775,15.819444444444443,9.015873015873016,0.19245008972987585,0.5741338081233416,1.2393670141703284,10,0.49999999999999994,-0.8660254037844387,6,1.2246467991473532e-16,-1.0,6,-0.7818315,0.6234898,1,171,100,100
2021-06-20 11:00:00+00:00,15.0,1304191.0,1.0,29.9,78,0.0,4.8,207,979.5,15.333333333333334,17.0,17.0,14.0,15.666666666666666,16.0,15.875,9.041666666666666,0.333333333333334,0.5577733510232246,1.182858651476264,11,0.258819045102521,-0.9659258262890682,6,1.2246467991473532e-16,-1.0,6,-0.7818315,0.6234898,1,171,100,100
2021-06-20 12:00:00+00:00,15.0,1304191.0,1.0,28.0,94,0.0,3.4,148,980.5,15.0,16.0,17.0,14.0,15.333333333333334,15.666666666666666,15.916666666666666,9.06547619047619,0.33333333333333554,0.4216370213564348,1.1303883305209936,12,1.2246467991473532e-16,-1.0,6,1.2246467991473532e-16,-1.0,6,-0.7818315,0.6234898,1,171,100,100
2021-06-20 13:00:00+00:00,14.0,1304191.0,1.0,27.9,87,0.0,4.5,166,980.6,15.0,16.0,17.0,14.0,15.111111111111112,15.5,15.958333333333334,9.089285714285714,0.19245008972988106,0.4594682917369282,1.0736748938938803,13,-0.2588190451025208,-0.9659258262890683,6,1.2246467991473532e-16,-1.0,6,-0.7818315,0.6234898,1,171,100,100
2021-06-20 14:00:00+00:00,15.0,1304191.0,1.0,27.9,76,0.0,7.2,180,981.5,14.0,16.0,17.0,14.0,14.666666666666666,15.166666666666666,15.958333333333334,9.107142857142858,0.5773502691896255,0.6912147117779677,1.0736748938938803,14,-0.4999999999999997,-0.8660254037844388,6,1.2246467991473532e-16,-1.0,6,-0.7818315,0.6234898,1,171,100,100
2021-06-20 15:00:00+00:00,15.0,,,27.1,79,0.0,7.9,177,982.2,15.0,15.666666666666666,17.0,14.0,14.666666666666666,15.0,16.0,9.130952380952381,0.5773502691896255,0.5577733510231757,1.0120052318897537,15,-0.7071067811865471,-0.7071067811865479,6,1.2246467991473532e-16,-1.0,6,-0.7818315,0.6234898,1,171,100,100
2021-06-20 16:00:00+00:00,15.0,1304191.0,1.0,26.3,84,0.0,7.2,180,982.6,15.0,15.333333333333334,17.0,15.0,14.666666666666666,14.888888888888891,16.041666666666668,9.157738095238095,0.5773502691896255,0.4554200340432039,0.9444089223215947,16,-0.8660254037844385,-0.5000000000000004,6,1.2246467991473532e-16,-1.0,6,-0.7818315,0.6234898,1,171,100,100
2021-06-20 17:00:00+00:00,15.0,1304191.0,1.0,25.6,87,0.0,5.1,188,982.6,15.0,15.0,17.0,15.0,15.0,14.833333333333334,16.041666666666668,9.1875,0.0,0.4082482904644784,0.9444089223215947,17,-0.9659258262890683,-0.25881904510252063,6,1.2246467991473532e-16,-1.0,6,-0.7818315,0.6234898,1,171,100,100
2021-06-20 18:00:00+00:00,15.0,1304191.0,1.0,25.2,88,0.0,4.7,176,982.5,15.0,15.0,16.0,16.0,15.0,14.833333333333334,16.041666666666668,9.217261904761905,0.0,0.4082482904644784,0.9444089223215947,18,-1.0,-1.8369701987210297e-16,6,1.2246467991473532e-16,-1.0,6,-0.7818315,0.6234898,1,171,100,100
2021-06-20 19:00:00+00:00,14.0,1304191.0,1.0,25.0,87,0.0,5.8,180,982.3,15.0,14.0,16.0,16.0,15.0,14.833333333333334,16.0,9.24702380952381,0.0,0.4082482904644784,0.9680899067922897,19,-0.9659258262890684,0.2588190451025203,6,1.2246467991473532e-16,-1.0,6,-0.7818315,0.6234898,1,171,100,100
2021-06-20 20:00:00+00:00,14.0,1304191.0,1.0,24.6,87,0.0,4.7,180,982.0,14.0,15.0,16.0,17.0,14.666666666666666,14.833333333333334,15.916666666666666,9.270833333333334,0.5773502691896255,0.4082482904644784,1.0506496724883037,20,-0.8660254037844386,0.5000000000000001,6,1.2246467991473532e-16,-1.0,6,-0.7818315,0.6234898,1,171,100,100
2021-06-20 21:00:00+00:00,14.0,1304191.0,1.0,24.4,88,0.0,5.1,184,981.9,14.0,15.0,15.666666666666666,17.0,14.333333333333334,14.666666666666666,15.791666666666666,9.294642857142858,0.5773502691896255,0.5163977794947997,1.093734903277581,21,-0.7071067811865477,0.7071067811865474,6,1.2246467991473532e-16,-1.0,6,-0.7818315,0.6234898,1,171,100,100
2021-06-20 22:00:00+00:00,14.0,,,24.1,89,0.0,5.5,191,982.4,14.0,15.0,15.333333333333334,17.0,14.0,14.5,15.666666666666666,9.318452380952381,0.0,0.5477225575056075,1.1207313002425179,22,-0.5000000000000004,0.8660254037844384,6,1.2246467991473532e-16,-1.0,6,-0.7818315,0.6234898,1,171,100,100
2021-06-20 23:00:00+00:00,14.0,1304191.0,1.0,23.8,91,0.0,4.0,207,982.8,14.0,15.0,15.0,17.0,14.0,14.333333333333334,15.541666666666666,9.342261904761905,0.0,0.5163977794947808,1.132789724700386,23,-0.25881904510252157,0.9659258262890681,6,1.2246467991473532e-16,-1.0,6,-0.7818315,0.6234898,1,171,100,100
2021-06-21 00:00:00+00:00,14.0,1304191.0,1.0,25.2,87,0.0,5.5,191,983.3,14.0,15.0,15.0,17.0,14.0,14.166666666666666,15.416666666666666,9.369047619047619,0.0,0.40824829046443123,1.1303883305210178,0,0.0,1.0,6,1.2246467991473532e-16,-1.0,0,0.0,1.0,0,172,100,100
2021-06-21 01:00:00+00:00,14.5,,,26.8,80,0.0,5.4,184,983.5,14.0,14.0,14.0,17.0,14.0,14.0,15.291666666666666,9.398809523809524,0.0,6.741355152341862e-07,1.1134335631357792,1,0.25881904510252074,0.9659258262890683,6,1.2246467991473532e-16,-1.0,0,0.0,1.0,0,172,100,100
2021-06-21 02:00:00+00:00,15.0,1304191.0,1.0,28.2,73,0.0,4.0,180,983.4,14.5,14.0,15.0,17.0,14.166666666666666,14.083333333333334,15.1875,9.431547619047619,0.28867513459481314,0.20412414523305644,1.0624378356354371,2,0.49999999999999994,0.8660254037844387,6,1.2246467991473532e-16,-1.0,0,0.0,1.0,0,172,100,100
2021-06-21 03:00:00+00:00,15.0,1304191.0,1.0,29.6,69,0.0,3.8,197,983.3,15.0,14.0,15.0,17.0,14.5,14.25,15.104166666666666,9.467261904761905,0.5000000000000002,0.4183300132675984,0.9900623363970776,3,0.7071067811865476,0.7071067811865476,6,1.2246467991473532e-16,-1.0,0,0.0,1.0,0,172,100,100
2021-06-21 04:00:00+00:00,16.0,1304191.0,1.0,30.9,63,0.1,3.9,202,982.8,15.0,14.0,15.0,17.0,14.833333333333334,14.416666666666666,15.020833333333334,9.49702380952381,0.28867513459481314,0.49159604012557445,0.9039800615562158,4,0.8660254037844386,0.5000000000000001,6,1.2246467991473532e-16,-1.0,0,0.0,1.0,0,172,100,100
2021-06-21 05:00:00+00:00,16.0,1304191.0,1.0,32.0,58,0.2,4.8,207,982.3,16.0,14.0,15.0,17.0,15.333333333333334,14.75,14.979166666666666,9.538690476190476,0.5773502691896255,0.7582875444054832,0.8287008924108196,5,0.9659258262890683,0.25881904510252074,6,1.2246467991473532e-16,-1.0,0,0.0,1.0,0,172,100,100
2021-06-21 06:00:00+00:00,17.0,1304191.0,1.0,32.8,54,0.1,5.3,208,981.4,16.0,14.0,15.0,16.0,15.666666666666666,15.083333333333334,14.9375,9.580357142857142,0.5773502691896255,0.8010409893801831,0.7434293497488519,6,1.0,6.123233995736766e-17,6,1.2246467991473532e-16,-1.0,0,0.0,1.0,0,172,100,100
2021-06-21 07:00:00+00:00,18.0,,,33.5,52,0.0,6.8,205,980.3,17.0,14.5,14.0,16.0,16.333333333333332,15.583333333333334,14.979166666666666,9.62797619047619,0.5773502691896263,0.9174239296351551,0.8287008924108196,7,0.9659258262890683,-0.25881904510252063,6,1.2246467991473532e-16,-1.0,0,0.0,1.0,0,172,100,100
2021-06-21 08:00:00+00:00,19.0,1304191.0,1.0,33.3,53,0.0,9.2,206,979.2,18.0,15.0,14.0,16.0,17.0,16.166666666666668,15.0625,9.681547619047619,1.0000000000000004,1.1690451944502582,1.0153561284757204,8,0.8660254037844387,-0.4999999999999998,6,1.2246467991473532e-16,-1.0,0,0.0,1.0,0,172,100,100
2021-06-21 09:00:00+00:00,19.0,1304191.0,1.0,33.0,54,0.0,9.7,207,978.7,19.0,15.0,14.0,15.666666666666666,18.0,16.833333333333332,15.1875,9.74702380952381,1.0000000000000004,1.4719601443881836,1.28472303825552,9,0.7071067811865476,-0.7071067811865475,6,1.2246467991473532e-16,-1.0,0,0.0,1.0,0,172,100,100
2021-06-21 10:00:00+00:00,20.0,1304191.0,1.0,31.8,59,0.0,12.8,218,978.4,19.0,16.0,14.0,15.333333333333334,18.666666666666668,17.5,15.326388888888891,9.814484126984127,0.5773502691896263,1.3784048752092615,1.5007881718871352,10,0.49999999999999994,-0.8660254037844387,6,1.2246467991473532e-16,-1.0,0,0.0,1.0,0,172,100,100
2021-06-21 11:00:00+00:00,21.0,1304191.0,1.0,30.0,69,0.0,11.8,211,979.2,20.0,16.0,14.0,15.0,19.333333333333332,18.166666666666668,15.520833333333334,9.889880952380953,0.5773502691896263,1.4719601443882144,1.7783673916574285,11,0.258819045102521,-0.9659258262890682,6,1.2246467991473532e-16,-1.0,0,0.0,1.0,0,172,100,100
2021-06-21 12:00:00+00:00,21.0,1304191.0,1.0,28.5,73,0.0,7.3,213,980.2,21.0,17.0,14.0,15.0,20.0,19.0,15.770833333333334,9.973214285714286,1.0000000000000004,1.414213562373367,2.095435861408226,12,1.2246467991473532e-16,-1.0,6,1.2246467991473532e-16,-1.0,0,0.0,1.0,0,172,100,100
2021-06-21 13:00:00+00:00,21.0,1304191.0,1.0,28.1,76,0.0,8.7,197,981.0,21.0,18.0,14.5,14.0,20.666666666666668,19.666666666666668,16.020833333333332,10.056547619047619,0.5773502691896263,1.2110601416393347,2.3427926788839266,13,-0.2588190451025208,-0.9659258262890683,6,1.2246467991473532e-16,-1.0,0,0.0,1.0,0,172,100,100
2021-06-21 14:00:00+00:00,21.0,1304191.0,1.0,27.6,80,0.0,7.9,180,981.8,21.0,19.0,15.0,15.0,21.0,20.166666666666668,16.3125,10.139880952380953,0.0,0.9831920802506098,2.5100342107490574,14,-0.4999999999999997,-0.8660254037844388,6,1.2246467991473532e-16,-1.0,0,0.0,1.0,0,172,100,100
2021-06-21 15:00:00+00:00,21.0,,,27.0,83,0.0,6.0,163,982.5,21.0,19.0,15.0,15.0,21.0,20.5,16.5625,10.217261904761905,0.0,0.8366600265346011,2.667487418983445,15,-0.7071067811865471,-0.7071067811865479,6,1.2246467991473532e-16,-1.0,0,0.0,1.0,0,172,100,100
2021-06-21 16:00:00+00:00,21.0,1304191.0,1.0,26.5,87,0.0,5.4,176,983.2,21.0,20.0,16.0,15.0,21.0,20.833333333333332,16.8125,10.294642857142858,0.0,0.4082482904649716,2.7928966574383995,16,-0.8660254037844385,-0.5000000000000004,6,1.2246467991473532e-16,-1.0,0,0.0,1.0,0,172,100,100
2021-06-21 17:00:00+00:00,21.0,,,25.8,90,0.0,4.5,166,983.1,21.0,21.0,16.0,15.0,21.0,21.0,17.0625,10.37202380952381,0.0,9.582616885107468e-07,2.8904358780670973,17,-0.9659258262890683,-0.25881904510252063,6,1.2246467991473532e-16,-1.0,0,0.0,1.0,0,172,100,100
2021-06-21 18:00:00+00:00,21.0,1304191.0,1.0,25.3,92,0.0,4.1,165,982.9,21.0,21.0,17.0,15.0,21.0,21.0,17.3125,10.449404761904763,0.0,9.582616885107468e-07,2.96285885736998,18,-1.0,-1.8369701987210297e-16,6,1.2246467991473532e-16,-1.0,0,0.0,1.0,0,172,100,100
2021-06-21 19:00:00+00:00,21.5,,,25.2,93,0.0,5.0,180,982.6,21.0,21.0,18.0,14.0,21.0,21.0,17.5625,10.526785714285714,0.0,9.582616885107468e-07,3.011977899913158,19,-0.9659258262890684,0.2588190451025203,6,1.2246467991473532e-16,-1.0,0,0.0,1.0,0,172,100,100
2021-06-21 20:00:00+00:00,22.0,1304191.0,1.0,24.9,94,0.0,5.4,176,982.3,21.5,21.0,19.0,14.0,21.166666666666668,21.083333333333332,17.875,10.604166666666666,0.28867513459481237,0.2041241452341969,3.0153592330513206,20,-0.8660254037844386,0.5000000000000001,6,1.2246467991473532e-16,-1.0,0,0.0,1.0,0,172,100,100
2021-06-21 21:00:00+00:00,22.0,,,24.8,93,0.0,6.2,170,982.5,22.0,21.0,19.0,14.0,21.5,21.25,18.208333333333332,10.681547619047619,0.49999999999999956,0.41833001326815983,3.010549085648901,21,-0.7071067811865477,0.7071067811865474,6,1.2246467991473532e-16,-1.0,0,0.0,1.0,0,172,100,100
2021-06-21 22:00:00+00:00,22.0,1304191.0,1.0,24.6,92,0.0,7.9,177,982.7,22.0,21.0,20.0,14.0,21.833333333333332,21.416666666666668,18.541666666666668,10.758928571428571,0.28867513459481237,0.4915960401260565,2.966906845838609,22,-0.5000000000000004,0.8660254037844384,6,1.2246467991473532e-16,-1.0,0,0.0,1.0,0,172,100,100
2021-06-21 23:00:00+00:00,22.0,1304191.0,1.0,24.3,91,0.0,7.9,177,983.3,22.0,21.0,21.0,14.0,22.0,21.583333333333332,18.875,10.836309523809524,0.0,0.49159604012607094,2.8826693547293205,23,-0.25881904510252157,0.9659258262890681,6,1.2246467991473532e-16,-1.0,0,0.0,1.0,0,172,100,100
2021-06-22 00:00:00+00:00,22.0,1304191.0,1.0,25.3,87,0.0,5.8,173,983.6,22.0,21.0,21.0,14.0,22.0,21.75,19.208333333333332,10.913690476190476,0.0,0.4183300132682108,2.754114182007728,0,0.0,1.0,6,1.2246467991473532e-16,-1.0,1,0.7818315,0.6234898,0,173,100,100
2021-06-22 01:00:00+00:00,22.0,1304191.0,1.0,26.8,81,0.0,5.8,173,984.4,22.0,21.5,21.0,14.5,22.0,21.916666666666668,19.541666666666668,10.991071428571429,0.0,0.20412414523437092,2.5746112693775007,1,0.25881904510252074,0.9659258262890683,6,1.2246467991473532e-16,-1.0,1,0.7818315,0.6234898,0,173,100,100
2021-06-22 02:00:00+00:00,22.0,1304191.0,1.0,28.1,75,0.0,3.3,174,984.6,22.0,22.0,21.0,15.0,22.0,22.0,19.854166666666668,11.068452380952381,0.0,1.0017609699142586e-06,2.384183237535387,2,0.49999999999999994,0.8660254037844387,6,1.2246467991473532e-16,-1.0,1,0.7818315,0.6234898,0,173,100,100
2021-06-22 03:00:00+00:00,21.75,,,29.2,70,0.0,3.0,166,984.7,22.0,22.0,21.0,15.0,22.0,22.0,20.145833333333332,11.148809523809524,0.0,1.0017609699142586e-06,2.1843274094979024,3,0.7071067811865476,0.7071067811865476,6,1.2246467991473532e-16,-1.0,1,0.7818315,0.6234898,0,173,100,100
2021-06-22 04:00:00+00:00,21.5,,,30.5,65,0.1,2.9,180,984.6,21.75,22.0,21.0,16.0,21.916666666666668,21.958333333333332,20.427083333333332,11.230654761904763,0.14433756729740696,0.10206207262086271,1.9103254427194274,4,0.8660254037844386,0.5000000000000001,6,1.2246467991473532e-16,-1.0,1,0.7818315,0.6234898,0,173,100,100
2021-06-22 05:00:00+00:00,21.25,,,31.5,62,0.0,4.0,185,983.7,21.5,22.0,21.0,16.0,21.75,21.875,20.65625,11.311011904761905,0.25000000000000044,0.20916500663588963,1.6710653006780243,5,0.9659258262890683,0.25881904510252074,6,1.2246467991473532e-16,-1.0,1,0.7818315,0.6234898,0,173,100,100
2021-06-22 06:00:00+00:00,21.0,1304191.0,1.0,31.5,62,0.0,7.0,145,982.7,21.25,22.0,21.0,17.0,21.5,21.75,20.875,11.389880952380953,0.25000000000000044,0.3162277660183872,1.347300037595199,6,1.0,6.123233995736766e-17,6,1.2246467991473532e-16,-1.0,1,0.7818315,0.6234898,0,173,100,100
2021-06-22 07:00:00+00:00,20.0,1304191.0,1.0,31.1,63,0.0,3.6,233,981.8,21.0,22.0,21.5,18.0,21.25,21.583333333333332,21.041666666666668,11.467261904761905,0.25000000000000044,0.40824829046504374,1.0649215797485518,7,0.9659258262890683,-0.25881904510252063,6,1.2246467991473532e-16,-1.0,1,0.7818315,0.6234898,0,173,100,100
2021-06-22 08:00:00+00:00,19.5,,,31.2,66,0.0,5.5,259,981.1,20.0,22.0,22.0,19.0,20.75,21.25,21.125,11.538690476190476,0.6614378277661478,0.7071067811872056,0.8784868413553116,8,0.8660254037844387,-0.4999999999999998,6,1.2246467991473532e-16,-1.0,1,0.7818315,0.6234898,0,173,100,100
2021-06-22 09:00:00+00:00,19.0,,,30.4,70,0.2,7.5,197,980.7,19.5,21.75,22.0,19.0,20.166666666666668,20.833333333333332,21.145833333333332,11.607142857142858,0.7637626158259738,0.8897565210031079,0.8305206154896281,9,0.7071067811865476,-0.7071067811865475,6,1.2246467991473532e-16,-1.0,1,0.7818315,0.6234898,0,173,100,100
2021-06-22 10:00:00+00:00,18.5,,,29.8,74,0.1,5.6,220,980.9,19.0,21.5,22.0,20.0,19.5,20.375,21.145833333333332,11.672619047619047,0.5000000000000016,1.0216408370855388,0.8305206154896281,10,0.49999999999999994,-0.8660254037844387,6,1.2246467991473532e-16,-1.0,1,0.7818315,0.6234898,0,173,100,100
2021-06-22 11:00:00+00:00,18.0,1304191.0,1.0,28.9,82,0.0,4.0,190,981.5,18.5,21.25,22.0,21.0,19.0,19.875,21.083333333333332,11.735119047619047,0.5000000000000016,1.092588669170969,0.9659042470619993,11,0.258819045102521,-0.9659258262890682,6,1.2246467991473532e-16,-1.0,1,0.7818315,0.6234898,0,173,100,100
2021-06-22 12:00:00+00:00,18.0,1304191.0,1.0,28.7,80,0.0,6.8,198,981.5,18.0,21.0,22.0,21.0,18.5,19.333333333333332,20.958333333333332,11.794642857142858,0.5000000000000016,1.0801234497349825,1.1531305845077582,12,1.2246467991473532e-16,-1.0,6,1.2246467991473532e-16,-1.0,1,0.7818315,0.6234898,0,173,100,100
2021-06-22 13:00:00+00:00,18.0,1304191.0,1.0,28.2,73,0.0,8.7,197,982.5,18.0,20.0,22.0,21.0,18.166666666666668,18.833333333333332,20.833333333333332,11.854166666666666,0.2886751345948158,0.8164965809281425,1.3014763077789109,13,-0.2588190451025208,-0.9659258262890683,6,1.2246467991473532e-16,-1.0,1,0.7818315,0.6234898,0,173,100,100
2021-06-22 14:00:00+00:00,17.5,,,27.5,77,0.0,7.2,183,983.4,18.0,19.5,22.0,21.0,18.0,18.5,20.708333333333332,11.913690476190476,0.0,0.632455532034186,1.423152247245626,14,-0.4999999999999997,-0.8660254037844388,6,1.2246467991473532e-16,-1.0,1,0.7818315,0.6234898,0,173,100,100
2021-06-22 15:00:00+00:00,17.0,1304191.0,1.0,26.9,82,0.0,6.4,164,984.3,17.5,19.0,21.75,21.0,17.833333333333332,18.166666666666668,20.5625,11.973214285714286,0.28867513459481237,0.5163977794949132,1.5642924501399755,15,-0.7071067811865471,-0.7071067811865479,6,1.2246467991473532e-16,-1.0,1,0.7818315,0.6234898,0,173,100,100
2021-06-22 16:00:00+00:00,17.0,1304191.0,1.0,26.5,86,0.0,5.2,155,984.6,17.0,18.5,21.5,21.0,17.5,17.833333333333332,20.395833333333332,12.032738095238095,0.49999999999999956,0.5163977794948788,1.720901979541,16,-0.8660254037844385,-0.5000000000000004,6,1.2246467991473532e-16,-1.0,1,0.7818315,0.6234898,0,173,100,100
2021-06-22 17:00:00+00:00,17.0,1304191.0,1.0,26.1,87,0.0,6.6,171,984.3,17.0,18.0,21.25,21.0,17.166666666666668,17.583333333333332,20.229166666666668,12.095238095238095,0.28867513459481237,0.491596040125645,1.8487902429206469,17,-0.9659258262890683,-0.25881904510252063,6,1.2246467991473532e-16,-1.0,1,0.7818315,0.6234898,0,173,100,100
2021-06-22 18:00:00+00:00,17.0,,,25.8,87,0.0,7.2,174,984.0,17.0,18.0,21.0,21.0,17.0,17.416666666666668,20.0625,12.160714285714286,0.0,0.49159604012562697,1.9536059190523256,18,-1.0,-1.8369701987210297e-16,6,1.2246467991473532e-16,-1.0,1,0.7818315,0.6234898,0,173,100,100
2021-06-22 19:00:00+00:00,17.0,1304191.0,1.0,25.4,88,0.0,6.3,156,983.7,17.0,18.0,20.0,21.5,17.0,17.25,19.895833333333332,12.226190476190476,0.0,0.4183300132676506,2.038910443619637,19,-0.9659258262890684,0.2588190451025203,6,1.2246467991473532e-16,-1.0,1,0.7818315,0.6234898,0,173,100,100
2021-06-22 20:00:00+00:00,16.5,,,25.1,89,0.0,6.2,159,983.5,17.0,17.5,19.5,22.0,17.0,17.083333333333332,19.708333333333332,12.291666666666666,0.0,0.20412414523314532,2.0912169676523034,20,-0.8660254037844386,0.5000000000000001,6,1.2246467991473532e-16,-1.0,1,0.7818315,0.6234898,0,173,100,100
2021-06-22 21:00:00+00:00,16.0,1304191.0,1.0,24.9,89,0.0,7.0,159,983.3,16.5,17.0,19.0,22.0,16.833333333333332,16.916666666666668,19.479166666666668,12.357142857142858,0.28867513459481237,0.20412414523310182,2.130162101744832,21,-0.7071067811865477,0.7071067811865474,6,1.2246467991473532e-16,-1.0,1,0.7818315,0.6234898,0,173,100,100
2021-06-22 22:00:00+00:00,16.0,,,24.7,89,0.0,7.3,169,984.0,16.0,17.0,18.5,22.0,16.5,16.75,19.229166666666668,12.422619047619047,0.49999999999999956,0.41833001326758695,2.173102203856421,22,-0.5000000000000004,0.8660254037844384,6,1.2246467991473532e-16,-1.0,1,0.7818315,0.6234898,0,173,100,100
2021-06-22 23:00:00+00:00,16.0,1304191.0,1.0,24.6,89,0.0,8.0,175,984.7,16.0,17.0,18.0,22.0,16.166666666666668,16.583333333333332,18.979166666666668,12.488095238095237,0.28867513459481237,0.4915960401255366,2.1855710957304995,23,-0.25881904510252157,0.9659258262890681,6,1.2246467991473532e-16,-1.0,1,0.7818315,0.6234898,0,173,100,100
2021-06-23 00:00:00+00:00,16.0,1304191.0,1.0,25.5,88,0.0,7.2,174,984.6,16.0,17.0,18.0,22.0,16.0,16.416666666666668,18.729166666666668,12.553571428571429,0.0,0.49159604012551855,2.1680945685026978,0,0.0,1.0,6,1.2246467991473532e-16,-1.0,2,0.9749279,-0.22252093,0,174,100,100
2021-06-23 01:00:00+00:00,16.0,,,26.8,83,0.0,7.2,174,985.4,16.0,17.0,18.0,22.0,16.0,16.25,18.479166666666668,12.613095238095237,0.0,0.4183300132675232,2.119932149584153,1,0.25881904510252074,0.9659258262890683,6,1.2246467991473532e-16,-1.0,2,0.9749279,-0.22252093,0,174,100,100
2021-06-23 02:00:00+00:00,16.0,1304191.0,1.0,28.0,76,0.0,6.8,180,985.9,16.0,16.5,17.5,22.0,16.0,16.083333333333332,18.229166666666668,12.672619047619047,0.0,0.20412414523288425,2.0389104436196748,2,0.49999999999999994,0.8660254037844387,6,1.2246467991473532e-16,-1.0,2,0.9749279,-0.22252093,0,174,100,100
2021-06-23 03:00:00+00:00,17.0,1304191.0,1.0,29.5,71,0.0,6.3,193,985.9,16.0,16.0,17.0,21.75,16.0,16.0,17.979166666666668,12.732142857142858,0.0,6.165507379904195e-07,1.920875970164023,3,0.7071067811865476,0.7071067811865476,6,1.2246467991473532e-16,-1.0,2,0.9749279,-0.22252093,0,174,100,100
2021-06-23 04:00:00+00:00,17.0,,,31.0,63,0.0,7.0,201,985.5,17.0,16.0,17.0,21.5,16.333333333333332,16.166666666666668,17.78125,12.797619047619047,0.5773502691896263,0.4082482904643505,1.7528121814610464,4,0.8660254037844386,0.5000000000000001,6,1.2246467991473532e-16,-1.0,2,0.9749279,-0.22252093,0,174,100,100
2021-06-23 05:00:00+00:00,17.0,1304191.0,1.0,32.0,58,0.0,7.7,208,984.7,17.0,16.0,17.0,21.25,16.666666666666668,16.333333333333332,17.59375,12.863095238095237,0.5773502691896263,0.5163977794947249,1.5687375497513878,5,0.9659258262890683,0.25881904510252074,6,1.2246467991473532e-16,-1.0,2,0.9749279,-0.22252093,0,174,100,100
2021-06-23 06:00:00+00:00,16.0,1304191.0,1.0,32.7,56,0.0,8.1,212,983.6,17.0,16.0,17.0,21.0,17.0,16.5,17.416666666666668,12.928571428571429,0.0,0.5477225575055613,1.3646680331053824,6,1.0,6.123233995736766e-17,6,1.2246467991473532e-16,-1.0,2,0.9749279,-0.22252093,0,174,100,100
2021-06-23 07:00:00+00:00,16.0,,,32.2,56,0.1,13.0,199,982.5,16.0,16.0,17.0,20.0,16.666666666666668,16.5,17.208333333333332,12.988095238095237,0.5773502691896263,0.5477225575055613,1.1601786469133295,7,0.9659258262890683,-0.25881904510252063,6,1.2246467991473532e-16,-1.0,2,0.9749279,-0.22252093,0,174,100,100
2021-06-23 08:00:00+00:00,16.0,1304191.0,1.0,31.4,62,0.0,7.6,251,981.7,16.0,16.0,16.5,19.5,16.333333333333332,16.5,17.041666666666668,13.047619047619047,0.5773502691896263,0.5477225575055613,1.020620726159675,8,0.8660254037844387,-0.4999999999999998,6,1.2246467991473532e-16,-1.0,2,0.9749279,-0.22252093,0,174,100,100
2021-06-23 09:00:00+00:00,17.0,1304191.0,1.0,29.9,70,0.2,11.5,226,981.2,16.0,17.0,16.0,19.0,16.0,16.5,16.895833333333332,13.107142857142858,0.0,0.5477225575055613,0.8966018779459927,9,0.7071067811865476,-0.7071067811865475,6,1.2246467991473532e-16,-1.0,2,0.9749279,-0.22252093,0,174,100,100
2021-06-23 10:00:00+00:00,16.5,,,29.9,71,0.0,5.9,227,981.0,17.0,17.0,16.0,18.5,16.333333333333332,16.5,16.8125,13.172619047619047,0.5773502691896263,0.5477225575055613,0.7775728681078372,10,0.49999999999999994,-0.8660254037844387,6,1.2246467991473532e-16,-1.0,2,0.9749279,-0.22252093,0,174,100,100
2021-06-23 11:00:00+00:00,16.0,1304191.0,1.0,29.2,77,0.0,5.9,194,981.6,16.5,17.0,16.0,18.0,16.5,16.416666666666668,16.729166666666668,13.235119047619047,0.5000000000000009,0.4915960401255192,0.6912365521401175,11,0.258819045102521,-0.9659258262890682,6,1.2246467991473532e-16,-1.0,2,0.9749279,-0.22252093,0,174,100,100
2021-06-23 12:00:00+00:00,16.0,1304191.0,1.0,28.1,88,0.0,4.7,171,981.6,16.0,16.0,16.0,18.0,16.5,16.25,16.645833333333332,13.294642857142858,0.5000000000000009,0.41833001326752534,0.6507381538895722,12,1.2246467991473532e-16,-1.0,6,1.2246467991473532e-16,-1.0,2,0.9749279,-0.22252093,0,174,100,100
2021-06-23 13:00:00+00:00,16.0,1304191.0,1.0,28.4,76,0.0,8.7,175,982.7,16.0,16.0,16.0,18.0,16.166666666666668,16.25,16.5625,13.354166666666666,0.2886751345948147,0.41833001326752534,0.5954994250353829,13,-0.2588190451025208,-0.9659258262890683,6,1.2246467991473532e-16,-1.0,2,0.9749279,-0.22252093,0,174,100,100
2021-06-23 14:00:00+00:00,16.0,,,27.5,77,0.0,8.6,178,983.4,16.0,16.0,16.0,17.5,16.0,16.25,16.479166666666668,13.413690476190476,0.0,0.41833001326752534,0.5208514489603984,14,-0.4999999999999997,-0.8660254037844388,6,1.2246467991473532e-16,-1.0,2,0.9749279,-0.22252093,0,174,100,100
2021-06-23 15:00:00+00:00,16.0,1304191.0,1.0,26.9,79,0.0,8.3,162,984.5,16.0,17.0,17.0,17.0,16.0,16.25,16.416666666666668,13.473214285714286,0.0,0.41833001326752534,0.48154341234317516,15,-0.7071067811865471,-0.7071067811865479,6,1.2246467991473532e-16,-1.0,2,0.9749279,-0.22252093,0,174,100,100
2021-06-23 16:00:00+00:00,16.0,1304191.0,1.0,26.0,83,0.5,6.4,153,984.8,16.0,16.5,17.0,17.0,16.0,16.083333333333332,16.375,13.532738095238095,0.0,0.20412414523288855,0.47204458153507123,16,-0.8660254037844385,-0.5000000000000004,6,1.2246467991473532e-16,-1.0,2,0.9749279,-0.22252093,0,174,100,100
2021-06-23 17:00:00+00:00,16.0,1304191.0,1.0,25.5,87,0.3,5.9,137,984.3,16.0,16.0,17.0,17.0,16.0,16.0,16.333333333333332,13.592261904761905,0.0,6.179716537960611e-07,0.4584156711286544,17,-0.9659258262890683,-0.25881904510252063,6,1.2246467991473532e-16,-1.0,2,0.9749279,-0.22252093,0,174,100,100
2021-06-23 18:00:00+00:00,16.0,,,24.8,91,0.0,4.1,135,983.7,16.0,16.0,16.0,17.0,16.0,16.0,16.291666666666668,13.651785714285714,0.0,6.179716537960611e-07,0.44027330115537505,18,-1.0,-1.8369701987210297e-16,6,1.2246467991473532e-16,-1.0,2,0.9749279,-0.22252093,0,174,100,100
2021-06-23 19:00:00+00:00,16.0,1304191.0,1.0,24.5,92,0.0,4.5,151,983.1,16.0,16.0,16.0,17.0,16.0,16.0,16.25,13.711309523809524,0.0,6.179716537960611e-07,0.41702882811428194,19,-0.9659258262890684,0.2588190451025203,6,1.2246467991473532e-16,-1.0,2,0.9749279,-0.22252093,0,174,100,100
2021-06-23 20:00:00+00:00,16.0,1304191.0,1.0,24.6,91,0.7,4.6,141,982.9,16.0,16.0,16.0,16.5,16.0,16.0,16.208333333333332,13.770833333333334,0.0,6.179716537960611e-07,0.38776580411466643,20,-0.8660254037844386,0.5000000000000001,6,1.2246467991473532e-16,-1.0,2,0.9749279,-0.22252093,0,174,100,100
2021-06-23 21:00:00+00:00,15.0,1304191.0,1.0,24.2,94,0.4,5.1,141,982.9,16.0,16.0,17.0,16.0,16.0,16.0,16.1875,13.830357142857142,0.0,6.179716537960611e-07,0.38483480363276973,21,-0.7071067811865477,0.7071067811865474,6,1.2246467991473532e-16,-1.0,2,0.9749279,-0.22252093,0,174,100,100
2021-06-23 22:00:00+00:00,15.0,1304191.0,1.0,24.1,94,0.0,6.3,156,983.3,15.0,16.0,16.5,16.0,15.666666666666666,15.833333333333334,16.145833333333332,13.883928571428571,0.5773502691896255,0.40824829046430916,0.4539480593414071,22,-0.5000000000000004,0.8660254037844384,6,1.2246467991473532e-16,-1.0,2,0.9749279,-0.22252093,0,174,100,100
2021-06-23 23:00:00+00:00,15.0,,,23.8,95,0.0,7.6,161,983.5,15.0,16.0,16.0,16.0,15.333333333333334,15.666666666666666,16.104166666666668,13.9375,0.5773502691896255,0.516397779494658,0.5103103630799496,23,-0.25881904510252157,0.9659258262890681,6,1.2246467991473532e-16,-1.0,2,0.9749279,-0.22252093,0,174,100,100
2021-06-24 00:00:00+00:00,15.0,1304191.0,1.0,24.8,94,0.0,7.2,177,983.7,15.0,16.0,16.0,16.0,15.0,15.5,16.0625,13.991071428571429,0.0,0.5477225575054671,0.5578004162314271,0,0.0,1.0,6,1.2246467991473532e-16,-1.0,3,0.43388373,-0.90096885,0,175,100,100
2021-06-24 01:00:00+00:00,15.0,1304191.0,1.0,26.0,87,0.0,6.8,180,984.2,15.0,16.0,16.0,16.0,15.0,15.333333333333334,16.020833333333332,14.044642857142858,0.0,0.516397779494625,0.5985338366569762,1,0.25881904510252074,0.9659258262890683,6,1.2246467991473532e-16,-1.0,3,0.43388373,-0.90096885,0,175,100,100
2021-06-24 02:00:00+00:00,15.0,,,27.3,80,0.0,5.2,196,984.3,15.0,16.0,16.0,16.0,15.0,15.166666666666666,15.979166666666666,14.098214285714286,0.0,0.40824829046422534,0.633814653106797,2,0.49999999999999994,0.8660254037844387,6,1.2246467991473532e-16,-1.0,3,0.43388373,-0.90096885,0,175,100,100
2021-06-24 03:00:00+00:00,15.0,1304191.0,1.0,28.6,76,0.0,2.5,180,984.4,15.0,15.0,16.0,17.0,15.0,15.0,15.9375,14.151785714285714,0.0,5.284557688342632e-07,0.6645119163390991,3,0.7071067811865476,0.7071067811865476,6,1.2246467991473532e-16,-1.0,3,0.43388373,-0.90096885,0,175,100,100
2021-06-24 04:00:00+00:00,14.0,1304191.0,1.0,29.6,71,0.0,3.7,151,983.8,15.0,15.0,16.0,17.0,15.0,15.0,15.854166666666666,14.205357142857142,0.0,5.284557688342632e-07,0.650738153889631,4,0.8660254037844386,0.5000000000000001,6,1.2246467991473532e-16,-1.0,3,0.43388373,-0.90096885,0,175,100,100
2021-06-24 05:00:00+00:00,14.0,1304191.0,1.0,31.0,65,0.0,4.0,117,983.0,14.0,15.0,16.0,17.0,14.666666666666666,14.833333333333334,15.729166666666666,14.25297619047619,0.5773502691896255,0.4082482904641846,0.7067864609975474,5,0.9659258262890683,0.25881904510252074,6,1.2246467991473532e-16,-1.0,3,0.43388373,-0.90096885,0,175,100,100
2021-06-24 06:00:00+00:00,14.0,1304191.0,1.0,29.5,75,2.6,8.2,337,982.5,14.0,15.0,16.0,16.0,14.333333333333334,14.666666666666666,15.604166666666666,14.300595238095237,0.5773502691896255,0.5163977794945602,0.7369025460120328,6,1.0,6.123233995736766e-17,6,1.2246467991473532e-16,-1.0,3,0.43388373,-0.90096885,0,175,100,100
2021-06-24 07:00:00+00:00,14.0,1304191.0,1.0,27.9,85,0.9,1.8,233,981.5,14.0,15.0,16.0,16.0,14.0,14.5,15.520833333333334,14.348214285714286,0.0,0.5477225575053752,0.8005319789212338,7,0.9659258262890683,-0.25881904510252063,6,1.2246467991473532e-16,-1.0,3,0.43388373,-0.90096885,0,175,100,100
2021-06-24 08:00:00+00:00,13.0,1304191.0,1.0,29.1,78,0.0,3.9,202,980.5,14.0,15.0,16.0,16.0,14.0,14.333333333333334,15.4375,14.395833333333334,0.0,0.5163977794945276,0.8509904715147457,8,0.8660254037844387,-0.4999999999999998,6,1.2246467991473532e-16,-1.0,3,0.43388373,-0.90096885,0,175,100,100
2021-06-24 09:00:00+00:00,13.0,,,27.7,84,1.4,6.5,214,980.2,13.0,15.0,15.0,17.0,13.666666666666666,14.0,15.3125,14.4375,0.5773502691896255,0.6324555320338168,0.9759332211653218,9,0.7071067811865476,-0.7071067811865475,6,1.2246467991473532e-16,-1.0,3,0.43388373,-0.90096885,0,175,100,100
2021-06-24 10:00:00+00:00,13.0,1304191.0,1.0,27.2,87,0.1,6.4,133,979.4,13.0,14.0,15.0,16.5,13.333333333333334,13.666666666666666,15.145833333333334,14.479166666666666,0.5773502691896255,0.5163977794944621,1.0159506863532677,10,0.49999999999999994,-0.8660254037844387,6,1.2246467991473532e-16,-1.0,3,0.43388373,-0.90096885,0,175,100,100
2021-06-24 11:00:00+00:00,13.0,1304191.0,1.0,27.0,89,0.0,3.7,101,979.8,13.0,14.0,15.0,16.0,13.0,13.5,15.0,14.520833333333334,0.0,0.5477225575052826,1.063219066142504,11,0.258819045102521,-0.9659258262890682,6,1.2246467991473532e-16,-1.0,3,0.43388373,-0.90096885,0,175,100,100
2021-06-24 12:00:00+00:00,13.0,1304191.0,1.0,27.2,88,0.0,4.7,122,980.1,13.0,14.0,15.0,16.0,13.0,13.333333333333334,14.875,14.5625,0.0,0.5163977794944294,1.1156008324627409,12,1.2246467991473532e-16,-1.0,6,1.2246467991473532e-16,-1.0,3,0.43388373,-0.90096885,0,175,100,100
2021-06-24 13:00:00+00:00,12.75,,,26.8,89,0.0,4.8,138,981.3,13.0,14.0,15.0,16.0,13.0,13.166666666666666,14.75,14.604166666666666,0.0,0.40824829046397804,1.151558490273946,13,-0.2588190451025208,-0.9659258262890683,6,1.2246467991473532e-16,-1.0,3,0.43388373,-0.90096885,0,175,100,100
2021-06-24 14:00:00+00:00,12.5,,,26.8,86,0.0,7.8,158,982.0,12.75,13.0,15.0,16.0,12.916666666666666,12.958333333333334,14.614583333333334,14.644345238095237,0.14433756729740618,0.10206207261632419,1.1886674276783535,14,-0.4999999999999997,-0.8660254037844388,6,1.2246467991473532e-16,-1.0,3,0.43388373,-0.90096885,0,175,100,100
2021-06-24 15:00:00+00:00,12.25,,,26.5,82,0.0,7.6,175,982.7,12.5,13.0,15.0,16.0,12.75,12.875,14.46875,14.683035714285714,0.24999999999999978,0.20916500663367354,1.2254380317117302,15,-0.7071067811865471,-0.7071067811865479,6,1.2246467991473532e-16,-1.0,3,0.43388373,-0.90096885,0,175,100,100
2021-06-24 16:00:00+00:00,12.0,1304191.0,1.0,25.9,84,0.0,4.0,153,983.0,12.25,13.0,14.0,16.0,12.5,12.75,14.3125,14.720238095238095,0.24999999999999978,0.3162277660169199,1.2602837844674601,16,-0.8660254037844385,-0.5000000000000004,6,1.2246467991473532e-16,-1.0,3,0.43388373,-0.90096885,0,175,100,100
2021-06-24 17:00:00+00:00,12.0,1304191.0,1.0,25.5,86,0.0,4.0,153,982.8,12.0,13.0,14.0,16.0,12.25,12.583333333333334,14.145833333333334,14.755952380952381,0.24999999999999978,0.40824829046390587,1.2915205620969334,17,-0.9659258262890683,-0.25881904510252063,6,1.2246467991473532e-16,-1.0,3,0.43388373,-0.90096885,0,175,100,100
2021-06-24 18:00:00+00:00,12.0,1304191.0,1.0,25.1,87,0.0,3.8,163,982.4,12.0,13.0,14.0,16.0,12.083333333333334,12.416666666666666,13.979166666666666,14.791666666666666,0.14433756729740618,0.4082482904638855,1.2999094171341248,18,-1.0,-1.8369701987210297e-16,6,1.2246467991473532e-16,-1.0,3,0.43388373,-0.90096885,0,175,100,100
2021-06-24 19:00:00+00:00,12.0,1304191.0,1.0,25.3,85,0.0,7.6,172,981.9,12.0,12.75,14.0,16.0,12.0,12.25,13.8125,14.827380952380953,0.0,0.31622776601684094,1.2858975887278226,19,-0.9659258262890684,0.2588190451025203,6,1.2246467991473532e-16,-1.0,3,0.43388373,-0.90096885,0,175,100,100
2021-06-24 20:00:00+00:00,12.0,1304191.0,1.0,24.9,85,0.0,8.4,170,981.3,12.0,12.5,13.0,16.0,12.0,12.125,13.645833333333334,14.863095238095237,0.0,0.20916500663349402,1.248731240157514,20,-0.8660254037844386,0.5000000000000001,6,1.2246467991473532e-16,-1.0,3,0.43388373,-0.90096885,0,175,100,100
2021-06-24 21:00:00+00:00,12.045454545454545,,,24.7,83,0.0,9.2,169,981.2,12.0,12.25,13.0,15.0,12.0,12.041666666666666,13.479166666666666,14.898809523809524,0.0,0.10206207261587477,1.186235978674506,21,-0.7071067811865477,0.7071067811865474,6,1.2246467991473532e-16,-1.0,3,0.43388373,-0.90096885,0,175,100,100
2021-06-24 22:00:00+00:00,12.090909090909092,,,24.2,83,0.0,9.1,173,981.4,12.045454545454545,12.0,13.0,15.0,12.015151515151516,12.007575757575758,13.356060606060604,14.934794372294371,0.02624319405407336,0.018556740475629864,1.1747979900407175,22,-0.5000000000000004,0.8660254037844384,6,1.2246467991473532e-16,-1.0,3,0.43388373,-0.90096885,0,175,100,100
2021-06-24 23:00:00+00:00,12.136363636363637,,,24.1,84,0.0,8.5,168,982.1,12.090909090909092,12.0,13.0,15.0,12.045454545454547,12.022727272727272,13.234848484848484,14.971049783549782,0.045454545454544894,0.03803000120609427,1.1475666476001976,23,-0.25881904510252157,0.9659258262890681,6,1.2246467991473532e-16,-1.0,3,0.43388373,-0.90096885,0,175,100,100
2021-06-25 00:00:00+00:00,12.181818181818182,,,25.0,83,0.0,8.0,172,982.6,12.136363636363637,12.0,13.0,15.0,12.090909090909092,12.045454545454545,13.115530303030303,15.001623376623378,0.04545454545454334,0.05749595745760701,1.104105718243858,0,0.0,1.0,6,1.2246467991473532e-16,-1.0,4,-0.43388373,-0.90096885,0,176,100,100
2021-06-25 01:00:00+00:00,12.227272727272727,,,26.0,80,0.0,7.0,168,983.2,12.181818181818182,12.0,12.75,15.0,12.136363636363635,12.075757575757576,12.99810606060606,15.032467532467532,0.045454545454541785,0.07422696190252054,1.043151714211604,1,0.25881904510252074,0.9659258262890683,6,1.2246467991473532e-16,-1.0,4,-0.43388373,-0.90096885,0,176,100,100
2021-06-25 02:00:00+00:00,12.272727272727273,,,26.6,78,0.0,6.5,180,983.5,12.227272727272727,12.0,12.5,15.0,12.181818181818182,12.113636363636362,12.882575757575758,15.062731910946194,0.04545454545454134,0.08503766788122556,0.9622003121242776,2,0.49999999999999994,0.8660254037844387,6,1.2246467991473532e-16,-1.0,4,-0.43388373,-0.90096885,0,176,100,100
2021-06-25 03:00:00+00:00,12.318181818181818,,,28.0,71,0.0,6.4,196,983.7,12.272727272727273,12.045454545454545,12.25,15.0,12.227272727272727,12.159090909090908,12.768939393939393,15.09241651205937,0.045454545454542895,0.08503766788122556,0.8564991822552971,3,0.7071067811865476,0.7071067811865476,6,1.2246467991473532e-16,-1.0,4,-0.43388373,-0.90096885,0,176,100,100
2021-06-25 04:00:00+00:00,12.363636363636363,,,29.4,67,0.0,3.0,194,983.2,12.318181818181818,12.090909090909092,12.0,14.0,12.272727272727273,12.204545454545455,12.657196969696969,15.121521335807053,0.045454545454542895,0.08503766788122452,0.7162240246709818,4,0.8660254037844386,0.5000000000000001,6,1.2246467991473532e-16,-1.0,4,-0.43388373,-0.90096885,0,176,100,100
2021-06-25 05:00:00+00:00,12.409090909090908,,,29.9,65,0.0,3.7,209,982.6,12.363636363636363,12.136363636363637,12.0,14.0,12.318181818181818,12.25,12.58901515151515,15.150046382189238,0.04545454545454134,0.08503766788122324,0.6583891816617296,5,0.9659258262890683,0.25881904510252074,6,1.2246467991473532e-16,-1.0,4,-0.43388373,-0.90096885,0,176,100,100
2021-06-25 06:00:00+00:00,12.454545454545455,,,29.8,66,0.0,3.6,180,981.8,12.409090909090908,12.181818181818182,12.0,14.0,12.363636363636365,12.295454545454545,12.522727272727272,15.177991651205936,0.04545454545454179,0.08503766788122195,0.5862923938708704,6,1.0,6.123233995736766e-17,6,1.2246467991473532e-16,-1.0,4,-0.43388373,-0.90096885,0,176,100,100
2021-06-25 07:00:00+00:00,12.5,,,29.8,65,0.0,3.6,127,980.9,12.454545454545455,12.227272727272727,12.0,14.0,12.409090909090908,12.340909090909092,12.458333333333334,15.205357142857142,0.04545454545454179,0.08503766788122091,0.49470183724534167,7,0.9659258262890683,-0.25881904510252063,6,1.2246467991473532e-16,-1.0,4,-0.43388373,-0.90096885,0,176,100,100
2021-06-25 08:00:00+00:00,12.545454545454545,,,29.8,66,0.0,2.3,288,979.8,12.5,12.272727272727273,12.0,13.0,12.454545454545453,12.386363636363635,12.395833333333334,15.232142857142858,0.04545454545454024,0.08503766788121911,0.3706655517473729,8,0.8660254037844387,-0.4999999999999998,6,1.2246467991473532e-16,-1.0,4,-0.43388373,-0.90096885,0,176,100,100
2021-06-25 09:00:00+00:00,12.590909090909092,,,29.1,71,0.0,4.5,299,979.2,12.545454545454545,12.318181818181818,12.045454545454545,13.0,12.5,12.431818181818182,12.376893939393938,15.258348794063078,0.04545454545453868,0.08503766788121783,0.3494590981464629,9,0.7071067811865476,-0.7071067811865475,6,1.2246467991473532e-16,-1.0,4,-0.43388373,-0.90096885,0,176,100,100
2021-06-25 10:00:00+00:00,12.636363636363637,,,29.7,71,0.0,4.7,176,979.1,12.590909090909092,12.363636363636363,12.090909090909092,13.0,12.545454545454547,12.477272727272728,12.359848484848484,15.28397495361781,0.04545454545453868,0.08503766788121678,0.3269999595264586,10,0.49999999999999994,-0.8660254037844387,6,1.2246467991473532e-16,-1.0,4,-0.43388373,-0.90096885,0,176,100,100
2021-06-25 11:00:00+00:00,12.681818181818182,,,29.0,74,0.0,6.6,167,979.4,12.636363636363637,12.409090909090908,12.136363636363637,13.0,12.590909090909092,12.522727272727273,12.344696969696969,15.309021335807053,0.04545454545453713,0.08503766788121497,0.3036390460076809,11,0.258819045102521,-0.9659258262890682,6,1.2246467991473532e-16,-1.0,4,-0.43388373,-0.90096885,0,176,100,100
2021-06-25 12:00:00+00:00,12.727272727272727,,,28.4,72,0.0,8.0,144,979.6,12.681818181818182,12.454545454545455,12.181818181818182,13.0,12.636363636363635,12.568181818181818,12.331439393939393,15.333487940630798,0.04545454545453557,0.08503766788121318,0.27979291616798063,12,1.2246467991473532e-16,-1.0,6,1.2246467991473532e-16,-1.0,4,-0.43388373,-0.90096885,0,176,100,100
2021-06-25 13:00:00+00:00,12.772727272727273,,,28.0,72,0.0,9.2,154,980.7,12.727272727272727,12.5,12.227272727272727,12.75,12.681818181818182,12.613636363636365,12.320075757575758,15.357374768089052,0.045454545454535124,0.08503766788121189,0.25598448635202764,13,-0.2588190451025208,-0.9659258262890683,6,1.2246467991473532e-16,-1.0,4,-0.43388373,-0.90096885,0,176,100,100
2021-06-25 14:00:00+00:00,12.818181818181818,,,27.8,73,0.0,8.9,166,981.4,12.772727272727273,12.545454545454545,12.272727272727273,12.5,12.727272727272727,12.659090909090908,12.321022727272727,15.380681818181818,0.04545454545453668,0.08503766788121114,0.25768048421347545,14,-0.4999999999999997,-0.8660254037844388,6,1.2246467991473532e-16,-1.0,4,-0.43388373,-0.90096885,0,176,100,100
2021-06-25 15:00:00+00:00,12.863636363636363,,,27.1,74,0.2,8.0,153,982.6,12.818181818181818,12.590909090909092,12.318181818181818,12.25,12.772727272727273,12.704545454545455,12.334280303030303,15.403409090909092,0.04545454545453668,0.08503766788121009,0.2748990575754242,15,-0.7071067811865471,-0.7071067811865479,6,1.2246467991473532e-16,-1.0,4,-0.43388373,-0.90096885,0,176,100,100
2021-06-25 16:00:00+00:00,12.909090909090908,,,26.0,83,0.7,4.2,160,983.1,12.863636363636363,12.636363636363637,12.363636363636363,12.0,12.818181818181818,12.75,12.359848484848484,15.42555658627087,0.045454545454535124,0.08503766788120881,0.2945537092819531,16,-0.8660254037844385,-0.5000000000000004,6,1.2246467991473532e-16,-1.0,4,-0.43388373,-0.90096885,0,176,100,100
2021-06-25 17:00:00+00:00,12.954545454545455,,,25.5,86,0.3,2.5,82,983.0,12.909090909090908,12.681818181818182,12.409090909090908,12.0,12.863636363636365,12.795454545454545,12.397727272727272,15.44712430426716,0.04545454545453557,0.08503766788120753,0.30454987903192493,17,-0.9659258262890683,-0.25881904510252063,6,1.2246467991473532e-16,-1.0,4,-0.43388373,-0.90096885,0,176,100,100
2021-06-25 18:00:00+00:00,13.0,1304191.0,1.0,24.5,99,1.8,3.2,27,982.8,12.954545454545455,12.727272727272727,12.454545454545455,12.0,12.909090909090908,12.840909090909092,12.4375,15.468112244897961,0.04545454545453557,0.08503766788120648,0.31257410188704676,18,-1.0,-1.8369701987210297e-16,6,1.2246467991473532e-16,-1.0,4,-0.43388373,-0.90096885,0,176,100,100
2021-06-25 19:00:00+00:00,13.0,1304191.0,1.0,24.2,97,1.7,5.5,23,982.4,13.0,12.772727272727273,12.5,12.0,12.954545454545453,12.886363636363635,12.479166666666666,15.488520408163264,0.045454545454534014,0.08503766788120468,0.3183170708213534,19,-0.9659258262890684,0.2588190451025203,6,1.2246467991473532e-16,-1.0,4,-0.43388373,-0.90096885,0,176,100,100
2021-06-25 20:00:00+00:00,13.0,1304191.0,1.0,23.7,97,2.0,3.7,11,982.2,13.0,12.818181818181818,12.545454545454545,12.0,12.984848484848484,12.924242424242424,12.520833333333334,15.508078231292515,0.02624319405405195,0.07422696190249516,0.3183170708213464,20,-0.8660254037844386,0.5000000000000001,6,1.2246467991473532e-16,-1.0,4,-0.43388373,-0.90096885,0,176,100,100
2021-06-25 21:00:00+00:00,13.0,1304191.0,1.0,23.5,98,0.4,3.2,333,982.3,13.0,12.863636363636363,12.590909090909092,12.045454545454545,13.0,12.954545454545453,12.5625,15.526785714285714,0.0,0.057495957457573216,0.31257410188702556,21,-0.7071067811865477,0.7071067811865474,6,1.2246467991473532e-16,-1.0,4,-0.43388373,-0.90096885,0,176,100,100
2021-06-25 22:00:00+00:00,13.5,,,23.4,99,0.0,2.5,352,982.6,13.0,12.909090909090908,12.636363636363637,12.090909090909092,13.0,12.977272727272727,12.602272727272728,15.544642857142858,0.0,0.03803000120604135,0.30454987903188946,22,-0.5000000000000004,0.8660254037844384,6,1.2246467991473532e-16,-1.0,4,-0.43388373,-0.90096885,0,176,100,100
2021-06-25 23:00:00+00:00,14.0,1304191.0,1.0,23.5,98,0.0,2.5,45,983.0,13.5,12.954545454545455,12.681818181818182,12.136363636363637,13.166666666666666,13.075757575757576,12.66098484848485,15.5625,0.28867513459481314,0.20862926640069812,0.3358930493716008,23,-0.25881904510252157,0.9659258262890681,6,1.2246467991473532e-16,-1.0,4,-0.43388373,-0.90096885,0,176,100,100
2021-06-26 00:00:00+00:00,14.0,,,24.1,96,0.0,1.5,346,983.4,14.0,13.0,12.727272727272727,12.181818181818182,13.5,13.25,12.738636363636365,15.580357142857142,0.5000000000000002,0.4183300132670308,0.41535606551190135,0,0.0,1.0,6,1.2246467991473532e-16,-1.0,5,-0.9749279,-0.22252093,1,177,100,100
2021-06-26 01:00:00+00:00,14.0,1304191.0,1.0,25.8,91,0.0,2.9,173,984.2,14.0,13.0,12.772727272727273,12.227272727272727,13.833333333333334,13.416666666666666,12.81439393939394,15.598214285714286,0.28867513459481314,0.49159604012508024,0.4714098141111992,1,0.25881904510252074,0.9659258262890683,6,1.2246467991473532e-16,-1.0,5,-0.9749279,-0.22252093,1,177,100,100
2021-06-26 02:00:00+00:00,14.0,1304191.0,1.0,27.2,85,0.0,3.7,191,984.5,14.0,13.0,12.818181818181818,12.272727272727273,14.0,13.583333333333334,12.888257575757576,15.616071428571429,0.0,0.4915960401250791,0.5125060434810801,2,0.49999999999999994,0.8660254037844387,6,1.2246467991473532e-16,-1.0,5,-0.9749279,-0.22252093,1,177,100,100
2021-06-26 03:00:00+00:00,14.0,1304191.0,1.0,28.3,80,0.1,3.2,207,984.7,14.0,13.0,12.863636363636363,12.318181818181818,14.0,13.75,12.960227272727273,15.633928571428571,0.0,0.4183300132670268,0.5426993160222069,3,0.7071067811865476,0.7071067811865476,6,1.2246467991473532e-16,-1.0,5,-0.9749279,-0.22252093,1,177,100,100
2021-06-26 04:00:00+00:00,14.5,,,29.5,75,0.1,3.8,139,984.3,14.0,13.5,12.909090909090908,12.363636363636363,14.0,13.916666666666666,13.030303030303031,15.651785714285714,0.0,0.2041241452319073,0.5643414349847263,4,0.8660254037844386,0.5000000000000001,6,1.2246467991473532e-16,-1.0,5,-0.9749279,-0.22252093,1,177,100,100
2021-06-26 05:00:00+00:00,15.0,1304191.0,1.0,28.3,78,2.9,10.3,192,984.2,14.5,14.0,12.954545454545455,12.409090909090908,14.166666666666666,14.083333333333334,13.119318181818182,15.672619047619047,0.28867513459481314,0.20412414523193137,0.6203247703401435,5,0.9659258262890683,0.25881904510252074,6,1.2246467991473532e-16,-1.0,5,-0.9749279,-0.22252093,1,177,100,100
2021-06-26 06:00:00+00:00,14.666666666666666,,,27.5,85,1.9,5.9,191,983.8,15.0,14.0,13.0,12.454545454545455,14.5,14.25,13.227272727272728,15.69047619047619,0.5000000000000002,0.418330013267037,0.7102756900495795,6,1.0,6.123233995736766e-17,6,1.2246467991473532e-16,-1.0,5,-0.9749279,-0.22252093,1,177,100,100
2021-06-26 07:00:00+00:00,14.333333333333334,,,27.9,82,0.3,5.2,192,983.3,14.666666666666666,14.0,13.0,12.5,14.722222222222221,14.361111111111112,13.319444444444443,15.706349206349206,0.25458753860865824,0.4270918020840557,0.7481617544578238,7,0.9659258262890683,-0.25881904510252063,6,1.2246467991473532e-16,-1.0,5,-0.9749279,-0.22252093,1,177,100,100
2021-06-26 08:00:00+00:00,14.0,1304191.0,1.0,29.4,74,0.2,6.1,225,982.7,14.333333333333334,14.0,13.0,12.545454545454545,14.666666666666666,14.416666666666666,13.395833333333334,15.720238095238095,0.3333333333333332,0.390867979985284,0.7544244404022418,8,0.8660254037844387,-0.4999999999999998,6,1.2246467991473532e-16,-1.0,5,-0.9749279,-0.22252093,1,177,100,100
2021-06-26 09:00:00+00:00,14.0,1304191.0,1.0,29.0,79,0.3,4.4,171,982.2,14.0,14.0,13.0,12.590909090909092,14.333333333333334,14.416666666666666,13.456439393939396,15.728174603174605,0.3333333333333332,0.390867979985284,0.741453110382864,9,0.7071067811865476,-0.7071067811865475,6,1.2246467991473532e-16,-1.0,5,-0.9749279,-0.22252093,1,177,100,100
2021-06-26 10:00:00+00:00,14.0,,,27.9,87,0.0,3.4,122,981.6,14.0,14.5,13.5,12.636363636363637,14.111111111111112,14.416666666666666,13.515151515151516,15.732142857142858,0.192450089729877,0.390867979985284,0.7255551743428704,10,0.49999999999999994,-0.8660254037844387,6,1.2246467991473532e-16,-1.0,5,-0.9749279,-0.22252093,1,177,100,100
2021-06-26 11:00:00+00:00,14.0,1304191.0,1.0,27.4,92,0.0,2.3,18,981.7,14.0,15.0,14.0,12.681818181818182,14.0,14.333333333333334,13.571969696969697,15.732142857142858,0.0,0.4216370213557827,0.7068985454502822,11,0.258819045102521,-0.9659258262890682,6,1.2246467991473532e-16,-1.0,5,-0.9749279,-0.22252093,1,177,100,100
2021-06-26 12:00:00+00:00,14.0,,,27.5,81,0.0,5.1,176,982.4,14.0,14.666666666666666,14.0,12.727272727272727,14.0,14.166666666666666,13.62689393939394,15.732142857142858,0.0,0.2788866755113584,0.6856183440331093,12,1.2246467991473532e-16,-1.0,6,1.2246467991473532e-16,-1.0,5,-0.9749279,-0.22252093,1,177,100,100
2021-06-26 13:00:00+00:00,14.0,1304191.0,1.0,27.4,79,0.0,6.5,183,983.7,14.0,14.333333333333334,14.0,12.772727272727273,14.0,14.055555555555555,13.679924242424242,15.732142857142858,0.0,0.1360827634879574,0.6618178032718056,13,-0.2588190451025208,-0.9659258262890683,6,1.2246467991473532e-16,-1.0,5,-0.9749279,-0.22252093,1,177,100,100
2021-06-26 14:00:00+00:00,14.0,1304191.0,1.0,27.0,81,0.0,7.1,165,984.5,14.0,14.0,14.0,12.818181818181818,14.0,14.0,13.731060606060607,15.732142857142858,0.0,0.0,0.6355671343813071,14,-0.4999999999999997,-0.8660254037844388,6,1.2246467991473532e-16,-1.0,5,-0.9749279,-0.22252093,1,177,100,100
2021-06-26 15:00:00+00:00,14.0,1304191.0,1.0,26.5,85,0.0,4.9,144,984.9,14.0,14.0,14.0,12.863636363636363,14.0,14.0,13.780303030303031,15.732142857142858,0.0,0.0,0.6068999458043045,15,-0.7071067811865471,-0.7071067811865479,6,1.2246467991473532e-16,-1.0,5,-0.9749279,-0.22252093,1,177,100,100
2021-06-26 16:00:00+00:00,14.0,1304191.0,1.0,25.9,87,0.0,5.1,172,985.6,14.0,14.0,14.5,12.909090909090908,14.0,14.0,13.827651515151516,15.732142857142858,0.0,0.0,0.5758063307146494,16,-0.8660254037844385,-0.5000000000000004,6,1.2246467991473532e-16,-1.0,5,-0.9749279,-0.22252093,1,177,100,100
2021-06-26 17:00:00+00:00,14.0,1304191.0,1.0,25.7,87,0.0,5.5,169,985.7,14.0,14.0,15.0,12.954545454545455,14.0,14.0,13.873106060606062,15.726190476190476,0.0,0.0,0.5422209175017495,17,-0.9659258262890683,-0.25881904510252063,6,1.2246467991473532e-16,-1.0,5,-0.9749279,-0.22252093,1,177,100,100
2021-06-26 18:00:00+00:00,13.0,1304191.0,1.0,25.0,93,0.0,3.7,119,985.2,14.0,14.0,14.666666666666666,13.0,14.0,14.0,13.916666666666666,15.720238095238095,0.0,0.0,0.5060026159451915,18,-1.0,-1.8369701987210297e-16,6,1.2246467991473532e-16,-1.0,5,-0.9749279,-0.22252093,1,177,100,100
2021-06-26 19:00:00+00:00,13.0,1304191.0,1.0,25.0,93,0.0,3.8,197,984.9,13.0,14.0,14.333333333333334,13.0,13.666666666666666,13.833333333333334,13.916666666666666,15.702380952380953,0.5773502691896255,0.4082482904638632,0.5060026159451915,19,-0.9659258262890684,0.2588190451025203,6,1.2246467991473532e-16,-1.0,5,-0.9749279,-0.22252093,1,177,100,100
2021-06-26 20:00:00+00:00,13.0,,,25.0,92,0.0,3.1,216,984.7,13.0,14.0,14.0,13.0,13.333333333333334,13.666666666666666,13.916666666666666,15.68452380952381,0.5773502691896255,0.5163977794943228,0.5060026159451915,20,-0.8660254037844386,0.5000000000000001,6,1.2246467991473532e-16,-1.0,5,-0.9749279,-0.22252093,1,177,100,100
2021-06-26 21:00:00+00:00,13.0,,,24.7,94,0.0,4.4,145,984.9,13.0,14.0,14.0,13.0,13.0,13.5,13.916666666666666,15.660714285714286,0.0,0.5477225575051671,0.5060026159451915,21,-0.7071067811865477,0.7071067811865474,6,1.2246467991473532e-16,-1.0,5,-0.9749279,-0.22252093,1,177,100,100
2021-06-26 22:00:00+00:00,13.0,1304191.0,1.0,24.9,93,0.0,2.2,261,985.2,13.0,14.0,14.0,13.5,13.0,13.333333333333334,13.916666666666666,15.636904761904763,0.0,0.516397779494324,0.5060026159451915,22,-0.5000000000000004,0.8660254037844384,6,1.2246467991473532e-16,-1.0,5,-0.9749279,-0.22252093,1,177,100,100
2021-06-26 23:00:00+00:00,12.833333333333334,,,24.2,97,0.0,1.8,53,985.5,13.0,14.0,14.0,14.0,13.0,13.166666666666666,13.895833333333334,15.613095238095237,0.0,0.40824829046386646,0.5334522059557268,23,-0.25881904510252157,0.9659258262890681,6,1.2246467991473532e-16,-1.0,5,-0.9749279,-0.22252093,1,177,100,100
2021-06-27 00:00:00+00:00,12.666666666666666,,,25.1,99,0.0,1.8,101,985.5,12.833333333333334,13.0,14.0,14.0,12.944444444444445,12.972222222222223,13.847222222222221,15.588293650793652,0.09622504486493728,0.06804138174397671,0.5750796346174654,0,0.0,1.0,6,1.2246467991473532e-16,-1.0,6,-0.7818315,0.6234898,1,178,100,100
2021-06-27 01:00:00+00:00,12.5,,,26.2,96,0.2,4.3,185,986.3,12.666666666666666,13.0,14.0,14.0,12.833333333333334,12.916666666666666,13.791666666666666,15.5625,0.1666666666666675,0.1394433377556784,0.6221553621776355,1,0.25881904510252074,0.9659258262890683,6,1.2246467991473532e-16,-1.0,6,-0.7818315,0.6234898,1,178,100,100
2021-06-27 02:00:00+00:00,12.333333333333334,,,27.2,93,0.3,4.7,189,986.6,12.5,13.0,14.0,14.0,12.666666666666666,12.833333333333334,13.729166666666666,15.535714285714286,0.1666666666666675,0.2108185106778901,0.6735379585761392,2,0.49999999999999994,0.8660254037844387,6,1.2246467991473532e-16,-1.0,6,-0.7818315,0.6234898,1,178,100,100
2021-06-27 03:00:00+00:00,12.166666666666666,,,28.2,87,0.4,7.6,188,986.9,12.333333333333334,13.0,14.0,14.0,12.5,12.722222222222223,13.659722222222221,15.50793650793651,0.16666666666666594,0.2721655269759058,0.7281091364995993,3,0.7071067811865476,0.7071067811865476,6,1.2246467991473532e-16,-1.0,6,-0.7818315,0.6234898,1,178,100,100
2021-06-27 04:00:00+00:00,12.0,1304191.0,1.0,29.1,78,0.2,8.8,192,986.5,12.166666666666666,13.0,14.0,14.5,12.333333333333334,12.583333333333334,13.583333333333334,15.479166666666666,0.1666666666666675,0.31180478223115843,0.7848197429893842,4,0.8660254037844386,0.5000000000000001,6,1.2246467991473532e-16,-1.0,6,-0.7818315,0.6234898,1,178,100,100
2021-06-27 05:00:00+00:00,12.0,,,30.0,72,0.2,11.0,199,986.0,12.0,12.833333333333334,14.0,15.0,12.166666666666666,12.416666666666666,13.479166666666666,15.449404761904763,0.1666666666666675,0.3118047822311574,0.8228507357557381,5,0.9659258262890683,0.25881904510252074,6,1.2246467991473532e-16,-1.0,6,-0.7818315,0.6234898,1,178,100,100
2021-06-27 06:00:00+00:00,12.0,1304191.0,1.0,30.2,69,0.2,11.3,197,985.2,12.0,12.666666666666666,13.0,14.666666666666666,12.055555555555555,12.277777777777779,13.354166666666666,15.419642857142858,0.09622504486493728,0.2721655269759019,0.8095333241436017,6,1.0,6.123233995736766e-17,6,1.2246467991473532e-16,-1.0,6,-0.7818315,0.6234898,1,178,100,100
2021-06-27 07:00:00+00:00,12.0,1304191.0,1.0,31.1,63,0.0,10.8,206,984.1,12.0,12.5,13.0,14.333333333333334,12.0,12.166666666666666,13.243055555555557,15.395833333333334,0.0,0.21081851067788196,0.8045450099953022,7,0.9659258262890683,-0.25881904510252063,6,1.2246467991473532e-16,-1.0,6,-0.7818315,0.6234898,1,178,100,100
2021-06-27 08:00:00+00:00,12.0,1304191.0,1.0,31.6,63,0.0,9.5,209,983.0,12.0,12.333333333333334,13.0,14.0,12.0,12.083333333333334,13.145833333333334,15.37202380952381,0.0,0.13944333775566276,0.8080400633395677,8,0.8660254037844387,-0.4999999999999998,6,1.2246467991473532e-16,-1.0,6,-0.7818315,0.6234898,1,178,100,100
2021-06-27 09:00:00+00:00,12.0,,,30.3,67,0.2,9.0,209,982.3,12.0,12.166666666666666,13.0,14.0,12.0,12.027777777777779,13.0625,15.348214285714286,0.0,0.06804138174394153,0.8191731721625204,9,0.7071067811865476,-0.7071067811865475,6,1.2246467991473532e-16,-1.0,6,-0.7818315,0.6234898,1,178,100,100
2021-06-27 10:00:00+00:00,12.0,1304191.0,1.0,29.8,71,0.0,8.3,198,982.1,12.0,12.0,13.0,14.0,12.0,12.0,12.979166666666666,15.32638888888889,0.0,0.0,0.821381686182868,10,0.49999999999999994,-0.8660254037844387,6,1.2246467991473532e-16,-1.0,6,-0.7818315,0.6234898,1,178,100,100
2021-06-27 11:00:00+00:00,12.0,1304191.0,1.0,27.7,85,1.1,5.7,215,982.5,12.0,12.0,12.833333333333334,14.0,12.0,12.0,12.895833333333334,15.306547619047619,0.0,0.0,0.8147381844367113,11,0.258819045102521,-0.9659258262890682,6,1.2246467991473532e-16,-1.0,6,-0.7818315,0.6234898,1,178,100,100
2021-06-27 12:00:00+00:00,11.0,1304191.0,1.0,28.1,71,0.0,8.0,172,982.8,12.0,12.0,12.666666666666666,14.0,12.0,12.0,12.8125,15.288690476190476,0.0,0.0,0.7990218960320533,12,1.2246467991473532e-16,-1.0,6,1.2246467991473532e-16,-1.0,6,-0.7818315,0.6234898,1,178,100,100
2021-06-27 13:00:00+00:00,12.0,1304191.0,1.0,27.0,80,1.3,8.4,149,983.7,11.0,12.0,12.5,14.0,11.666666666666666,11.833333333333334,12.6875,15.264880952380953,0.5773502691896255,0.4082482904638632,0.8388404983326796,13,-0.2588190451025208,-0.9659258262890683,6,1.2246467991473532e-16,-1.0,6,-0.7818315,0.6234898,1,178,100,100
2021-06-27 14:00:00+00:00,12.0,1304191.0,1.0,26.4,88,0.1,8.6,158,984.2,12.0,12.0,12.333333333333334,14.0,11.666666666666666,11.833333333333334,12.604166666666666,15.25297619047619,0.5773502691896255,0.4082482904638632,0.8012859531680785,14,-0.4999999999999997,-0.8660254037844388,6,1.2246467991473532e-16,-1.0,6,-0.7818315,0.6234898,1,178,100,100
2021-06-27 15:00:00+00:00,11.5,,,26.0,89,0.0,9.0,175,984.4,12.0,12.0,12.166666666666666,14.0,11.666666666666666,11.833333333333334,12.520833333333334,15.235119047619047,0.5773502691896255,0.4082482904638632,0.7523112535531723,15,-0.7071067811865471,-0.7071067811865479,6,1.2246467991473532e-16,-1.0,6,-0.7818315,0.6234898,1,178,100,100
2021-06-27 16:00:00+00:00,11.0,1304191.0,1.0,25.5,91,0.0,8.0,170,985.2,11.5,12.0,12.0,14.0,11.833333333333334,11.75,12.416666666666666,15.214285714285714,0.28867513459481314,0.418330013267038,0.7105145444499571,16,-0.8660254037844385,-0.5000000000000004,6,1.2246467991473532e-16,-1.0,6,-0.7818315,0.6234898,1,178,100,100
2021-06-27 17:00:00+00:00,11.0,1304191.0,1.0,25.5,93,0.0,7.0,168,985.1,11.0,12.0,12.0,14.0,11.5,11.583333333333334,12.291666666666666,15.19047619047619,0.5000000000000002,0.49159604012508745,0.6832184420916002,17,-0.9659258262890683,-0.25881904510252063,6,1.2246467991473532e-16,-1.0,6,-0.7818315,0.6234898,1,178,100,100
2021-06-27 18:00:00+00:00,11.0,1304191.0,1.0,25.0,96,0.0,5.7,162,984.5,11.0,11.0,12.0,13.0,11.166666666666666,11.416666666666666,12.166666666666666,15.166666666666666,0.28867513459481314,0.4915960401250868,0.6293927753804001,18,-1.0,-1.8369701987210297e-16,6,1.2246467991473532e-16,-1.0,6,-0.7818315,0.6234898,1,178,100,100
2021-06-27 19:00:00+00:00,11.0,1304191.0,1.0,24.9,96,0.0,6.3,167,984.1,11.0,12.0,12.0,13.0,11.0,11.416666666666666,12.083333333333334,15.142857142857142,0.0,0.4915960401250868,0.6464320506718659,19,-0.9659258262890684,0.2588190451025203,6,1.2246467991473532e-16,-1.0,6,-0.7818315,0.6234898,1,178,100,100
2021-06-27 20:00:00+00:00,11.0,1304191.0,1.0,24.8,97,0.0,7.3,171,983.9,11.0,12.0,12.0,13.0,11.0,11.25,12.0,15.125,0.0,0.4183300132670358,0.6520128625628764,20,-0.8660254037844386,0.5000000000000001,6,1.2246467991473532e-16,-1.0,6,-0.7818315,0.6234898,1,178,100,100
2021-06-27 21:00:00+00:00,11.5,,,24.6,96,0.0,6.9,171,983.9,11.0,11.5,12.0,13.0,11.0,11.083333333333334,11.916666666666666,15.107142857142858,0.0,0.2041241452319258,0.6464320506718789,21,-0.7071067811865477,0.7071067811865474,6,1.2246467991473532e-16,-1.0,6,-0.7818315,0.6234898,1,178,100,100
2021-06-27 22:00:00+00:00,12.0,1304191.0,1.0,24.5,97,0.0,7.3,171,984.1,11.5,11.0,12.0,13.0,11.166666666666666,11.083333333333334,11.854166666666666,15.092261904761905,0.28867513459481314,0.20412414523193137,0.6085392742541521,22,-0.5000000000000004,0.8660254037844384,6,1.2246467991473532e-16,-1.0,6,-0.7818315,0.6234898,1,178,100,100
2021-06-27 23:00:00+00:00,11.0,,,24.3,97,0.0,7.7,169,984.3,12.0,11.0,12.0,12.833333333333334,11.5,11.25,11.8125,15.080357142857142,0.5000000000000002,0.418330013267037,0.5588819498042684,23,-0.25881904510252157,0.9659258262890681,6,1.2246467991473532e-16,-1.0,6,-0.7818315,0.6234898,1,178,100,100
2021-06-28 00:00:00+00:00,10.0,1304191.0,1.0,25.3,91,0.0,7.6,175,984.6,11.0,11.0,11.0,12.666666666666666,11.5,11.25,11.736111111111112,15.0625,0.5000000000000002,0.418330013267037,0.5381949314324739,0,0.0,1.0,6,1.2246467991473532e-16,-1.0,0,0.0,1.0,0,179,100,100
2021-06-28 01:00:00+00:00,9.0,1304191.0,1.0,26.3,85,0.0,9.7,184,985.1,10.0,11.0,12.0,12.5,11.0,11.083333333333334,11.625,15.038690476190476,1.0,0.6645800679125631,0.6084152218068011,1,0.25881904510252074,0.9659258262890683,6,1.2246467991473532e-16,-1.0,0,0.0,1.0,0,179,100,100
2021-06-28 02:00:00+00:00,9.0,1304191.0,1.0,27.7,77,0.2,11.1,209,985.2,9.0,11.0,12.0,12.333333333333334,10.0,10.75,11.479166666666666,15.005952380952381,1.0,1.0839741694339413,0.7837610611447942,2,0.49999999999999994,0.8660254037844387,6,1.2246467991473532e-16,-1.0,0,0.0,1.0,0,179,100,100
2021-06-28 03:00:00+00:00,9.0,1304191.0,1.0,28.4,72,0.2,10.2,219,985.0,9.0,11.5,11.5,12.166666666666666,9.333333333333334,10.416666666666666,11.340277777777779,14.970238095238095,0.5773502691896261,1.2812754062521736,0.9108566423246793,3,0.7071067811865476,0.7071067811865476,6,1.2246467991473532e-16,-1.0,0,0.0,1.0,0,179,100,100
2021-06-28 04:00:00+00:00,9.0,1304191.0,1.0,29.1,69,0.1,8.4,230,984.6,9.0,12.0,11.0,12.0,9.0,10.0,11.208333333333334,14.93452380952381,0.0,1.2649110640673562,1.009914618288369,4,0.8660254037844386,0.5000000000000001,6,1.2246467991473532e-16,-1.0,0,0.0,1.0,0,179,100,100
2021-06-28 05:00:00+00:00,8.0,1304191.0,1.0,29.5,68,0.0,7.9,223,984.0,9.0,11.0,11.0,12.0,9.0,9.5,11.083333333333334,14.892857142857142,0.0,0.8366600265340862,1.0901402648751763,5,0.9659258262890683,0.25881904510252074,6,1.2246467991473532e-16,-1.0,0,0.0,1.0,0,179,100,100
2021-06-28 06:00:00+00:00,8.0,,,29.5,69,0.1,9.7,207,983.2,8.0,10.0,11.0,12.0,8.666666666666666,9.0,10.916666666666666,14.845238095238095,0.5773502691896255,0.6324555320336951,1.2394482175785555,6,1.0,6.123233995736766e-17,6,1.2246467991473532e-16,-1.0,0,0.0,1.0,0,179,100,100
2021-06-28 07:00:00+00:00,8.0,1304191.0,1.0,30.3,68,0.1,9.7,195,982.0,8.0,9.0,11.0,12.0,8.333333333333334,8.666666666666666,10.75,14.791666666666666,0.5773502691896255,0.5163977794943497,1.3513278493846133,7,0.9659258262890683,-0.25881904510252063,6,1.2246467991473532e-16,-1.0,0,0.0,1.0,0,179,100,100
2021-06-28 08:00:00+00:00,8.0,1304191.0,1.0,29.1,78,0.9,8.8,145,980.9,8.0,9.0,11.0,12.0,8.0,8.5,10.583333333333334,14.732142857142858,0.0,0.5477225575051935,1.4345630047137963,8,0.8660254037844387,-0.4999999999999998,6,1.2246467991473532e-16,-1.0,0,0.0,1.0,0,179,100,100
2021-06-28 09:00:00+00:00,7.6,,,28.2,83,1.1,4.4,171,980.6,8.0,9.0,11.5,12.0,8.0,8.333333333333334,10.416666666666666,14.666666666666666,0.0,0.5163977794943526,1.4939491483888443,9,0.7071067811865476,-0.7071067811865475,6,1.2246467991473532e-16,-1.0,0,0.0,1.0,0,179,100,100
2021-06-28 10:00:00+00:00,7.2,,,27.0,95,2.4,1.0,315,981.1,7.6,9.0,12.0,12.0,7.866666666666667,8.1,10.233333333333333,14.598809523809523,0.23094010767585038,0.46904157598237767,1.5597287017905268,10,0.49999999999999994,-0.8660254037844387,6,1.2246467991473532e-16,-1.0,0,0.0,1.0,0,179,100,100
2021-06-28 11:00:00+00:00,6.8,,,26.2,99,4.4,1.9,112,981.7,7.2,8.0,11.0,12.0,7.6000000000000005,7.8,10.033333333333333,14.522619047619049,0.3999999999999994,0.33466401061368034,1.6295282503968305,11,0.258819045102521,-0.9659258262890682,6,1.2246467991473532e-16,-1.0,0,0.0,1.0,0,179,100,100
2021-06-28 12:00:00+00:00,6.4,,,25.6,99,0.2,6.0,147,982.1,6.8,8.0,10.0,11.0,7.2,7.599999999999999,9.816666666666666,14.438095238095238,0.39999999999999886,0.5059644256269746,1.7008096963473613,12,1.2246467991473532e-16,-1.0,6,1.2246467991473532e-16,-1.0,0,0.0,1.0,0,179,100,100
2021-06-28 13:00:00+00:00,6.0,1304191.0,1.0,25.5,99,0.2,7.0,159,982.6,6.4,8.0,9.0,12.0,6.8,7.333333333333333,9.625,14.351190476190476,0.3999999999999981,0.6531972647422075,1.8168893627633347,13,-0.2588190451025208,-0.9659258262890683,6,1.2246467991473532e-16,-1.0,0,0.0,1.0,0,179,100,100
2021-06-28 14:00:00+00:00,6.0,,,25.5,97,0.1,8.2,165,983.2,6.0,8.0,9.0,12.0,6.400000000000001,7.0,9.375,14.261904761904763,0.3999999999999975,0.7483314773548125,1.8873146324182337,14,-0.4999999999999997,-0.8660254037844388,6,1.2246467991473532e-16,-1.0,0,0.0,1.0,0,179,100,100
2021-06-28 15:00:00+00:00,6.0,1304191.0,1.0,25.2,96,0.0,7.4,151,983.8,6.0,7.6,9.0,11.5,6.133333333333333,6.666666666666667,9.125,14.172619047619047,0.23094010767584536,0.6531972647422097,1.9215596020807402,15,-0.7071067811865471,-0.7071067811865479,6,1.2246467991473532e-16,-1.0,0,0.0,1.0,0,179,100,100
2021-06-28 16:00:00+00:00,6.0,1304191.0,1.0,24.9,96,0.0,7.3,147,983.9,6.0,7.2,9.0,11.0,6.0,6.400000000000001,8.895833333333334,14.083333333333334,0.0,0.5059644256269795,1.9536986476419518,16,-0.8660254037844385,-0.5000000000000004,6,1.2246467991473532e-16,-1.0,0,0.0,1.0,0,179,100,100
2021-06-28 17:00:00+00:00,6.0,1304191.0,1.0,24.8,96,0.0,6.3,156,983.7,6.0,6.8,8.0,11.0,6.0,6.2,8.6875,13.994047619047619,0.0,0.33466401061369044,1.9858877108237796,17,-0.9659258262890683,-0.25881904510252063,6,1.2246467991473532e-16,-1.0,0,0.0,1.0,0,179,100,100
2021-06-28 18:00:00+00:00,6.0,,,24.5,97,0.0,5.2,146,983.3,6.0,6.4,8.0,11.0,6.0,6.066666666666667,8.479166666666666,13.904761904761905,0.0,0.16329931618567164,1.9949891939704594,18,-1.0,-1.8369701987210297e-16,6,1.2246467991473532e-16,-1.0,0,0.0,1.0,0,179,100,100
2021-06-28 19:00:00+00:00,6.0,,,24.5,97,0.0,5.4,143,982.7,6.0,6.0,8.0,11.0,6.0,6.0,8.270833333333334,13.81547619047619,0.0,2.0432801286419102e-07,1.9813212909500488,19,-0.9659258262890684,0.2588190451025203,6,1.2246467991473532e-16,-1.0,0,0.0,1.0,0,179,100,100
2021-06-28 20:00:00+00:00,6.0,1304191.0,1.0,24.4,97,0.0,5.8,150,982.3,6.0,6.0,8.0,11.0,6.0,6.0,8.0625,13.723214285714286,0.0,2.0432801286419102e-07,1.944403898818377,20,-0.8660254037844386,0.5000000000000001,6,1.2246467991473532e-16,-1.0,0,0.0,1.0,0,179,100,100
2021-06-28 21:00:00+00:00,6.0,1304191.0,1.0,24.2,97,0.0,6.8,155,982.2,6.0,6.0,7.6,11.5,6.0,6.0,7.854166666666667,13.62797619047619,0.0,2.0432801286419102e-07,1.8828699571036003,21,-0.7071067811865477,0.7071067811865474,6,1.2246467991473532e-16,-1.0,0,0.0,1.0,0,179,100,100
2021-06-28 22:00:00+00:00,6.0,1304191.0,1.0,24.0,97,0.0,7.6,161,982.5,6.0,6.0,7.2,12.0,6.0,6.0,7.625,13.532738095238095,0.0,2.0432801286419102e-07,1.7498447136075097,22,-0.5000000000000004,0.8660254037844384,6,1.2246467991473532e-16,-1.0,0,0.0,1.0,0,179,100,100
2021-06-28 23:00:00+00:00,6.0,,,23.8,96,0.0,8.0,162,982.8,6.0,6.0,6.8,11.0,6.0,6.0,7.375,13.4375,0.0,2.0432801286419102e-07,1.5097509152466173,23,-0.25881904510252157,0.9659258262890681,6,1.2246467991473532e-16,-1.0,0,0.0,1.0,0,179,100,100
2021-06-29 00:00:00+00:00,6.0,1304191.0,1.0,24.4,98,0.0,9.0,164,983.1,6.0,6.0,6.4,10.0,6.0,6.0,7.166666666666667,13.342261904761905,0.0,2.0432801286419102e-07,1.3209570531372117,0,0.0,1.0,6,1.2246467991473532e-16,-1.0,1,0.7818315,0.6234898,0,180,100,100
2021-06-29 01:00:00+00:00,6.0,1304191.0,1.0,24.5,97,0.1,9.0,164,983.4,6.0,6.0,6.0,9.0,6.0,6.0,7.0,13.24702380952381,0.0,2.0432801286419102e-07,1.1941888278336963,1,0.25881904510252074,0.9659258262890683,6,1.2246467991473532e-16,-1.0,1,0.7818315,0.6234898,0,180,100,100
2021-06-29 02:00:00+00:00,6.0,1304191.0,1.0,25.0,94,0.0,10.9,172,983.9,6.0,6.0,6.0,9.0,6.0,6.0,6.875,13.151785714285714,0.0,2.0432801286419102e-07,1.1310825903036643,2,0.49999999999999994,0.8660254037844387,6,1.2246467991473532e-16,-1.0,1,0.7818315,0.6234898,0,180,100,100
2021-06-29 03:00:00+00:00,6.0,1304191.0,1.0,25.4,92,0.1,9.4,173,984.1,6.0,6.0,6.0,9.0,6.0,6.0,6.75,13.056547619047619,0.0,2.0432801286419102e-07,1.0488088481706772,3,0.7071067811865476,0.7071067811865476,6,1.2246467991473532e-16,-1.0,1,0.7818315,0.6234898,0,180,100,100
2021-06-29 04:00:00+00:00,6.0,1304191.0,1.0,26.0,89,0.1,10.0,150,983.6,6.0,6.0,6.0,9.0,6.0,6.0,6.625,12.962797619047619,0.0,2.0432801286419102e-07,0.9423605882367876,4,0.8660254037844386,0.5000000000000001,6,1.2246467991473532e-16,-1.0,1,0.7818315,0.6234898,0,180,100,100
2021-06-29 05:00:00+00:00,5.0,1304191.0,1.0,26.9,85,0.2,10.1,153,983.3,6.0,6.0,6.0,8.0,6.0,6.0,6.5,12.870535714285714,0.0,2.0432801286419102e-07,0.8021709673571414,5,0.9659258262890683,0.25881904510252074,6,1.2246467991473532e-16,-1.0,1,0.7818315,0.6234898,0,180,100,100
2021-06-29 06:00:00+00:00,5.0,1304191.0,1.0,27.2,87,0.2,9.7,149,982.5,5.0,6.0,6.0,8.0,5.666666666666667,5.833333333333333,6.375,12.773809523809524,0.5773502691896258,0.40824829046391564,0.7919431248799481,6,1.0,6.123233995736766e-17,6,1.2246467991473532e-16,-1.0,1,0.7818315,0.6234898,0,180,100,100
2021-06-29 07:00:00+00:00,5.0,1304191.0,1.0,27.7,82,0.2,8.2,128,981.5,5.0,6.0,6.0,8.0,5.333333333333333,5.666666666666667,6.25,12.678571428571429,0.5773502691896258,0.5163977794943653,0.7604346583148142,7,0.9659258262890683,-0.25881904510252063,6,1.2246467991473532e-16,-1.0,1,0.7818315,0.6234898,0,180,100,100
2021-06-29 08:00:00+00:00,5.0,,,28.8,76,0.0,7.6,135,980.4,5.0,6.0,6.0,8.0,5.0,5.5,6.125,12.589285714285714,0.0,0.5477225575052083,0.7047972264672623,8,0.8660254037844387,-0.4999999999999998,6,1.2246467991473532e-16,-1.0,1,0.7818315,0.6234898,0,180,100,100
2021-06-29 09:00:00+00:00,5.0,1304191.0,1.0,29.0,73,0.0,4.0,190,979.9,5.0,6.0,6.0,7.6,5.0,5.333333333333333,6.0,12.50297619047619,0.0,0.5163977794943687,0.6185537128280363,9,0.7071067811865476,-0.7071067811865475,6,1.2246467991473532e-16,-1.0,1,0.7818315,0.6234898,0,180,100,100
2021-06-29 10:00:00+00:00,6.0,1304191.0,1.0,27.2,88,0.7,4.0,180,980.1,5.0,6.0,6.0,7.2,5.0,5.166666666666667,5.891666666666667,12.419642857142858,0.0,0.40824829046392436,0.550032937091265,10,0.49999999999999994,-0.8660254037844387,6,1.2246467991473532e-16,-1.0,1,0.7818315,0.6234898,0,180,100,100
2021-06-29 11:00:00+00:00,6.0,1304191.0,1.0,26.9,90,0.3,4.0,170,980.6,6.0,5.0,6.0,6.8,5.333333333333333,5.166666666666667,5.841666666666666,12.345238095238095,0.5773502691896258,0.40824829046392436,0.4754098155852627,11,0.258819045102521,-0.9659258262890682,6,1.2246467991473532e-16,-1.0,1,0.7818315,0.6234898,0,180,100,100
2021-06-29 12:00:00+00:00,6.0,1304191.0,1.0,26.5,96,1.0,3.1,216,980.6,6.0,5.0,6.0,6.4,5.666666666666667,5.333333333333333,5.808333333333334,12.273809523809524,0.5773502691896258,0.5163977794943687,0.43129397486495996,12,1.2246467991473532e-16,-1.0,6,1.2246467991473532e-16,-1.0,1,0.7818315,0.6234898,0,180,100,100
2021-06-29 13:00:00+00:00,7.0,1304191.0,1.0,26.1,95,0.0,4.0,180,981.2,6.0,5.0,6.0,6.0,6.0,5.5,5.791666666666667,12.202380952380953,0.0,0.5477225575052083,0.4148511170004938,13,-0.2588190451025208,-0.9659258262890683,6,1.2246467991473532e-16,-1.0,1,0.7818315,0.6234898,0,180,100,100
2021-06-29 14:00:00+00:00,7.0,1304191.0,1.0,26.0,89,0.0,7.6,161,982.0,7.0,5.0,6.0,6.0,6.333333333333333,5.833333333333333,5.833333333333333,12.136904761904763,0.5773502691896258,0.7527726527091094,0.48154341234431347,14,-0.4999999999999997,-0.8660254037844388,6,1.2246467991473532e-16,-1.0,1,0.7818315,0.6234898,0,180,100,100
2021-06-29 15:00:00+00:00,7.0,1304191.0,1.0,25.5,89,0.0,8.1,167,982.7,7.0,5.0,6.0,6.0,6.666666666666667,6.166666666666667,5.875,12.074404761904763,0.5773502691896258,0.752772652709107,0.5366968215501714,15,-0.7071067811865471,-0.7071067811865479,6,1.2246467991473532e-16,-1.0,1,0.7818315,0.6234898,0,180,100,100
2021-06-29 16:00:00+00:00,7.5,,,25.2,91,0.0,7.4,157,982.9,7.0,6.0,6.0,6.0,7.0,6.5,5.916666666666667,12.014880952380953,0.0,0.5477225575051985,0.5835920751227781,16,-0.8660254037844385,-0.5000000000000004,6,1.2246467991473532e-16,-1.0,1,0.7818315,0.6234898,0,180,100,100
2021-06-29 17:00:00+00:00,8.0,1304191.0,1.0,24.7,94,0.1,6.8,162,982.6,7.5,6.0,5.0,6.0,7.166666666666667,6.75,5.979166666666667,11.958333333333334,0.28867513459481275,0.6123724356958213,0.6672325496882594,17,-0.9659258262890683,-0.25881904510252063,6,1.2246467991473532e-16,-1.0,1,0.7818315,0.6234898,0,180,100,100
2021-06-29 18:00:00+00:00,8.0,,,24.5,95,0.1,5.1,135,982.3,8.0,6.0,5.0,6.0,7.5,7.083333333333333,6.0625,11.904761904761905,0.4999999999999999,0.6645800679125847,0.7845311532603094,18,-1.0,-1.8369701987210297e-16,6,1.2246467991473532e-16,-1.0,1,0.7818315,0.6234898,0,180,100,100
2021-06-29 19:00:00+00:00,8.0,,,24.2,97,0.0,5.2,115,981.9,8.0,7.0,5.0,6.0,7.833333333333333,7.416666666666667,6.145833333333333,11.851190476190476,0.28867513459481275,0.4915960401251131,0.8782290315659226,19,-0.9659258262890684,0.2588190451025203,6,1.2246467991473532e-16,-1.0,1,0.7818315,0.6234898,0,180,100,100
2021-06-29 20:00:00+00:00,8.0,1304191.0,1.0,24.1,97,0.0,3.6,90,981.8,8.0,7.0,5.0,6.0,8.0,7.583333333333333,6.229166666666667,11.797619047619047,0.0,0.49159604012511127,0.9552960691384096,20,-0.8660254037844386,0.5000000000000001,6,1.2246467991473532e-16,-1.0,1,0.7818315,0.6234898,0,180,100,100
2021-06-29 21:00:00+00:00,8.0,1304191.0,1.0,23.9,98,0.0,2.6,124,981.8,8.0,7.0,5.0,6.0,8.0,7.75,6.3125,11.74702380952381,0.0,0.41833001326706376,1.019510752230788,21,-0.7071067811865477,0.7071067811865474,6,1.2246467991473532e-16,-1.0,1,0.7818315,0.6234898,0,180,100,100
2021-06-29 22:00:00+00:00,8.041666666666666,,,24.0,97,0.1,3.2,153,982.0,8.0,7.5,6.0,6.0,8.0,7.916666666666667,6.395833333333333,11.699404761904763,0.0,0.2041241452319815,1.0731826566311484,22,-0.5000000000000004,0.8660254037844384,6,1.2246467991473532e-16,-1.0,1,0.7818315,0.6234898,0,180,100,100
2021-06-29 23:00:00+00:00,8.083333333333334,,,24.0,97,0.0,6.7,164,982.3,8.041666666666666,8.0,6.0,6.0,8.013888888888888,8.006944444444445,6.480902777777779,11.652033730158731,0.024056261216233808,0.01701034543657533,1.1203257138501501,23,-0.25881904510252157,0.9659258262890681,6,1.2246467991473532e-16,-1.0,1,0.7818315,0.6234898,0,180,100,100
2021-06-30 00:00:00+00:00,8.125,,,24.6,94,0.0,8.8,171,982.6,8.083333333333334,8.0,6.0,6.0,8.041666666666666,8.020833333333334,6.567708333333333,11.604910714285714,0.041666666666666,0.0348608344392024,1.1614019735144436,0,0.0,1.0,6,1.2246467991473532e-16,-1.0,2,0.9749279,-0.22252093,0,181,100,100
2021-06-30 01:00:00+00:00,8.166666666666666,,,25.5,89,0.0,9.2,169,983.3,8.125,8.0,7.0,6.0,8.083333333333334,8.041666666666666,6.65625,11.558035714285714,0.041666666666664444,0.05270462766965914,1.1967050425807975,1,0.25881904510252074,0.9659258262890683,6,1.2246467991473532e-16,-1.0,2,0.9749279,-0.22252093,0,181,100,100
2021-06-30 02:00:00+00:00,8.208333333333334,,,26.9,81,0.1,8.3,182,983.6,8.166666666666666,8.0,7.0,6.0,8.125,8.069444444444445,6.746527777777779,11.511408730158731,0.04166666666666289,0.0680413817441209,1.2264026689641234,2,0.49999999999999994,0.8660254037844387,6,1.2246467991473532e-16,-1.0,2,0.9749279,-0.22252093,0,181,100,100
2021-06-30 03:00:00+00:00,8.25,,,28.0,77,0.1,7.2,180,983.5,8.208333333333334,8.0,7.0,6.0,8.166666666666666,8.104166666666666,6.838541666666667,11.465029761904763,0.041666666666664444,0.07795119555791574,1.2505622225965543,3,0.7071067811865476,0.7071067811865476,6,1.2246467991473532e-16,-1.0,2,0.9749279,-0.22252093,0,181,100,100
2021-06-30 04:00:00+00:00,8.291666666666666,,,29.0,73,0.1,6.5,174,983.4,8.25,8.041666666666666,7.5,6.0,8.208333333333334,8.145833333333334,6.932291666666667,11.412946428571429,0.041666666666664444,0.07795119555791469,1.2691654236487948,4,0.8660254037844386,0.5000000000000001,6,1.2246467991473532e-16,-1.0,2,0.9749279,-0.22252093,0,181,100,100
2021-06-30 05:00:00+00:00,8.333333333333334,,,29.8,69,0.1,7.6,205,982.8,8.291666666666666,8.083333333333334,8.0,5.0,8.25,8.1875,7.027777777777779,11.36111111111111,0.04166666666666289,0.0779511955579129,1.2821156152573536,5,0.9659258262890683,0.25881904510252074,6,1.2246467991473532e-16,-1.0,2,0.9749279,-0.22252093,0,181,100,100
2021-06-30 06:00:00+00:00,8.375,,,30.1,66,0.1,8.2,218,982.3,8.333333333333334,8.125,8.0,5.0,8.291666666666666,8.229166666666666,7.166666666666667,11.30952380952381,0.041666666666664444,0.07795119555791212,1.2324859995681474,6,1.0,6.123233995736766e-17,6,1.2246467991473532e-16,-1.0,2,0.9749279,-0.22252093,0,181,100,100
2021-06-30 07:00:00+00:00,8.416666666666666,,,29.8,67,0.1,5.0,180,981.5,8.375,8.166666666666666,8.0,5.0,8.333333333333334,8.270833333333334,7.307291666666667,11.264136904761905,0.041666666666664444,0.07795119555791108,1.1652302557495193,7,0.9659258262890683,-0.25881904510252063,6,1.2246467991473532e-16,-1.0,2,0.9749279,-0.22252093,0,181,100,100
2021-06-30 08:00:00+00:00,8.458333333333334,,,29.0,73,0.2,7.1,131,980.7,8.416666666666666,8.208333333333334,8.0,5.0,8.375,8.3125,7.449652777777779,11.218998015873016,0.04166666666666289,0.07795119555790928,1.0764117770674038,8,0.8660254037844387,-0.4999999999999998,6,1.2246467991473532e-16,-1.0,2,0.9749279,-0.22252093,0,181,100,100
2021-06-30 09:00:00+00:00,8.5,,,27.9,80,0.2,4.3,132,980.4,8.458333333333334,8.25,8.0,5.0,8.416666666666666,8.354166666666666,7.59375,11.174107142857142,0.041666666666664444,0.07795119555790851,0.9593370610058677,9,0.7071067811865476,-0.7071067811865475,6,1.2246467991473532e-16,-1.0,2,0.9749279,-0.22252093,0,181,100,100
2021-06-30 10:00:00+00:00,8.541666666666666,,,27.1,91,0.5,2.3,252,980.3,8.5,8.291666666666666,8.041666666666666,6.0,8.458333333333334,8.395833333333334,7.739583333333333,11.123511904761905,0.041666666666664444,0.07795119555790746,0.8008383665715476,10,0.49999999999999994,-0.8660254037844387,6,1.2246467991473532e-16,-1.0,2,0.9749279,-0.22252093,0,181,100,100
2021-06-30 11:00:00+00:00,8.583333333333334,,,26.5,95,0.2,1.8,53,980.3,8.541666666666666,8.333333333333334,8.083333333333334,6.0,8.5,8.4375,7.845486111111112,11.076140873015873,0.04166666666666289,0.07795119555790567,0.725285131199334,11,0.258819045102521,-0.9659258262890682,6,1.2246467991473532e-16,-1.0,2,0.9749279,-0.22252093,0,181,100,100
2021-06-30 12:00:00+00:00,8.625,,,26.5,88,0.0,6.5,177,980.8,8.583333333333334,8.375,8.125,6.0,8.541666666666666,8.479166666666666,7.953125,11.031994047619047,0.041666666666664444,0.0779511955579049,0.6241313407901719,12,1.2246467991473532e-16,-1.0,6,1.2246467991473532e-16,-1.0,2,0.9749279,-0.22252093,0,181,100,100
2021-06-30 13:00:00+00:00,8.666666666666666,,,26.0,89,0.0,5.1,129,981.7,8.625,8.416666666666666,8.166666666666666,7.0,8.583333333333334,8.520833333333334,8.0625,10.988095238095237,0.041666666666664444,0.07795119555790385,0.4804448924559003,13,-0.2588190451025208,-0.9659258262890683,6,1.2246467991473532e-16,-1.0,2,0.9749279,-0.22252093,0,181,100,100
2021-06-30 14:00:00+00:00,8.708333333333334,,,25.8,89,0.0,4.1,135,982.4,8.666666666666666,8.458333333333334,8.208333333333334,7.0,8.625,8.5625,8.131944444444445,10.944444444444445,0.04166666666666289,0.07795119555790204,0.4388422588827544,14,-0.4999999999999997,-0.8660254037844388,6,1.2246467991473532e-16,-1.0,2,0.9749279,-0.22252093,0,181,100,100
2021-06-30 15:00:00+00:00,8.75,,,25.2,90,0.0,4.8,138,982.8,8.708333333333334,8.5,8.25,7.0,8.666666666666666,8.604166666666666,8.203125,10.901041666666666,0.041666666666664444,0.07795119555790128,0.38214065008872383,15,-0.7071067811865471,-0.7071067811865479,6,1.2246467991473532e-16,-1.0,2,0.9749279,-0.22252093,0,181,100,100
2021-06-30 16:00:00+00:00,8.791666666666666,,,26.0,81,0.0,2.3,108,983.2,8.75,8.541666666666666,8.291666666666666,7.5,8.708333333333334,8.645833333333334,8.276041666666666,10.857886904761905,0.041666666666664444,0.07795119555790023,0.3009176033176808,16,-0.8660254037844385,-0.5000000000000004,6,1.2246467991473532e-16,-1.0,2,0.9749279,-0.22252093,0,181,100,100
2021-06-30 17:00:00+00:00,8.833333333333334,,,24.6,90,0.0,3.8,131,982.8,8.791666666666666,8.583333333333334,8.333333333333334,8.0,8.75,8.6875,8.329861111111112,10.81498015873016,0.04166666666666289,0.07795119555789844,0.27000756684269656,17,-0.9659258262890683,-0.25881904510252063,6,1.2246467991473532e-16,-1.0,2,0.9749279,-0.22252093,0,181,100,100
2021-06-30 18:00:00+00:00,8.875,,,24.5,89,0.0,4.0,153,982.5,8.833333333333334,8.625,8.375,8.0,8.791666666666666,8.729166666666666,8.364583333333334,10.772321428571429,0.041666666666664444,0.07795119555789767,0.2791707224468075,18,-1.0,-1.8369701987210297e-16,6,1.2246467991473532e-16,-1.0,2,0.9749279,-0.22252093,0,181,100,100
2021-06-30 19:00:00+00:00,8.916666666666666,,,24.8,87,0.0,5.8,173,982.3,8.875,8.666666666666666,8.416666666666666,8.0,8.833333333333334,8.770833333333334,8.401041666666666,10.729910714285714,0.041666666666664444,0.07795119555789662,0.2865262600639797,19,-0.9659258262890684,0.2588190451025203,6,1.2246467991473532e-16,-1.0,2,0.9749279,-0.22252093,0,181,100,100
2021-06-30 20:00:00+00:00,8.958333333333334,,,24.6,89,0.0,8.3,175,982.2,8.916666666666666,8.708333333333334,8.458333333333334,8.0,8.875,8.8125,8.439236111111112,10.687748015873016,0.04166666666666289,0.07795119555789483,0.29179064825374507,20,-0.8660254037844386,0.5000000000000001,6,1.2246467991473532e-16,-1.0,2,0.9749279,-0.22252093,0,181,100,100
2021-06-30 21:00:00+00:00,9.0,1304191.0,1.0,24.4,88,0.0,9.1,173,982.4,8.958333333333334,8.75,8.5,8.0,8.916666666666666,8.854166666666666,8.479166666666666,10.645833333333334,0.041666666666664444,0.07795119555789405,0.29462782549597183,21,-0.7071067811865477,0.7071067811865474,6,1.2246467991473532e-16,-1.0,2,0.9749279,-0.22252093,0,181,100,100
2021-06-30 22:00:00+00:00,9.0,1304191.0,1.0,24.0,87,0.0,8.6,165,982.6,9.0,8.791666666666666,8.541666666666666,8.041666666666666,8.958333333333334,8.895833333333334,8.520833333333334,10.610119047619047,0.041666666666664444,0.07795119555789301,0.2946278254959646,22,-0.5000000000000004,0.8660254037844384,6,1.2246467991473532e-16,-1.0,2,0.9749279,-0.22252093,0,181,100,100
2021-06-30 23:00:00+00:00,9.0,1304191.0,1.0,23.7,87,0.0,8.0,162,982.8,9.0,8.833333333333334,8.583333333333334,8.083333333333334,8.986111111111112,8.930555555555555,8.560763888888888,10.574404761904763,0.024056261216228548,0.06804138174409309,0.29179064825372375,23,-0.25881904510252157,0.9659258262890681,6,1.2246467991473532e-16,-1.0,2,0.9749279,-0.22252093,0,181,100,100
2021-07-01 00:00:00+00:00,8.96,,,24.5,87,0.0,7.3,169,982.9,9.0,8.875,8.625,8.125,9.0,8.958333333333334,8.598958333333334,10.538690476190476,0.0,0.052704627669622195,0.28652626006394444,0,0.0,1.0,7,-0.4999999999999997,-0.8660254037844388,3,0.43388373,-0.90096885,0,182,100,100
2021-07-01 01:00:00+00:00,8.92,,,26.1,82,0.0,7.6,180,983.5,8.96,8.916666666666666,8.666666666666666,8.166666666666666,8.986666666666666,8.9725,8.633750000000001,10.502738095238096,0.023094010767584282,0.0338911656796695,0.27701054672355474,1,0.25881904510252074,0.9659258262890683,7,-0.4999999999999997,-0.8660254037844388,3,0.43388373,-0.90096885,0,182,100,100
2021-07-01 02:00:00+00:00,8.88,,,27.3,76,0.0,8.7,197,983.9,8.92,8.958333333333334,8.708333333333334,8.208333333333334,8.96,8.973055555555556,8.665138888888889,10.46654761904762,0.040000000000000036,0.03280272120623837,0.26416622853273036,2,0.49999999999999994,0.8660254037844387,7,-0.4999999999999997,-0.8660254037844388,3,0.43388373,-0.90096885,0,182,100,100
2021-07-01 03:00:00+00:00,8.84,,,28.1,73,0.1,7.7,191,984.0,8.88,9.0,8.75,8.25,8.92,8.96,8.693125,10.430119047619048,0.040000000000001146,0.05059644256284958,0.24879919949142587,3,0.7071067811865476,0.7071067811865476,7,-0.4999999999999997,-0.8660254037844388,3,0.43388373,-0.90096885,0,182,100,100
2021-07-01 04:00:00+00:00,8.8,,,29.5,70,0.0,8.7,187,983.7,8.84,9.0,8.791666666666666,8.291666666666666,8.88,8.933333333333334,8.717708333333334,10.39345238095238,0.0400000000000027,0.06531972647434015,0.2316699574908316,4,0.8660254037844386,0.5000000000000001,7,-0.4999999999999997,-0.8660254037844388,3,0.43388373,-0.90096885,0,182,100,100
2021-07-01 05:00:00+00:00,8.76,,,30.8,64,0.0,8.4,205,982.9,8.8,9.0,8.833333333333334,8.333333333333334,8.84,8.9,8.738888888888889,10.3625,0.0400000000000038,0.07483314773558737,0.2135543842705194,5,0.9659258262890683,0.25881904510252074,7,-0.4999999999999997,-0.8660254037844388,3,0.43388373,-0.90096885,0,182,100,100
2021-07-01 06:00:00+00:00,8.72,,,31.5,58,0.0,9.7,222,982.1,8.76,8.96,8.875,8.375,8.799999999999999,8.860000000000001,8.756666666666666,10.331309523809525,0.04000000000000536,0.0748331477355897,0.1953047909129683,6,1.0,6.123233995736766e-17,7,-0.4999999999999997,-0.8660254037844388,3,0.43388373,-0.90096885,0,182,100,100
2021-07-01 07:00:00+00:00,8.68,,,31.2,58,0.0,9.2,244,981.4,8.72,8.92,8.916666666666666,8.416666666666666,8.76,8.82,8.771041666666667,10.299880952380953,0.04000000000000647,0.07483314773559126,0.17791384531159132,7,0.9659258262890683,-0.25881904510252063,7,-0.4999999999999997,-0.8660254037844388,3,0.43388373,-0.90096885,0,182,100,100
2021-07-01 08:00:00+00:00,8.64,,,29.7,68,0.2,4.4,279,980.9,8.68,8.88,8.958333333333334,8.458333333333334,8.72,8.78,8.782013888888889,10.268214285714285,0.04000000000000802,0.07483314773559359,0.1625669532603848,8,0.8660254037844387,-0.4999999999999998,7,-0.4999999999999997,-0.8660254037844388,3,0.43388373,-0.90096885,0,182,100,100
2021-07-01 09:00:00+00:00,8.6,,,28.8,77,0.1,3.2,153,980.6,8.64,8.84,9.0,8.5,8.68,8.74,8.789583333333335,10.242261904761905,0.04000000000000913,0.07483314773559487,0.15063172129347538,9,0.7071067811865476,-0.7071067811865475,7,-0.4999999999999997,-0.8660254037844388,3,0.43388373,-0.90096885,0,182,100,100
2021-07-01 10:00:00+00:00,8.56,,,27.2,84,1.4,8.4,170,980.9,8.6,8.8,9.0,8.541666666666666,8.64,8.700000000000001,8.793750000000001,10.216071428571428,0.04000000000001068,0.07483314773559643,0.14348681536807673,10,0.49999999999999994,-0.8660254037844387,7,-0.4999999999999997,-0.8660254037844388,3,0.43388373,-0.90096885,0,182,100,100
2021-07-01 11:00:00+00:00,8.52,,,26.6,90,0.2,6.9,129,981.3,8.56,8.76,9.0,8.583333333333334,8.6,8.660000000000002,8.794513888888888,10.189642857142857,0.04000000000001179,0.074833147735598,0.14212881070854622,11,0.258819045102521,-0.9659258262890682,7,-0.4999999999999997,-0.8660254037844388,3,0.43388373,-0.90096885,0,182,100,100
2021-07-01 12:00:00+00:00,8.48,,,26.5,98,0.0,4.6,135,981.7,8.52,8.72,8.96,8.625,8.56,8.62,8.791875,10.162976190476192,0.040000000000013344,0.07483314773560033,0.14673360832642288,12,1.2246467991473532e-16,-1.0,7,-0.4999999999999997,-0.8660254037844388,3,0.43388373,-0.90096885,0,182,100,100
2021-07-01 13:00:00+00:00,8.44,,,26.0,96,0.1,4.5,166,982.8,8.48,8.68,8.92,8.666666666666666,8.52,8.58,8.785833333333334,10.136071428571428,0.040000000000014455,0.07483314773560161,0.15655947613005056,13,-0.2588190451025208,-0.9659258262890683,7,-0.4999999999999997,-0.8660254037844388,3,0.43388373,-0.90096885,0,182,100,100
2021-07-01 14:00:00+00:00,8.4,,,26.0,91,0.2,6.6,151,983.3,8.44,8.64,8.88,8.708333333333334,8.479999999999999,8.540000000000001,8.776388888888889,10.110416666666666,0.04000000000001601,0.07483314773560318,0.17029504566307557,14,-0.4999999999999997,-0.8660254037844388,7,-0.4999999999999997,-0.8660254037844388,3,0.43388373,-0.90096885,0,182,100,100
2021-07-01 15:00:00+00:00,8.36,,,25.3,93,0.0,7.2,153,984.1,8.4,8.6,8.84,8.75,8.44,8.5,8.763541666666667,10.086011904761905,0.04000000000001711,0.07483314773560475,0.1865108773451311,15,-0.7071067811865471,-0.7071067811865479,7,-0.4999999999999997,-0.8660254037844388,3,0.43388373,-0.90096885,0,182,100,100
2021-07-01 16:00:00+00:00,8.32,,,24.9,95,0.0,5.8,150,984.2,8.36,8.56,8.8,8.791666666666666,8.4,8.459999999999999,8.747291666666667,10.062857142857142,0.040000000000018666,0.07483314773560708,0.2039192156185558,16,-0.8660254037844385,-0.5000000000000004,7,-0.4999999999999997,-0.8660254037844388,3,0.43388373,-0.90096885,0,182,100,100
2021-07-01 17:00:00+00:00,8.28,,,24.6,96,0.0,4.6,141,984.0,8.32,8.52,8.76,8.833333333333334,8.36,8.42,8.727638888888889,10.040952380952382,0.04000000000001978,0.07483314773560835,0.22143303404806675,17,-0.9659258262890683,-0.25881904510252063,7,-0.4999999999999997,-0.8660254037844388,3,0.43388373,-0.90096885,0,182,100,100
2021-07-01 18:00:00+00:00,8.24,,,24.3,97,0.0,3.1,144,983.8,8.28,8.48,8.72,8.875,8.32,8.38,8.704583333333334,10.018809523809525,0.04000000000002133,0.07483314773560992,0.23812687419413095,18,-1.0,-1.8369701987210297e-16,7,-0.4999999999999997,-0.8660254037844388,3,0.43388373,-0.90096885,0,182,100,100
2021-07-01 19:00:00+00:00,8.2,,,24.2,97,0.0,3.9,158,983.6,8.24,8.44,8.68,8.916666666666666,8.28,8.339999999999998,8.678125,9.996428571428572,0.04000000000002244,0.07483314773561149,0.2531708634737043,19,-0.9659258262890684,0.2588190451025203,7,-0.4999999999999997,-0.8660254037844388,3,0.43388373,-0.90096885,0,182,100,100
2021-07-01 20:00:00+00:00,8.16,,,24.1,97,0.0,5.7,162,983.5,8.2,8.4,8.64,8.958333333333334,8.24,8.299999999999999,8.64826388888889,9.973809523809523,0.04000000000002399,0.07483314773561381,0.265763633664143,20,-0.8660254037844386,0.5000000000000001,7,-0.4999999999999997,-0.8660254037844388,3,0.43388373,-0.90096885,0,182,100,100
2021-07-01 21:00:00+00:00,8.12,,,24.0,97,0.0,7.0,168,983.9,8.16,8.36,8.6,9.0,8.2,8.26,8.615,9.950952380952382,0.0400000000000251,0.0748331477356151,0.2750652096615164,21,-0.7071067811865477,0.7071067811865474,7,-0.4999999999999997,-0.8660254037844388,3,0.43388373,-0.90096885,0,182,100,100
2021-07-01 22:00:00+00:00,8.08,,,23.6,95,0.0,7.6,161,984.1,8.12,8.32,8.56,9.0,8.159999999999998,8.22,8.578333333333333,9.927586580086581,0.04000000000002665,0.07483314773561665,0.2801190223237027,22,-0.5000000000000004,0.8660254037844384,7,-0.4999999999999997,-0.8660254037844388,3,0.43388373,-0.90096885,0,182,100,100
2021-07-01 23:00:00+00:00,8.04,,,23.4,93,0.0,7.5,163,984.4,8.08,8.28,8.52,9.0,8.12,8.18,8.540000000000001,9.90371212121212,0.04000000000002776,0.07483314773561822,0.28284271247625314,23,-0.25881904510252157,0.9659258262890681,7,-0.4999999999999997,-0.8660254037844388,3,0.43388373,-0.90096885,0,182,100,100
2021-07-02 00:00:00+00:00,8.0,1304191.0,1.0,24.2,89,0.0,7.6,175,985.2,8.04,8.24,8.48,8.96,8.08,8.139999999999999,8.5,9.879329004329005,0.04000000000002932,0.07483314773562055,0.2828427124762607,0,0.0,1.0,7,-0.4999999999999997,-0.8660254037844388,4,-0.43388373,-0.90096885,0,183,100,100
2021-07-02 01:00:00+00:00,7.0,1304191.0,1.0,25.2,87,0.0,5.8,173,985.5,8.0,8.2,8.44,8.92,8.04,8.1,8.459999999999999,9.854437229437229,0.04000000000003042,0.07483314773562183,0.28284271247626797,1,0.25881904510252074,0.9659258262890683,7,-0.4999999999999997,-0.8660254037844388,4,-0.43388373,-0.90096885,0,183,100,100
2021-07-02 02:00:00+00:00,7.0,1304191.0,1.0,26.8,80,0.0,4.7,189,985.9,7.0,8.16,8.4,8.88,7.68,7.8999999999999995,8.38,9.82332251082251,0.5892367945062522,0.4445222154178822,0.3959797974656551,2,0.49999999999999994,0.8660254037844387,7,-0.4999999999999997,-0.8660254037844388,4,-0.43388373,-0.90096885,0,183,100,100
2021-07-02 03:00:00+00:00,7.0,1304191.0,1.0,28.2,76,0.0,6.6,209,985.7,7.0,8.12,8.36,8.84,7.333333333333333,7.706666666666666,8.301666666666666,9.791937229437229,0.57735026918963,0.5488412035067058,0.47151620993644916,3,0.7071067811865476,0.7071067811865476,7,-0.4999999999999997,-0.8660254037844388,4,-0.43388373,-0.90096885,0,183,100,100
2021-07-02 04:00:00+00:00,7.333333333333333,,,29.0,74,0.1,7.2,207,985.2,7.0,8.08,8.32,8.8,7.0,7.52,8.225,9.760281385281385,0.0,0.5701929497985952,0.5265556661609246,4,0.8660254037844386,0.5000000000000001,7,-0.4999999999999997,-0.8660254037844388,4,-0.43388373,-0.90096885,0,183,100,100
2021-07-02 05:00:00+00:00,7.666666666666667,,,29.9,66,0.2,12.2,225,984.4,7.333333333333333,8.04,8.28,8.76,7.111111111111111,7.395555555555556,8.16388888888889,9.730339105339104,0.1924500897298752,0.5007845696356956,0.5418091600023738,5,0.9659258262890683,0.25881904510252074,7,-0.4999999999999997,-0.8660254037844388,4,-0.43388373,-0.90096885,0,183,100,100
2021-07-02 06:00:00+00:00,8.0,1304191.0,1.0,30.4,63,0.0,10.3,209,984.2,7.666666666666667,8.0,8.24,8.72,7.333333333333333,7.333333333333333,8.118333333333334,9.70211038961039,0.33333333333333387,0.42163702135581266,0.5354351699851323,6,1.0,6.123233995736766e-17,7,-0.4999999999999997,-0.8660254037844388,4,-0.43388373,-0.90096885,0,183,100,100
2021-07-02 07:00:00+00:00,7.5,,,29.5,66,0.0,7.4,203,983.4,8.0,7.0,8.2,8.68,7.666666666666667,7.333333333333333,8.088333333333333,9.675595238095237,0.33333333333333387,0.42163702135581266,0.5202127026896012,7,0.9659258262890683,-0.25881904510252063,7,-0.4999999999999997,-0.8660254037844388,4,-0.43388373,-0.90096885,0,183,100,100
2021-07-02 08:00:00+00:00,7.0,1304191.0,1.0,30.0,64,0.0,4.3,204,982.5,7.5,7.0,8.16,8.64,7.722222222222222,7.416666666666667,8.039166666666667,9.645833333333334,0.25458753860865807,0.39086797998531636,0.5176174048259534,8,0.8660254037844387,-0.4999999999999998,7,-0.4999999999999997,-0.8660254037844388,4,-0.43388373,-0.90096885,0,183,100,100
2021-07-02 09:00:00+00:00,7.0,,,30.5,63,0.0,4.9,197,981.7,7.0,7.0,8.12,8.6,7.5,7.416666666666667,7.970833333333332,9.612824675324676,0.5000000000000001,0.39086797998531636,0.5425038124054192,9,0.7071067811865476,-0.7071067811865475,7,-0.4999999999999997,-0.8660254037844388,4,-0.43388373,-0.90096885,0,183,100,100
2021-07-02 10:00:00+00:00,7.0,,,29.5,73,0.0,5.1,188,981.5,7.0,7.333333333333333,8.08,8.56,7.166666666666667,7.416666666666667,7.904166666666666,9.579545454545453,0.28867513459481325,0.39086797998531636,0.5598578580827727,10,0.49999999999999994,-0.8660254037844387,7,-0.4999999999999997,-0.8660254037844388,4,-0.43388373,-0.90096885,0,183,100,100
2021-07-02 11:00:00+00:00,7.0,,,28.6,75,0.0,5.9,194,981.8,7.0,7.666666666666667,8.04,8.52,7.0,7.361111111111111,7.839166666666666,9.545995670995671,0.0,0.4270918020840854,0.5708551513875761,11,0.258819045102521,-0.9659258262890682,7,-0.4999999999999997,-0.8660254037844388,4,-0.43388373,-0.90096885,0,183,100,100
2021-07-02 12:00:00+00:00,7.0,,,27.1,83,0.1,8.3,162,982.6,7.0,8.0,8.0,8.48,7.0,7.25,7.775833333333334,9.512175324675324,0.0,0.41833001326706737,0.5763279142426683,12,1.2246467991473532e-16,-1.0,7,-0.4999999999999997,-0.8660254037844388,4,-0.43388373,-0.90096885,0,183,100,100
2021-07-02 13:00:00+00:00,7.0,1304191.0,1.0,26.5,84,0.2,8.1,167,983.6,7.0,7.5,7.0,8.44,7.0,7.083333333333333,7.714166666666666,9.478084415584416,0.0,0.20412414523199393,0.5768859011937979,13,-0.2588190451025208,-0.9659258262890683,7,-0.4999999999999997,-0.8660254037844388,4,-0.43388373,-0.90096885,0,183,100,100
2021-07-02 14:00:00+00:00,7.0,1304191.0,1.0,26.1,85,0.0,8.3,162,984.2,7.0,7.0,7.0,8.4,7.0,7.0,7.654166666666666,9.443722943722943,0.0,1.6106011601376295e-07,0.5729837576009005,14,-0.4999999999999997,-0.8660254037844388,7,-0.4999999999999997,-0.8660254037844388,4,-0.43388373,-0.90096885,0,183,100,100
2021-07-02 15:00:00+00:00,7.0,1304191.0,1.0,25.8,86,0.0,6.5,161,984.8,7.0,7.0,7.0,8.36,7.0,7.0,7.595833333333332,9.40909090909091,0.0,1.6106011601376295e-07,0.5649601328340299,15,-0.7071067811865471,-0.7071067811865479,7,-0.4999999999999997,-0.8660254037844388,4,-0.43388373,-0.90096885,0,183,100,100
2021-07-02 16:00:00+00:00,7.0,1304191.0,1.0,25.1,89,0.0,4.3,156,985.0,7.0,7.0,7.333333333333333,8.32,7.0,7.0,7.539166666666667,9.374188311688311,0.0,1.6106011601376295e-07,0.5530602172148741,16,-0.8660254037844385,-0.5000000000000004,7,-0.4999999999999997,-0.8660254037844388,4,-0.43388373,-0.90096885,0,183,100,100
2021-07-02 17:00:00+00:00,7.0,,,24.6,91,0.0,4.5,166,984.7,7.0,7.0,7.666666666666667,8.28,7.0,7.0,7.484166666666667,9.339015151515152,0.0,1.6106011601376295e-07,0.5374472224407227,17,-0.9659258262890683,-0.25881904510252063,7,-0.4999999999999997,-0.8660254037844388,4,-0.43388373,-0.90096885,0,183,100,100
2021-07-02 18:00:00+00:00,7.0,1304191.0,1.0,24.2,94,0.0,4.0,175,984.4,7.0,7.0,8.0,8.24,7.0,7.0,7.430833333333333,9.303571428571429,0.0,1.6106011601376295e-07,0.518205049600052,18,-1.0,-1.8369701987210297e-16,7,-0.4999999999999997,-0.8660254037844388,4,-0.43388373,-0.90096885,0,183,100,100
2021-07-02 19:00:00+00:00,7.0,1304191.0,1.0,24.2,95,0.0,4.5,166,983.8,7.0,7.0,7.5,8.2,7.0,7.0,7.379166666666666,9.267857142857142,0.0,1.6106011601376295e-07,0.49533207521353345,19,-0.9659258262890684,0.2588190451025203,7,-0.4999999999999997,-0.8660254037844388,4,-0.43388373,-0.90096885,0,183,100,100
2021-07-02 20:00:00+00:00,7.0,1304191.0,1.0,24.1,96,0.0,5.5,148,983.9,7.0,7.0,7.0,8.16,7.0,7.0,7.329166666666666,9.232142857142858,0.0,1.6106011601376295e-07,0.4687234694596668,20,-0.8660254037844386,0.5000000000000001,7,-0.4999999999999997,-0.8660254037844388,4,-0.43388373,-0.90096885,0,183,100,100
2021-07-02 21:00:00+00:00,7.0,1304191.0,1.0,23.9,96,0.0,4.7,171,984.0,7.0,7.0,7.0,8.12,7.0,7.0,7.280833333333333,9.196428571428571,0.0,1.6106011601376295e-07,0.43813532200397814,21,-0.7071067811865477,0.7071067811865474,7,-0.4999999999999997,-0.8660254037844388,4,-0.43388373,-0.90096885,0,183,100,100
2021-07-02 22:00:00+00:00,7.0,1304191.0,1.0,23.7,97,0.0,6.1,180,984.4,7.0,7.0,7.0,8.08,7.0,7.0,7.234166666666667,9.160714285714286,0.0,1.6106011601376295e-07,0.40311498461644557,22,-0.5000000000000004,0.8660254037844384,7,-0.4999999999999997,-0.8660254037844388,4,-0.43388373,-0.90096885,0,183,100,100
2021-07-02 23:00:00+00:00,7.0,,,23.7,96,0.0,5.9,166,984.7,7.0,7.0,7.0,8.04,7.0,7.0,7.189166666666666,9.12202380952381,0.0,1.6106011601376295e-07,0.36285935045638024,23,-0.25881904510252157,0.9659258262890681,7,-0.4999999999999997,-0.8660254037844388,4,-0.43388373,-0.90096885,0,183,100,100
2021-07-03 00:00:00+00:00,7.0,1304191.0,1.0,24.7,91,0.0,6.8,183,984.7,7.0,7.0,7.0,8.0,7.0,7.0,7.145833333333333,9.080357142857142,0.0,1.6106011601376295e-07,0.3158934113653933,0,0.0,1.0,7,-0.4999999999999997,-0.8660254037844388,5,-0.9749279,-0.22252093,1,184,100,100
2021-07-03 01:00:00+00:00,7.0,1304191.0,1.0,26.1,84,0.0,6.1,177,985.3,7.0,7.0,7.0,7.0,7.0,7.0,7.104166666666667,9.038690476190476,0.0,1.6106011601376295e-07,0.25919095603800696,1,0.25881904510252074,0.9659258262890683,7,-0.4999999999999997,-0.8660254037844388,5,-0.9749279,-0.22252093,1,184,100,100
2021-07-03 02:00:00+00:00,7.0,,,27.6,75,0.0,6.0,205,985.6,7.0,7.0,7.0,7.0,7.0,7.0,7.104166666666667,8.99702380952381,0.0,1.6106011601376295e-07,0.25919095603800696,2,0.49999999999999994,0.8660254037844387,7,-0.4999999999999997,-0.8660254037844388,5,-0.9749279,-0.22252093,1,184,100,100
2021-07-03 03:00:00+00:00,7.0,1304191.0,1.0,29.0,71,0.1,3.3,229,985.5,7.0,7.0,7.0,7.0,7.0,7.0,7.104166666666667,8.955357142857142,0.0,1.6106011601376295e-07,0.25919095603800696,3,0.7071067811865476,0.7071067811865476,7,-0.4999999999999997,-0.8660254037844388,5,-0.9749279,-0.22252093,1,184,100,100
2021-07-03 04:00:00+00:00,7.0,,,30.2,67,0.1,2.9,240,985.1,7.0,7.0,7.0,7.333333333333333,7.0,7.0,7.104166666666667,8.913690476190476,0.0,1.6106011601376295e-07,0.25919095603800696,4,0.8660254037844386,0.5000000000000001,7,-0.4999999999999997,-0.8660254037844388,5,-0.9749279,-0.22252093,1,184,100,100
2021-07-03 05:00:00+00:00,7.0,1304191.0,1.0,31.0,65,0.1,2.2,261,984.6,7.0,7.0,7.0,7.666666666666667,7.0,7.0,7.090277777777778,8.869047619047619,0.0,1.6106011601376295e-07,0.2552784151553602,5,0.9659258262890683,0.25881904510252074,7,-0.4999999999999997,-0.8660254037844388,5,-0.9749279,-0.22252093,1,184,100,100
2021-07-03 06:00:00+00:00,7.0,1304191.0,1.0,31.3,65,0.2,5.8,274,983.8,7.0,7.0,7.0,8.0,7.0,7.0,7.0625,8.821428571428571,0.0,1.6106011601376295e-07,0.2242136015756269,6,1.0,6.123233995736766e-17,7,-0.4999999999999997,-0.8660254037844388,5,-0.9749279,-0.22252093,1,184,100,100
2021-07-03 07:00:00+00:00,7.0,1304191.0,1.0,31.8,62,0.1,8.3,275,982.9,7.0,7.0,7.0,7.5,7.0,7.0,7.020833333333333,8.77579365079365,0.0,1.6106011601376295e-07,0.10206207262127422,7,0.9659258262890683,-0.25881904510252063,7,-0.4999999999999997,-0.8660254037844388,5,-0.9749279,-0.22252093,1,184,100,100
2021-07-03 08:00:00+00:00,7.0,1304191.0,1.0,30.8,64,0.0,5.7,325,982.3,7.0,7.0,7.0,7.0,7.0,7.0,7.0,8.732142857142858,0.0,1.6106011601376295e-07,1.042003053022297e-06,8,0.8660254037844387,-0.4999999999999998,7,-0.4999999999999997,-0.8660254037844388,5,-0.9749279,-0.22252093,1,184,100,100
2021-07-03 09:00:00+00:00,7.0,1304191.0,1.0,28.0,85,1.4,9.7,45,981.5,7.0,7.0,7.0,7.0,7.0,7.0,7.0,8.69047619047619,0.0,1.6106011601376295e-07,1.042003053022297e-06,9,0.7071067811865476,-0.7071067811865475,7,-0.4999999999999997,-0.8660254037844388,5,-0.9749279,-0.22252093,1,184,100,100
2021-07-03 10:00:00+00:00,7.0,1304191.0,1.0,27.6,93,0.8,0.8,243,981.2,7.0,7.0,7.0,7.0,7.0,7.0,7.0,8.648809523809524,0.0,1.6106011601376295e-07,1.042003053022297e-06,10,0.49999999999999994,-0.8660254037844387,7,-0.4999999999999997,-0.8660254037844388,5,-0.9749279,-0.22252093,1,184,100,100
2021-07-03 11:00:00+00:00,7.0,1304191.0,1.0,27.2,94,0.1,4.4,145,981.2,7.0,7.0,7.0,7.0,7.0,7.0,7.0,8.607142857142858,0.0,1.6106011601376295e-07,1.042003053022297e-06,11,0.258819045102521,-0.9659258262890682,7,-0.4999999999999997,-0.8660254037844388,5,-0.9749279,-0.22252093,1,184,100,100
2021-07-03 12:00:00+00:00,8.0,1304191.0,1.0,26.9,91,0.0,4.0,117,981.1,7.0,7.0,7.0,7.0,7.0,7.0,7.0,8.56547619047619,0.0,1.6106011601376295e-07,1.042003053022297e-06,12,1.2246467991473532e-16,-1.0,7,-0.4999999999999997,-0.8660254037844388,5,-0.9749279,-0.22252093,1,184,100,100
2021-07-03 13:00:00+00:00,8.0,1304191.0,1.0,25.8,94,0.0,6.1,140,981.4,8.0,7.0,7.0,7.0,7.333333333333333,7.166666666666667,7.041666666666667,8.529761904761905,0.5773502691896258,0.40824829046389416,0.20412414523458042,13,-0.2588190451025208,-0.9659258262890683,7,-0.4999999999999997,-0.8660254037844388,5,-0.9749279,-0.22252093,1,184,100,100
2021-07-03 14:00:00+00:00,8.0,,,26.0,91,0.0,3.6,90,982.1,8.0,7.0,7.0,7.0,7.666666666666667,7.333333333333333,7.083333333333333,8.494047619047619,0.5773502691896258,0.5163977794943465,0.2823298512885474,14,-0.4999999999999997,-0.8660254037844388,7,-0.4999999999999997,-0.8660254037844388,5,-0.9749279,-0.22252093,1,184,100,100
2021-07-03 15:00:00+00:00,8.0,1304191.0,1.0,25.1,94,0.0,2.8,40,982.8,8.0,7.0,7.0,7.0,8.0,7.5,7.125,8.458333333333334,0.0,0.547722557505189,0.33783196234767565,15,-0.7071067811865471,-0.7071067811865479,7,-0.4999999999999997,-0.8660254037844388,5,-0.9749279,-0.22252093,1,184,100,100
2021-07-03 16:00:00+00:00,8.5,,,24.9,95,0.0,4.0,10,983.2,8.0,7.0,7.0,7.0,8.0,7.666666666666667,7.166666666666667,8.422619047619047,0.0,0.5163977794943465,0.3806934938148435,16,-0.8660254037844385,-0.5000000000000004,7,-0.4999999999999997,-0.8660254037844388,5,-0.9749279,-0.22252093,1,184,100,100
2021-07-03 17:00:00+00:00,9.0,1304191.0,1.0,24.6,97,0.0,4.0,355,983.2,8.5,7.0,7.0,7.0,8.166666666666666,7.916666666666667,7.229166666666667,8.389880952380953,0.28867513459481314,0.4915960401251135,0.4657664713117111,17,-0.9659258262890683,-0.25881904510252063,7,-0.4999999999999997,-0.8660254037844388,5,-0.9749279,-0.22252093,1,184,100,100
2021-07-03 18:00:00+00:00,9.0,1304191.0,1.0,24.9,95,0.0,2.9,7,983.0,9.0,8.0,7.0,7.0,8.5,8.25,7.3125,8.360119047619047,0.5000000000000002,0.41833001326706853,0.5863019699788266,18,-1.0,-1.8369701987210297e-16,7,-0.4999999999999997,-0.8660254037844388,5,-0.9749279,-0.22252093,1,184,100,100
2021-07-03 19:00:00+00:00,10.0,1304191.0,1.0,24.8,96,0.0,0.8,153,982.6,9.0,8.0,7.0,7.0,8.833333333333334,8.416666666666666,7.395833333333333,8.336309523809524,0.28867513459481314,0.49159604012511343,0.675328690772689,19,-0.9659258262890684,0.2588190451025203,7,-0.4999999999999997,-0.8660254037844388,5,-0.9749279,-0.22252093,1,184,100,100
2021-07-03 20:00:00+00:00,10.0,1304191.0,1.0,23.9,98,0.0,3.1,159,982.3,10.0,8.0,7.0,7.0,9.333333333333334,8.75,7.520833333333333,8.318452380952381,0.5773502691896255,0.7582875444051711,0.8531166221657643,20,-0.8660254037844386,0.5000000000000001,7,-0.4999999999999997,-0.8660254037844388,5,-0.9749279,-0.22252093,1,184,100,100
2021-07-03 21:00:00+00:00,10.0,,,23.5,99,0.0,3.8,139,982.4,10.0,8.0,7.0,7.0,9.666666666666666,9.083333333333334,7.645833333333333,8.300595238095237,0.5773502691896255,0.8010409893798753,0.9833302628304079,21,-0.7071067811865477,0.7071067811865474,7,-0.4999999999999997,-0.8660254037844388,5,-0.9749279,-0.22252093,1,184,100,100
2021-07-03 22:00:00+00:00,10.0,1304191.0,1.0,23.2,98,0.0,4.2,149,982.5,10.0,8.5,7.0,7.0,10.0,9.416666666666666,7.770833333333333,8.282738095238095,0.0,0.6645800679125788,1.0832636543928449,22,-0.5000000000000004,0.8660254037844384,7,-0.4999999999999997,-0.8660254037844388,5,-0.9749279,-0.22252093,1,184,100,100
2021-07-03 23:00:00+00:00,10.0,1304191.0,1.0,23.3,98,0.0,4.0,170,982.9,10.0,9.0,7.0,7.0,10.0,9.666666666666666,7.895833333333333,8.264880952380953,0.0,0.5163977794943421,1.1607640537192683,23,-0.25881904510252157,0.9659258262890681,7,-0.4999999999999997,-0.8660254037844388,5,-0.9749279,-0.22252093,1,184,100,100
2021-07-04 00:00:00+00:00,10.0,,,24.7,96,0.0,3.1,201,983.7,10.0,9.0,8.0,7.0,10.0,9.833333333333334,8.020833333333334,8.248015873015873,0.0,0.40824829046388766,1.2201137390558565,0,0.0,1.0,7,-0.4999999999999997,-0.8660254037844388,6,-0.7818315,0.6234898,1,185,100,100
2021-07-04 01:00:00+00:00,10.0,,,26.5,87,0.0,3.0,194,984.3,10.0,10.0,8.0,7.0,10.0,10.0,8.145833333333334,8.232142857142858,0.0,0.0,1.2638722990898892,1,0.25881904510252074,0.9659258262890683,7,-0.4999999999999997,-0.8660254037844388,6,-0.7818315,0.6234898,1,185,100,100
2021-07-04 02:00:00+00:00,10.0,1304191.0,1.0,28.0,79,0.0,2.2,189,984.3,10.0,10.0,8.0,7.0,10.0,10.0,8.270833333333334,8.217261904761905,0.0,0.0,1.2936228758523436,2,0.49999999999999994,0.8660254037844387,7,-0.4999999999999997,-0.8660254037844388,6,-0.7818315,0.6234898,1,185,100,100
2021-07-04 03:00:00+00:00,10.0,,,29.5,71,0.0,2.2,189,984.2,10.0,10.0,8.0,7.0,10.0,10.0,8.395833333333334,8.203373015873016,0.0,0.0,1.310319963138027,3,0.7071067811865476,0.7071067811865476,7,-0.4999999999999997,-0.8660254037844388,6,-0.7818315,0.6234898,1,185,100,100
2021-07-04 04:00:00+00:00,10.0,,,30.9,66,0.0,2.1,211,983.6,10.0,10.0,8.5,7.0,10.0,10.0,8.520833333333334,8.19047619047619,0.0,0.0,1.314461095284078,4,0.8660254037844386,0.5000000000000001,7,-0.4999999999999997,-0.8660254037844388,6,-0.7818315,0.6234898,1,185,100,100
2021-07-04 05:00:00+00:00,10.0,1304191.0,1.0,32.0,61,0.0,3.6,217,983.1,10.0,10.0,9.0,7.0,10.0,10.0,8.645833333333334,8.178571428571429,0.0,0.0,1.3061657018083972,5,0.9659258262890683,0.25881904510252074,7,-0.4999999999999997,-0.8660254037844388,6,-0.7818315,0.6234898,1,185,100,100
2021-07-04 06:00:00+00:00,11.0,1304191.0,1.0,32.9,57,0.0,4.7,212,982.3,10.0,10.0,9.0,7.0,10.0,10.0,8.770833333333334,8.166666666666666,0.0,0.0,1.2851929872566428,6,1.0,6.123233995736766e-17,7,-0.4999999999999997,-0.8660254037844388,6,-0.7818315,0.6234898,1,185,100,100
2021-07-04 07:00:00+00:00,11.0,1304191.0,1.0,33.5,56,0.0,6.2,201,981.2,11.0,10.0,10.0,7.0,10.333333333333334,10.166666666666666,8.9375,8.160714285714286,0.5773502691896255,0.4082482904638632,1.3047780087719116,7,0.9659258262890683,-0.25881904510252063,7,-0.4999999999999997,-0.8660254037844388,6,-0.7818315,0.6234898,1,185,100,100
2021-07-04 08:00:00+00:00,10.0,1304191.0,1.0,33.5,54,0.0,4.5,194,980.2,11.0,10.0,10.0,7.0,10.666666666666666,10.333333333333334,9.104166666666666,8.154761904761905,0.5773502691896255,0.5163977794943228,1.301998185622078,8,0.8660254037844387,-0.4999999999999998,7,-0.4999999999999997,-0.8660254037844388,6,-0.7818315,0.6234898,1,185,100,100
2021-07-04 09:00:00+00:00,10.0,1304191.0,1.0,33.3,53,0.0,4.0,185,979.4,10.0,10.0,10.0,7.0,10.666666666666666,10.333333333333334,9.229166666666666,8.142857142857142,0.5773502691896255,0.5163977794943228,1.2334043261983916,9,0.7071067811865476,-0.7071067811865475,7,-0.4999999999999997,-0.8660254037844388,6,-0.7818315,0.6234898,1,185,100,100
2021-07-04 10:00:00+00:00,10.0,1304191.0,1.0,33.2,56,0.0,4.1,225,979.1,10.0,10.0,10.0,7.0,10.333333333333334,10.333333333333334,9.354166666666666,8.130952380952381,0.5773502691896255,0.5163977794943228,1.1466318034811613,10,0.49999999999999994,-0.8660254037844387,7,-0.4999999999999997,-0.8660254037844388,6,-0.7818315,0.6234898,1,185,100,100
2021-07-04 11:00:00+00:00,10.0,,,30.9,71,0.0,5.3,208,979.4,10.0,10.0,10.0,7.0,10.0,10.333333333333334,9.479166666666666,8.119047619047619,0.0,0.5163977794943228,1.0371277924980309,11,0.258819045102521,-0.9659258262890682,7,-0.4999999999999997,-0.8660254037844388,6,-0.7818315,0.6234898,1,185,100,100
2021-07-04 12:00:00+00:00,10.0,1304191.0,1.0,29.7,80,0.0,2.7,337,980.2,10.0,11.0,10.0,8.0,10.0,10.333333333333334,9.604166666666666,8.107142857142858,0.0,0.5163977794943228,0.8966018779464173,12,1.2246467991473532e-16,-1.0,7,-0.4999999999999997,-0.8660254037844388,6,-0.7818315,0.6234898,1,185,100,100
2021-07-04 13:00:00+00:00,10.5,,,29.6,79,0.0,1.5,14,981.2,10.0,11.0,10.0,8.0,10.0,10.166666666666666,9.6875,8.101190476190476,0.0,0.4082482904638632,0.8316105380268599,13,-0.2588190451025208,-0.9659258262890683,7,-0.4999999999999997,-0.8660254037844388,6,-0.7818315,0.6234898,1,185,100,100
2021-07-04 14:00:00+00:00,11.0,1304191.0,1.0,28.3,87,0.0,4.1,142,981.8,10.5,10.0,10.0,8.0,10.166666666666666,10.083333333333334,9.791666666666666,8.092261904761905,0.28867513459481314,0.20412414523193137,0.7649476632665941,14,-0.4999999999999997,-0.8660254037844388,7,-0.4999999999999997,-0.8660254037844388,6,-0.7818315,0.6234898,1,185,100,100
2021-07-04 15:00:00+00:00,11.0,1304191.0,1.0,27.5,87,0.0,5.4,176,982.4,11.0,10.0,10.0,8.0,10.5,10.25,9.916666666666666,8.086309523809524,0.5000000000000002,0.418330013267037,0.7019641181635876,15,-0.7071067811865471,-0.7071067811865479,7,-0.4999999999999997,-0.8660254037844388,6,-0.7818315,0.6234898,1,185,100,100
2021-07-04 16:00:00+00:00,12.0,1304191.0,1.0,26.9,86,0.0,5.5,157,982.6,11.0,10.0,10.0,8.5,10.833333333333334,10.416666666666666,10.041666666666666,8.083333333333334,0.28867513459481314,0.4915960401250862,0.6064269314510775,16,-0.8660254037844385,-0.5000000000000004,7,-0.4999999999999997,-0.8660254037844388,6,-0.7818315,0.6234898,1,185,100,100
2021-07-04 17:00:00+00:00,12.0,1304191.0,1.0,26.5,85,0.0,4.9,163,982.4,12.0,10.0,10.0,9.0,11.333333333333334,10.75,10.1875,8.089285714285714,0.5773502691896255,0.7582875444051533,0.6395055834823467,17,-0.9659258262890683,-0.25881904510252063,7,-0.4999999999999997,-0.8660254037844388,6,-0.7818315,0.6234898,1,185,100,100
2021-07-04 18:00:00+00:00,12.0,1304191.0,1.0,25.9,88,0.0,5.6,195,982.0,12.0,10.0,11.0,9.0,11.666666666666666,11.083333333333334,10.3125,8.095238095238095,0.5773502691896255,0.8010409893798586,0.6886107627749014,18,-1.0,-1.8369701987210297e-16,7,-0.4999999999999997,-0.8660254037844388,6,-0.7818315,0.6234898,1,185,100,100
2021-07-04 19:00:00+00:00,12.0,,,26.8,82,0.0,3.1,159,981.5,12.0,10.5,11.0,10.0,12.0,11.416666666666666,10.4375,8.101190476190476,0.0,0.6645800679125586,0.7118942886844875,19,-0.9659258262890684,0.2588190451025203,7,-0.4999999999999997,-0.8660254037844388,6,-0.7818315,0.6234898,1,185,100,100
2021-07-04 20:00:00+00:00,12.0,1304191.0,1.0,26.7,82,0.0,1.6,117,981.4,12.0,11.0,10.0,10.0,12.0,11.666666666666666,10.520833333333334,8.107142857142858,0.0,0.5163977794943161,0.7728992097333981,20,-0.8660254037844386,0.5000000000000001,7,-0.4999999999999997,-0.8660254037844388,6,-0.7818315,0.6234898,1,185,100,100
2021-07-04 21:00:00+00:00,12.333333333333334,,,26.4,83,0.0,1.8,127,981.6,12.0,11.0,10.0,10.0,12.0,11.833333333333334,10.604166666666666,8.113095238095237,0.0,0.4082482904638548,0.8206461752352481,21,-0.7071067811865477,0.7071067811865474,7,-0.4999999999999997,-0.8660254037844388,6,-0.7818315,0.6234898,1,185,100,100
2021-07-04 22:00:00+00:00,12.666666666666666,,,25.0,93,0.0,3.2,243,981.8,12.333333333333334,12.0,10.0,10.0,12.111111111111112,12.055555555555555,10.701388888888888,8.118055555555555,0.19245008972987585,0.13608276348795464,0.8818885733000975,22,-0.5000000000000004,0.8660254037844384,7,-0.4999999999999997,-0.8660254037844388,6,-0.7818315,0.6234898,1,185,100,100
2021-07-04 23:00:00+00:00,13.0,1304191.0,1.0,25.0,94,0.0,2.5,270,982.1,12.666666666666666,12.0,10.0,10.0,12.333333333333334,12.166666666666666,10.8125,8.12202380952381,0.333333333333334,0.2788866755113586,0.9546637367378261,23,-0.25881904510252157,0.9659258262890681,7,-0.4999999999999997,-0.8660254037844388,6,-0.7818315,0.6234898,1,185,100,100
2021-07-05 00:00:00+00:00,13.0,1304191.0,1.0,26.0,88,0.0,1.5,194,982.7,13.0,12.0,10.0,10.0,12.666666666666666,12.333333333333334,10.9375,8.133928571428571,0.33333333333333554,0.4216370213557844,1.0365453817865797,0,0.0,1.0,7,-0.4999999999999997,-0.8660254037844388,0,0.0,1.0,0,186,100,100
2021-07-05 01:00:00+00:00,13.0,,,27.6,81,0.0,2.5,188,983.5,13.0,12.0,10.5,10.0,12.888888888888888,12.5,11.0625,8.151785714285714,0.19245008972988106,0.45946829173634174,1.0976616560269237,1,0.25881904510252074,0.9659258262890683,7,-0.4999999999999997,-0.8660254037844388,0,0.0,1.0,0,186,100,100
2021-07-05 02:00:00+00:00,13.0,1304191.0,1.0,29.2,73,0.0,3.4,198,983.3,13.0,12.0,11.0,10.0,13.0,12.666666666666666,11.1875,8.175595238095237,0.0,0.4216370213557859,1.1413532310675243,2,0.49999999999999994,0.8660254037844387,7,-0.4999999999999997,-0.8660254037844388,0,0.0,1.0,0,186,100,100
2021-07-05 03:00:00+00:00,13.0,1304191.0,1.0,30.5,68,0.0,2.5,180,983.3,13.0,12.333333333333334,11.0,10.0,13.0,12.833333333333334,11.3125,8.199404761904763,0.0,0.2788866755113633,1.1695745334832715,3,0.7071067811865476,0.7071067811865476,7,-0.4999999999999997,-0.8660254037844388,0,0.0,1.0,0,186,100,100
2021-07-05 04:00:00+00:00,13.5,,,31.1,64,0.0,1.6,207,983.0,13.0,12.666666666666666,12.0,10.0,13.0,12.944444444444445,11.4375,8.223214285714286,0.0,0.1360827634879674,1.1834328392539954,4,0.8660254037844386,0.5000000000000001,7,-0.4999999999999997,-0.8660254037844388,0,0.0,1.0,0,186,100,100
2021-07-05 05:00:00+00:00,14.0,1304191.0,1.0,32.7,58,0.0,1.1,162,982.1,13.5,13.0,12.0,10.0,13.166666666666666,13.083333333333334,11.583333333333334,8.25,0.28867513459481314,0.20412414523193137,1.2138492293902998,5,0.9659258262890683,0.25881904510252074,7,-0.4999999999999997,-0.8660254037844388,0,0.0,1.0,0,186,100,100
2021-07-05 06:00:00+00:00,14.0,1304191.0,1.0,32.9,57,0.0,2.3,252,981.2,14.0,13.0,12.0,11.0,13.5,13.25,11.75,8.285714285714286,0.5000000000000002,0.418330013267037,1.2607029708368722,6,1.0,6.123233995736766e-17,7,-0.4999999999999997,-0.8660254037844388,0,0.0,1.0,0,186,100,100
2021-07-05 07:00:00+00:00,14.0,1304191.0,1.0,32.1,63,0.4,9.5,261,980.2,14.0,13.0,12.0,11.0,13.833333333333334,13.416666666666666,11.875,8.321428571428571,0.28867513459481314,0.4915960401250862,1.3299322564566436,7,0.9659258262890683,-0.25881904510252063,7,-0.4999999999999997,-0.8660254037844388,0,0.0,1.0,0,186,100,100
2021-07-05 08:00:00+00:00,14.0,1304191.0,1.0,31.5,67,0.2,5.1,262,979.5,14.0,13.0,12.0,10.0,14.0,13.583333333333334,12.0,8.357142857142858,0.0,0.4915960401250855,1.3840010611262656,8,0.8660254037844387,-0.4999999999999998,7,-0.4999999999999997,-0.8660254037844388,0,0.0,1.0,0,186,100,100
2021-07-05 09:00:00+00:00,14.0,,,31.5,66,0.0,1.1,72,979.0,14.0,13.0,12.333333333333334,10.0,14.0,13.75,12.166666666666666,8.392857142857142,0.0,0.4183300132670343,1.3734895084973295,9,0.7071067811865476,-0.7071067811865475,7,-0.4999999999999997,-0.8660254037844388,0,0.0,1.0,0,186,100,100
2021-07-05 10:00:00+00:00,14.0,,,31.2,67,0.0,2.3,129,978.9,14.0,13.5,12.666666666666666,10.0,14.0,13.916666666666666,12.333333333333334,8.430952380952382,0.0,0.20412414523192274,1.3414607367392788,10,0.49999999999999994,-0.8660254037844387,7,-0.4999999999999997,-0.8660254037844388,0,0.0,1.0,0,186,100,100
2021-07-05 11:00:00+00:00,14.0,1304191.0,1.0,30.4,75,0.0,4.1,128,979.2,14.0,14.0,13.0,10.0,14.0,14.0,12.5,8.471428571428572,0.0,0.0,1.2863084280145212,11,0.258819045102521,-0.9659258262890682,7,-0.4999999999999997,-0.8660254037844388,0,0.0,1.0,0,186,100,100
2021-07-05 12:00:00+00:00,13.666666666666666,,,29.1,88,0.0,2.6,74,978.8,14.0,14.0,13.0,10.0,14.0,14.0,12.666666666666666,8.514285714285714,0.0,0.0,1.2048613286418213,12,1.2246467991473532e-16,-1.0,7,-0.4999999999999997,-0.8660254037844388,0,0.0,1.0,0,186,100,100
2021-07-05 13:00:00+00:00,13.333333333333334,,,28.5,93,0.0,4.1,52,979.7,13.666666666666666,14.0,13.0,10.5,13.888888888888888,13.944444444444445,12.819444444444445,8.557539682539684,0.19245008972987585,0.13608276348795464,1.0777914735921716,13,-0.2588190451025208,-0.9659258262890683,7,-0.4999999999999997,-0.8660254037844388,0,0.0,1.0,0,186,100,100
2021-07-05 14:00:00+00:00,13.0,1304191.0,1.0,28.3,93,0.0,3.7,61,980.3,13.333333333333334,14.0,13.0,11.0,13.666666666666666,13.833333333333334,12.9375,8.601190476190476,0.333333333333334,0.2788866755113586,0.9615965237024332,14,-0.4999999999999997,-0.8660254037844388,7,-0.4999999999999997,-0.8660254037844388,0,0.0,1.0,0,186,100,100
2021-07-05 15:00:00+00:00,13.0,,,28.3,92,0.0,2.9,180,981.1,13.0,14.0,13.0,11.0,13.333333333333334,13.666666666666666,13.020833333333334,8.642857142857142,0.33333333333333554,0.4216370213557844,0.8685493764456527,15,-0.7071067811865471,-0.7071067811865479,7,-0.4999999999999997,-0.8660254037844388,0,0.0,1.0,0,186,100,100
2021-07-05 16:00:00+00:00,13.0,1304191.0,1.0,27.7,88,0.4,10.4,180,981.9,13.0,14.0,13.5,12.0,13.111111111111112,13.5,13.104166666666666,8.68452380952381,0.19245008972988106,0.45946829173634174,0.7547154501058471,16,-0.8660254037844385,-0.5000000000000004,7,-0.4999999999999997,-0.8660254037844388,0,0.0,1.0,0,186,100,100
2021-07-05 17:00:00+00:00,13.0,1304191.0,1.0,26.8,86,0.2,10.9,171,981.6,13.0,14.0,14.0,12.0,13.0,13.333333333333334,13.145833333333334,8.726190476190476,0.0,0.4216370213557859,0.7178074843170072,17,-0.9659258262890683,-0.25881904510252063,7,-0.4999999999999997,-0.8660254037844388,0,0.0,1.0,0,186,100,100
2021-07-05 18:00:00+00:00,13.0,1304191.0,1.0,25.2,93,3.7,8.4,160,981.4,13.0,13.666666666666666,14.0,12.0,13.0,13.166666666666666,13.1875,8.767857142857142,0.0,0.2788866755113633,0.6762222785806103,18,-1.0,-1.8369701987210297e-16,7,-0.4999999999999997,-0.8660254037844388,0,0.0,1.0,0,186,100,100
2021-07-05 19:00:00+00:00,12.0,1304191.0,1.0,24.9,95,1.7,6.0,107,980.8,13.0,13.333333333333334,14.0,12.0,13.0,13.055555555555555,13.229166666666666,8.80952380952381,0.0,0.1360827634879674,0.6290328824077462,19,-0.9659258262890684,0.2588190451025203,7,-0.4999999999999997,-0.8660254037844388,0,0.0,1.0,0,186,100,100
2021-07-05 20:00:00+00:00,12.0,1304191.0,1.0,24.6,96,0.0,3.9,56,980.5,12.0,13.0,14.0,12.0,12.666666666666666,12.833333333333334,13.229166666666666,8.845238095238095,0.5773502691896255,0.4082482904638632,0.6290328824077462,20,-0.8660254037844386,0.5000000000000001,7,-0.4999999999999997,-0.8660254037844388,0,0.0,1.0,0,186,100,100
2021-07-05 21:00:00+00:00,12.0,1304191.0,1.0,24.5,98,0.0,4.4,325,980.8,12.0,13.0,14.0,12.333333333333334,12.333333333333334,12.666666666666666,13.229166666666666,8.880952380952381,0.5773502691896255,0.5163977794943228,0.6290328824077462,21,-0.7071067811865477,0.7071067811865474,7,-0.4999999999999997,-0.8660254037844388,0,0.0,1.0,0,186,100,100
2021-07-05 22:00:00+00:00,11.0,1304191.0,1.0,24.4,98,0.0,3.7,331,981.2,12.0,13.0,14.0,12.666666666666666,12.0,12.5,13.215277777777779,8.916666666666666,0.0,0.5477225575051671,0.6528998241343826,22,-0.5000000000000004,0.8660254037844384,7,-0.4999999999999997,-0.8660254037844388,0,0.0,1.0,0,186,100,100
2021-07-05 23:00:00+00:00,11.0,1304191.0,1.0,24.4,98,0.0,4.7,337,981.3,11.0,13.0,14.0,13.0,11.666666666666666,12.166666666666666,13.145833333333334,8.946428571428571,0.5773502691896255,0.7527726527090824,0.7883703303513047,23,-0.25881904510252157,0.9659258262890681,7,-0.4999999999999997,-0.8660254037844388,0,0.0,1.0,0,186,100,100
2021-07-06 00:00:00+00:00,12.0,1304191.0,1.0,25.1,96,0.0,1.5,76,981.1,11.0,13.0,13.666666666666666,13.0,11.333333333333334,11.833333333333334,13.0625,8.976190476190476,0.5773502691896255,0.7527726527090833,0.9019738151883789,0,0.0,1.0,7,-0.4999999999999997,-0.8660254037844388,1,0.7818315,0.6234898,0,187,100,100
2021-07-06 01:00:00+00:00,12.0,1304191.0,1.0,26.5,88,0.0,1.3,236,981.9,12.0,12.0,13.333333333333334,13.0,11.333333333333334,11.666666666666666,13.020833333333334,9.011904761904763,0.5773502691896255,0.5163977794943266,0.9277166661006184,1,0.25881904510252074,0.9659258262890683,7,-0.4999999999999997,-0.8660254037844388,1,0.7818315,0.6234898,0,187,100,100
2021-07-06 02:00:00+00:00,12.0,1304191.0,1.0,27.4,87,0.6,4.0,185,982.6,12.0,12.0,13.0,13.0,11.666666666666666,11.666666666666666,12.979166666666666,9.047619047619047,0.5773502691896255,0.5163977794943266,0.9508609117165431,2,0.49999999999999994,0.8660254037844387,7,-0.4999999999999997,-0.8660254037844388,1,0.7818315,0.6234898,0,187,100,100
2021-07-06 03:00:00+00:00,12.5,,,26.8,86,5.2,7.4,157,982.8,12.0,12.0,13.0,13.0,12.0,11.666666666666666,12.9375,9.083333333333334,0.0,0.5163977794943266,0.9715922734841955,3,0.7071067811865476,0.7071067811865476,7,-0.4999999999999997,-0.8660254037844388,1,0.7818315,0.6234898,0,187,100,100
2021-07-06 04:00:00+00:00,13.0,1304191.0,1.0,26.0,91,5.7,6.7,164,982.9,12.5,11.0,13.0,13.5,12.166666666666666,11.75,12.916666666666666,9.12202380952381,0.28867513459481314,0.6123724356957977,0.9755464218869898,4,0.8660254037844386,0.5000000000000001,7,-0.4999999999999997,-0.8660254037844388,1,0.7818315,0.6234898,0,187,100,100
2021-07-06 05:00:00+00:00,13.0,1304191.0,1.0,26.9,90,0.5,4.0,180,982.4,13.0,11.0,13.0,14.0,12.5,12.083333333333334,12.895833333333334,9.163690476190476,0.5000000000000002,0.6645800679125639,0.9678559650498609,5,0.9659258262890683,0.25881904510252074,7,-0.4999999999999997,-0.8660254037844388,1,0.7818315,0.6234898,0,187,100,100
2021-07-06 06:00:00+00:00,12.5,,,27.6,87,0.4,3.4,162,981.1,13.0,12.0,13.0,14.0,12.833333333333334,12.416666666666666,12.854166666666666,9.211309523809524,0.28867513459481314,0.49159604012508723,0.9393600710034706,6,1.0,6.123233995736766e-17,7,-0.4999999999999997,-0.8660254037844388,1,0.7818315,0.6234898,0,187,100,100
2021-07-06 07:00:00+00:00,12.0,1304191.0,1.0,28.1,83,0.6,0.8,153,979.9,12.5,12.0,12.0,14.0,12.833333333333334,12.5,12.791666666666666,9.255952380952381,0.28867513459481314,0.4472135954999573,0.9092253962887977,7,0.9659258262890683,-0.25881904510252063,7,-0.4999999999999997,-0.8660254037844388,1,0.7818315,0.6234898,0,187,100,100
2021-07-06 08:00:00+00:00,12.0,1304191.0,1.0,27.5,89,1.9,1.1,360,979.4,12.0,12.0,12.0,14.0,12.5,12.5,12.708333333333334,9.297619047619047,0.5000000000000002,0.4472135954999573,0.8849929719421302,8,0.8660254037844387,-0.4999999999999998,7,-0.4999999999999997,-0.8660254037844388,1,0.7818315,0.6234898,0,187,100,100
2021-07-06 09:00:00+00:00,12.0,1304191.0,1.0,27.6,86,0.7,4.3,66,979.0,12.0,12.5,12.0,14.0,12.166666666666666,12.5,12.625,9.339285714285714,0.28867513459481314,0.4472135954999573,0.8516111471171679,9,0.7071067811865476,-0.7071067811865475,7,-0.4999999999999997,-0.8660254037844388,1,0.7818315,0.6234898,0,187,100,100
2021-07-06 10:00:00+00:00,11.0,1304191.0,1.0,26.9,88,0.5,4.0,85,978.9,12.0,13.0,11.0,14.0,12.0,12.416666666666666,12.541666666666666,9.380952380952381,0.0,0.49159604012508723,0.8079466429030351,10,0.49999999999999994,-0.8660254037844387,7,-0.4999999999999997,-0.8660254037844388,1,0.7818315,0.6234898,0,187,100,100
2021-07-06 11:00:00+00:00,11.0,1304191.0,1.0,26.1,92,0.8,3.2,117,979.9,11.0,13.0,11.0,14.0,11.666666666666666,12.083333333333334,12.416666666666666,9.410714285714286,0.5773502691896255,0.6645800679125631,0.8045762830021779,11,0.258819045102521,-0.9659258262890682,7,-0.4999999999999997,-0.8660254037844388,1,0.7818315,0.6234898,0,187,100,100
2021-07-06 12:00:00+00:00,11.0,1304191.0,1.0,25.5,99,0.2,0.8,333,980.5,11.0,12.5,12.0,13.666666666666666,11.333333333333334,11.75,12.291666666666666,9.44047619047619,0.5773502691896255,0.612372435695795,0.7805764004303122,12,1.2246467991473532e-16,-1.0,7,-0.4999999999999997,-0.8660254037844388,1,0.7818315,0.6234898,0,187,100,100
2021-07-06 13:00:00+00:00,11.0,1304191.0,1.0,24.8,99,0.0,2.6,304,981.4,11.0,12.0,12.0,13.333333333333334,11.0,11.5,12.180555555555555,9.470238095238095,0.0,0.5477225575051665,0.7659994996701401,13,-0.2588190451025208,-0.9659258262890683,7,-0.4999999999999997,-0.8660254037844388,1,0.7818315,0.6234898,0,187,100,100
2021-07-06 14:00:00+00:00,11.0,,,24.8,100,0.0,1.9,338,982.3,11.0,12.0,12.0,13.0,11.0,11.333333333333334,12.083333333333334,9.494047619047619,0.0,0.5163977794943228,0.7613869876272424,14,-0.4999999999999997,-0.8660254037844388,7,-0.4999999999999997,-0.8660254037844388,1,0.7818315,0.6234898,0,187,100,100
2021-07-06 15:00:00+00:00,11.0,,,24.5,100,0.0,2.2,9,983.1,11.0,12.0,12.5,13.0,11.0,11.166666666666666,12.0,9.517857142857142,0.0,0.4082482904638641,0.7661308776832381,15,-0.7071067811865471,-0.7071067811865479,7,-0.4999999999999997,-0.8660254037844388,1,0.7818315,0.6234898,0,187,100,100
2021-07-06 16:00:00+00:00,11.0,1304191.0,1.0,24.4,100,0.0,2.7,23,983.3,11.0,11.0,13.0,13.0,11.0,11.0,11.916666666666666,9.541666666666666,0.0,0.0,0.7613869876272529,16,-0.8660254037844385,-0.5000000000000004,7,-0.4999999999999997,-0.8660254037844388,1,0.7818315,0.6234898,0,187,100,100
2021-07-06 17:00:00+00:00,11.0,,,24.5,100,0.0,2.3,39,982.9,11.0,11.0,13.0,13.0,11.0,11.0,11.833333333333334,9.5625,0.0,0.0,0.7469745741946833,17,-0.9659258262890683,-0.25881904510252063,7,-0.4999999999999997,-0.8660254037844388,1,0.7818315,0.6234898,0,187,100,100
2021-07-06 18:00:00+00:00,11.0,1304191.0,1.0,24.1,100,0.0,2.5,82,982.5,11.0,11.0,12.5,13.0,11.0,11.0,11.75,9.580357142857142,0.0,0.0,0.722315118515019,18,-1.0,-1.8369701987210297e-16,7,-0.4999999999999997,-0.8660254037844388,1,0.7818315,0.6234898,0,187,100,100
2021-07-06 19:00:00+00:00,10.5,,,24.2,100,0.1,1.5,284,981.9,11.0,11.0,12.0,12.0,11.0,11.0,11.666666666666666,9.598214285714286,0.0,0.0,0.6863049560903774,19,-0.9659258262890684,0.2588190451025203,7,-0.4999999999999997,-0.8660254037844388,1,0.7818315,0.6234898,0,187,100,100
2021-07-06 20:00:00+00:00,10.0,1304191.0,1.0,24.0,100,0.3,3.3,41,981.6,10.5,11.0,12.0,12.0,10.833333333333334,10.916666666666666,11.604166666666666,9.613095238095237,0.28867513459481314,0.20412414523193137,0.7220015456248389,20,-0.8660254037844386,0.5000000000000001,7,-0.4999999999999997,-0.8660254037844388,1,0.7818315,0.6234898,0,187,100,100
2021-07-06 21:00:00+00:00,10.0,1304191.0,1.0,23.8,99,0.7,1.8,90,981.4,10.0,11.0,12.0,12.0,10.5,10.75,11.520833333333334,9.625,0.5000000000000002,0.418330013267037,0.7868369073964354,21,-0.7071067811865477,0.7071067811865474,7,-0.4999999999999997,-0.8660254037844388,1,0.7818315,0.6234898,0,187,100,100
2021-07-06 22:00:00+00:00,10.0,1304191.0,1.0,23.6,99,0.2,3.1,135,981.4,10.0,11.0,11.0,11.0,10.166666666666666,10.583333333333334,11.4375,9.636904761904763,0.28867513459481314,0.4915960401250862,0.8381203088903937,22,-0.5000000000000004,0.8660254037844384,7,-0.4999999999999997,-0.8660254037844388,1,0.7818315,0.6234898,0,187,100,100
2021-07-06 23:00:00+00:00,9.5,,,23.9,98,0.1,3.1,144,981.8,10.0,11.0,11.0,11.0,10.0,10.416666666666666,11.395833333333334,9.648561507936508,0.0,0.4915960401250855,0.8843957242671799,23,-0.25881904510252157,0.9659258262890681,7,-0.4999999999999997,-0.8660254037844388,1,0.7818315,0.6234898,0,187,100,100
2021-07-07 00:00:00+00:00,9.0,1304191.0,1.0,23.9,98,0.1,1.1,18,983.4,9.5,11.0,11.0,12.0,9.833333333333334,10.166666666666666,11.333333333333334,9.656994047619047,0.28867513459481314,0.516397779494319,0.9630868246864793,0,0.0,1.0,7,-0.4999999999999997,-0.8660254037844388,2,0.9749279,-0.22252093,0,188,100,100
2021-07-07 01:00:00+00:00,9.0,1304191.0,1.0,25.5,94,0.1,1.6,243,983.9,9.0,10.5,11.0,12.0,9.5,9.833333333333334,11.208333333333334,9.662202380952381,0.5000000000000002,0.5163977794943168,1.0623667861931858,1,0.25881904510252074,0.9659258262890683,7,-0.4999999999999997,-0.8660254037844388,2,0.9749279,-0.22252093,0,188,100,100
2021-07-07 02:00:00+00:00,9.0,1304191.0,1.0,26.2,91,0.5,2.3,231,984.1,9.0,10.0,11.0,12.0,9.166666666666666,9.583333333333334,11.083333333333334,9.667162698412698,0.28867513459481314,0.4915960401250798,1.1389036172020952,2,0.49999999999999994,0.8660254037844387,7,-0.4999999999999997,-0.8660254037844388,2,0.9749279,-0.22252093,0,188,100,100
2021-07-07 03:00:00+00:00,8.923076923076923,,,27.5,88,0.1,0.4,90,984.2,9.0,10.0,11.0,12.5,9.0,9.416666666666666,10.958333333333334,9.671875,0.0,0.4915960401250787,1.1970676733140118,3,0.7071067811865476,0.7071067811865476,7,-0.4999999999999997,-0.8660254037844388,2,0.9749279,-0.22252093,0,188,100,100
2021-07-07 04:00:00+00:00,8.846153846153847,,,28.9,81,0.1,0.7,180,983.7,8.923076923076923,10.0,11.0,13.0,8.974358974358974,9.237179487179487,10.80929487179487,9.67588141025641,0.04441155916843259,0.42857729872939326,1.2192436494615213,4,0.8660254037844386,0.5000000000000001,7,-0.4999999999999997,-0.8660254037844388,2,0.9749279,-0.22252093,0,188,100,100
2021-07-07 05:00:00+00:00,8.76923076923077,,,29.6,72,0.0,2.2,99,982.9,8.846153846153847,9.5,11.0,13.0,8.923076923076923,9.044871794871796,10.636217948717949,9.679181929181928,0.07692307692307665,0.23130280195726843,1.1892007835347127,5,0.9659258262890683,0.25881904510252074,7,-0.4999999999999997,-0.8660254037844388,2,0.9749279,-0.22252093,0,188,100,100
2021-07-07 06:00:00+00:00,8.692307692307692,,,30.4,65,0.0,2.1,211,981.7,8.76923076923077,9.0,11.0,12.5,8.846153846153847,8.923076923076923,10.459935897435898,9.681776556776557,0.07692307692307665,0.09730085108204767,1.1359526254239882,6,1.0,6.123233995736766e-17,7,-0.4999999999999997,-0.8660254037844388,2,0.9749279,-0.22252093,0,188,100,100
2021-07-07 07:00:00+00:00,8.615384615384615,,,30.2,68,0.0,6.2,263,980.9,8.692307692307692,9.0,10.5,12.0,8.769230769230768,8.871794871794872,10.301282051282051,9.683665293040294,0.07692307692307776,0.1256148586042215,1.1040926895790693,7,0.9659258262890683,-0.25881904510252063,7,-0.4999999999999997,-0.8660254037844388,2,0.9749279,-0.22252093,0,188,100,100
2021-07-07 08:00:00+00:00,8.538461538461538,,,30.7,68,0.0,3.7,259,980.1,8.615384615384615,9.0,10.0,12.0,8.692307692307692,8.807692307692308,10.16025641025641,9.684848137973137,0.07692307692307886,0.14390989949126654,1.0937920731985074,8,0.8660254037844387,-0.4999999999999998,7,-0.4999999999999997,-0.8660254037844388,2,0.9749279,-0.22252093,0,188,100,100
2021-07-07 09:00:00+00:00,8.461538461538462,,,30.5,73,0.3,1.5,194,979.9,8.538461538461538,8.923076923076923,10.0,12.0,8.615384615384615,8.730769230769232,10.01602564102564,9.685325091575091,0.07692307692307997,0.143909899491266,1.0685843349591442,9,0.7071067811865476,-0.7071067811865475,7,-0.4999999999999997,-0.8660254037844388,2,0.9749279,-0.22252093,0,188,100,100
2021-07-07 10:00:00+00:00,8.384615384615385,,,29.7,74,0.0,2.4,27,979.8,8.461538461538462,8.846153846153847,10.0,11.0,8.538461538461538,8.653846153846155,9.868589743589745,9.685096153846153,0.07692307692308308,0.14390989949126548,1.0262139564780772,10,0.49999999999999994,-0.8660254037844387,7,-0.4999999999999997,-0.8660254037844388,2,0.9749279,-0.22252093,0,188,100,100
2021-07-07 11:00:00+00:00,8.307692307692308,,,28.0,89,1.4,0.8,243,980.5,8.384615384615385,8.76923076923077,9.5,11.0,8.461538461538462,8.576923076923078,9.759615384615385,9.684161324786325,0.07692307692308618,0.14390989949126495,1.0396221682119893,11,0.258819045102521,-0.9659258262890682,7,-0.4999999999999997,-0.8660254037844388,2,0.9749279,-0.22252093,0,188,100,100
2021-07-07 12:00:00+00:00,8.23076923076923,,,27.6,84,3.2,7.6,71,980.3,8.307692307692308,8.692307692307692,9.0,11.0,8.384615384615385,8.5,9.647435897435898,9.682520604395604,0.07692307692308929,0.14390989949126445,1.0452008906474708,12,1.2246467991473532e-16,-1.0,7,-0.4999999999999997,-0.8660254037844388,2,0.9749279,-0.22252093,0,188,100,100
2021-07-07 13:00:00+00:00,8.153846153846153,,,26.9,86,0.3,4.2,70,981.2,8.23076923076923,8.615384615384615,9.0,11.0,8.307692307692308,8.423076923076922,9.532051282051283,9.680173992673993,0.0769230769230935,0.14390989949126495,1.0422430015265969,13,-0.2588190451025208,-0.9659258262890683,7,-0.4999999999999997,-0.8660254037844388,2,0.9749279,-0.22252093,0,188,100,100
2021-07-07 14:00:00+00:00,8.076923076923077,,,26.3,91,0.4,4.0,80,982.1,8.153846153846153,8.538461538461538,9.0,11.0,8.230769230769232,8.346153846153847,9.413461538461538,9.67712148962149,0.07692307692309772,0.14390989949126548,1.029800997858293,14,-0.4999999999999997,-0.8660254037844388,7,-0.4999999999999997,-0.8660254037844388,2,0.9749279,-0.22252093,0,188,100,100
2021-07-07 15:00:00+00:00,8.0,,,26.9,84,0.3,2.8,130,982.8,8.076923076923077,8.461538461538462,8.923076923076923,11.0,8.153846153846153,8.269230769230768,9.291666666666666,9.673363095238095,0.07692307692310194,0.143909899491266,1.0065975228570954,15,-0.7071067811865471,-0.7071067811865479,7,-0.4999999999999997,-0.8660254037844388,2,0.9749279,-0.22252093,0,188,100,100
2021-07-07 16:00:00+00:00,7.923076923076923,,,25.9,96,1.5,1.8,53,982.9,8.0,8.384615384615385,8.846153846153847,11.0,8.076923076923077,8.192307692307692,9.166666666666666,9.66889880952381,0.07692307692310726,0.14390989949126654,0.9708688887326717,16,-0.8660254037844385,-0.5000000000000004,7,-0.4999999999999997,-0.8660254037844388,2,0.9749279,-0.22252093,0,188,100,100
2021-07-07 17:00:00+00:00,7.846153846153847,,,25.7,97,0.4,3.4,212,982.7,7.923076923076923,8.307692307692308,8.76923076923077,11.0,8.0,8.115384615384615,9.038461538461538,9.663728632478632,0.0769230769231126,0.14390989949126706,0.9200759467991928,17,-0.9659258262890683,-0.25881904510252063,7,-0.4999999999999997,-0.8660254037844388,2,0.9749279,-0.22252093,0,188,100,100
2021-07-07 18:00:00+00:00,7.769230769230769,,,25.5,93,0.0,7.1,210,982.2,7.846153846153847,8.23076923076923,8.692307692307692,11.0,7.923076923076923,8.038461538461538,8.907051282051283,9.657852564102564,0.07692307692311792,0.14390989949126756,0.8503178680963523,18,-1.0,-1.8369701987210297e-16,7,-0.4999999999999997,-0.8660254037844388,2,0.9749279,-0.22252093,0,188,100,100
2021-07-07 19:00:00+00:00,7.6923076923076925,,,24.2,99,0.5,5.8,176,981.6,7.769230769230769,8.153846153846153,8.615384615384615,10.5,7.846153846153847,7.961538461538463,8.772435897435898,9.651270604395604,0.0769230769231238,0.14390989949126887,0.7549610098575802,19,-0.9659258262890684,0.2588190451025203,7,-0.4999999999999997,-0.8660254037844388,2,0.9749279,-0.22252093,0,188,100,100
2021-07-07 20:00:00+00:00,7.615384615384615,,,23.9,99,1.2,4.8,117,981.4,7.6923076923076925,8.076923076923077,8.538461538461538,10.0,7.769230769230769,7.884615384615384,8.655448717948717,9.643982753357752,0.07692307692312969,0.14390989949127017,0.6903986282173133,20,-0.8660254037844386,0.5000000000000001,7,-0.4999999999999997,-0.8660254037844388,2,0.9749279,-0.22252093,0,188,100,100
2021-07-07 21:00:00+00:00,7.538461538461538,,,23.6,100,1.7,3.1,45,981.6,7.615384615384615,8.0,8.461538461538462,10.0,7.6923076923076925,7.8076923076923075,8.556089743589745,9.635989010989011,0.0769230769231358,0.1439098994912716,0.6593784412789986,21,-0.7071067811865477,0.7071067811865474,7,-0.4999999999999997,-0.8660254037844388,2,0.9749279,-0.22252093,0,188,100,100
2021-07-07 22:00:00+00:00,7.461538461538462,,,23.5,100,2.6,0.8,63,981.8,7.538461538461538,7.923076923076923,8.384615384615385,10.0,7.615384615384616,7.730769230769231,8.45352564102564,9.627289377289378,0.07692307692314168,0.1439098994912725,0.6149642342025761,22,-0.5000000000000004,0.8660254037844384,7,-0.4999999999999997,-0.8660254037844388,2,0.9749279,-0.22252093,0,188,100,100
2021-07-07 23:00:00+00:00,7.384615384615385,,,23.4,100,3.2,0.0,270,982.0,7.461538461538462,7.846153846153847,8.307692307692308,9.5,7.538461538461537,7.653846153846154,8.34775641025641,9.618131868131869,0.07692307692314757,0.14390989949127303,0.5525485503773292,23,-0.25881904510252157,0.9659258262890681,7,-0.4999999999999997,-0.8660254037844388,2,0.9749279,-0.22252093,0,188,100,100
2021-07-08 00:00:00+00:00,7.3076923076923075,,,23.6,99,0.7,4.5,119,982.6,7.384615384615385,7.769230769230769,8.23076923076923,9.0,7.461538461538463,7.5769230769230775,8.259615384615385,9.608516483516484,0.07692307692315445,0.14390989949127353,0.528971557039107,0,0.0,1.0,7,-0.4999999999999997,-0.8660254037844388,3,0.43388373,-0.90096885,0,189,100,100
2021-07-08 01:00:00+00:00,7.230769230769231,,,24.2,98,1.0,3.0,104,983.3,7.3076923076923075,7.6923076923076925,8.153846153846153,9.0,7.384615384615384,7.5,8.189102564102564,9.598681318681319,0.07692307692316189,0.14390989949127458,0.5386904275433474,1,0.25881904510252074,0.9659258262890683,7,-0.4999999999999997,-0.8660254037844388,3,0.43388373,-0.90096885,0,189,100,100
2021-07-08 02:00:00+00:00,7.153846153846154,,,24.5,98,1.6,1.1,90,983.6,7.230769230769231,7.615384615384615,8.076923076923077,9.0,7.3076923076923075,7.4230769230769225,8.115384615384615,9.588626373626372,0.07692307692316933,0.1439098994912756,0.5439282932213452,2,0.49999999999999994,0.8660254037844387,7,-0.4999999999999997,-0.8660254037844388,3,0.43388373,-0.90096885,0,189,100,100
2021-07-08 03:00:00+00:00,7.076923076923077,,,24.8,98,1.4,0.8,27,983.5,7.153846153846154,7.538461538461538,8.0,8.923076923076923,7.230769230769231,7.346153846153847,8.038461538461538,9.578351648351648,0.07692307692317676,0.14390989949127692,0.5439282932213537,3,0.7071067811865476,0.7071067811865476,7,-0.4999999999999997,-0.8660254037844388,3,0.43388373,-0.90096885,0,189,100,100
2021-07-08 04:00:00+00:00,7.0,1304191.0,1.0,25.0,98,1.1,1.3,124,983.3,7.076923076923077,7.461538461538462,7.923076923076923,8.846153846153847,7.153846153846154,7.269230769230769,7.961538461538461,9.567857142857143,0.07692307692318531,0.14390989949127836,0.5439282932213623,4,0.8660254037844386,0.5000000000000001,7,-0.4999999999999997,-0.8660254037844388,3,0.43388373,-0.90096885,0,189,100,100
2021-07-08 05:00:00+00:00,7.0,1304191.0,1.0,25.6,98,1.0,4.5,194,982.8,7.0,7.384615384615385,7.846153846153847,8.76923076923077,7.076923076923077,7.1923076923076925,7.884615384615384,9.557142857142857,0.07692307692319386,0.14390989949127925,0.5439282932213708,5,0.9659258262890683,0.25881904510252074,7,-0.4999999999999997,-0.8660254037844388,3,0.43388373,-0.90096885,0,189,100,100
2021-07-08 06:00:00+00:00,7.0,1304191.0,1.0,25.9,96,0.8,6.8,183,982.2,7.0,7.3076923076923075,7.769230769230769,8.692307692307692,7.0256410256410255,7.128205128205128,7.810897435897435,9.546666666666667,0.04441155916864515,0.12561485860423607,0.5386904275433899,6,1.0,6.123233995736766e-17,7,-0.4999999999999997,-0.8660254037844388,3,0.43388373,-0.90096885,0,189,100,100
2021-07-08 07:00:00+00:00,7.0,,,26.1,95,0.5,5.7,162,981.3,7.0,7.230769230769231,7.6923076923076925,8.615384615384615,7.0,7.076923076923077,7.740384615384616,9.536428571428571,1.3909170919156673e-07,0.09730085108206683,0.5289715570391668,7,0.9659258262890683,-0.25881904510252063,7,-0.4999999999999997,-0.8660254037844388,3,0.43388373,-0.90096885,0,189,100,100
2021-07-08 08:00:00+00:00,7.0,1304191.0,1.0,26.5,90,0.4,3.8,163,980.6,7.0,7.153846153846154,7.615384615384615,8.538461538461538,7.0,7.038461538461537,7.6730769230769225,9.526428571428571,1.3909170919156673e-07,0.06435846357948911,0.5153921029766375,8,0.8660254037844387,-0.4999999999999998,7,-0.4999999999999997,-0.8660254037844388,3,0.43388373,-0.90096885,0,189,100,100
2021-07-08 09:00:00+00:00,7.0,1304191.0,1.0,25.8,95,0.3,4.7,171,980.0,7.0,7.076923076923077,7.538461538461538,8.461538461538462,7.0,7.012820512820512,7.608974358974359,9.516666666666666,1.3909170919156673e-07,0.03140371465095457,0.49847550801512724,9,0.7071067811865476,-0.7071067811865475,7,-0.4999999999999997,-0.8660254037844388,3,0.43388373,-0.90096885,0,189,100,100
2021-07-08 10:00:00+00:00,6.5,,,25.8,95,0.2,3.2,180,979.8,7.0,7.0,7.461538461538462,8.384615384615385,7.0,7.0,7.5480769230769225,9.507142857142858,1.3909170919156673e-07,0.0,0.47867436576926087,10,0.49999999999999994,-0.8660254037844387,7,-0.4999999999999997,-0.8660254037844388,3,0.43388373,-0.90096885,0,189,100,100
2021-07-08 11:00:00+00:00,6.0,1304191.0,1.0,25.4,98,0.6,4.0,170,980.2,6.5,7.0,7.384615384615385,8.307692307692308,6.833333333333333,6.916666666666667,7.469551282051282,9.494880952380953,0.2886751345948515,0.2041241452319316,0.4899267213225855,11,0.258819045102521,-0.9659258262890682,7,-0.4999999999999997,-0.8660254037844388,3,0.43388373,-0.90096885,0,189,100,100
2021-07-08 12:00:00+00:00,6.0,,,25.0,94,0.8,3.9,158,980.1,6.0,7.0,7.3076923076923075,8.23076923076923,6.5,6.75,7.373397435897435,9.479880952380952,0.5000000000000283,0.4183300132670379,0.5419712619810907,12,1.2246467991473532e-16,-1.0,7,-0.4999999999999997,-0.8660254037844388,3,0.43388373,-0.90096885,0,189,100,100
2021-07-08 13:00:00+00:00,6.0,1304191.0,1.0,24.9,95,0.0,6.9,171,981.3,6.0,7.0,7.230769230769231,8.153846153846153,6.166666666666667,6.583333333333333,7.280448717948718,9.465119047619048,0.2886751345948723,0.49159604012508773,0.5785905853303253,13,-0.2588190451025208,-0.9659258262890683,7,-0.4999999999999997,-0.8660254037844388,3,0.43388373,-0.90096885,0,189,100,100
2021-07-08 14:00:00+00:00,6.0,,,24.5,96,0.1,5.7,198,981.8,6.0,7.0,7.153846153846154,8.076923076923077,6.0,6.416666666666667,7.190705128205128,9.450595238095238,1.9285349705136997e-07,0.4915960401250881,0.6037230309979615,14,-0.4999999999999997,-0.8660254037844388,7,-0.4999999999999997,-0.8660254037844388,3,0.43388373,-0.90096885,0,189,100,100
2021-07-08 15:00:00+00:00,6.0,1304191.0,1.0,24.5,96,0.0,4.0,180,982.4,6.0,7.0,7.076923076923077,8.0,6.0,6.25,7.104166666666667,9.436309523809523,1.9285349705136997e-07,0.4183300132670391,0.6198084269076929,15,-0.7071067811865471,-0.7071067811865479,7,-0.4999999999999997,-0.8660254037844388,3,0.43388373,-0.90096885,0,189,100,100
2021-07-08 16:00:00+00:00,6.0,1304191.0,1.0,24.5,96,0.0,4.1,165,982.7,6.0,6.5,7.0,7.923076923076923,6.0,6.083333333333333,7.020833333333333,9.422261904761905,1.9285349705136997e-07,0.20412414523193606,0.6285157526134014,16,-0.8660254037844385,-0.5000000000000004,7,-0.4999999999999997,-0.8660254037844388,3,0.43388373,-0.90096885,0,189,100,100
2021-07-08 17:00:00+00:00,6.0,1304191.0,1.0,24.2,97,0.0,4.3,185,982.5,6.0,6.0,7.0,7.846153846153847,6.0,6.0,6.940705128205128,9.40845238095238,1.9285349705136997e-07,0.0,0.6310688543896404,17,-0.9659258262890683,-0.25881904510252063,7,-0.4999999999999997,-0.8660254037844388,3,0.43388373,-0.90096885,0,189,100,100
2021-07-08 18:00:00+00:00,6.0,,,24.1,96,0.1,5.7,198,982.2,6.0,6.0,7.0,7.769230769230769,6.0,6.0,6.863782051282051,9.394880952380952,1.9285349705136997e-07,0.0,0.628413412790745,18,-1.0,-1.8369701987210297e-16,7,-0.4999999999999997,-0.8660254037844388,3,0.43388373,-0.90096885,0,189,100,100
2021-07-08 19:00:00+00:00,6.0,,,23.6,99,0.5,4.7,212,981.7,6.0,6.0,7.0,7.6923076923076925,6.0,6.0,6.790064102564102,9.381547619047618,1.9285349705136997e-07,0.0,0.6213112567227074,19,-0.9659258262890684,0.2588190451025203,7,-0.4999999999999997,-0.8660254037844388,3,0.43388373,-0.90096885,0,189,100,100
2021-07-08 20:00:00+00:00,6.0,1304191.0,1.0,23.5,99,1.1,4.5,209,981.6,6.0,6.0,7.0,7.615384615384615,6.0,6.0,6.719551282051282,9.368452380952382,1.9285349705136997e-07,0.0,0.6103977673247216,20,-0.8660254037844386,0.5000000000000001,7,-0.4999999999999997,-0.8660254037844388,3,0.43388373,-0.90096885,0,189,100,100
2021-07-08 21:00:00+00:00,6.0,1304191.0,1.0,23.4,99,1.6,4.2,200,981.7,6.0,6.0,7.0,7.538461538461538,6.0,6.0,6.6522435897435885,9.355595238095239,1.9285349705136997e-07,0.0,0.5962190240210079,21,-0.7071067811865477,0.7071067811865474,7,-0.4999999999999997,-0.8660254037844388,3,0.43388373,-0.90096885,0,189,100,100
2021-07-08 22:00:00+00:00,6.0,1304191.0,1.0,23.1,99,0.5,3.6,217,981.9,6.0,6.0,6.5,7.461538461538462,6.0,6.0,6.5881410256410255,9.34297619047619,1.9285349705136997e-07,0.0,0.5792571698998314,22,-0.5000000000000004,0.8660254037844384,7,-0.4999999999999997,-0.8660254037844388,3,0.43388373,-0.90096885,0,189,100,100
2021-07-08 23:00:00+00:00,6.0,,,23.1,99,0.1,2.6,254,982.2,6.0,6.0,6.0,7.384615384615385,6.0,6.0,6.5272435897435885,9.330595238095238,1.9285349705136997e-07,0.0,0.5599486321349404,23,-0.25881904510252157,0.9659258262890681,7,-0.4999999999999997,-0.8660254037844388,3,0.43388373,-0.90096885,0,189,100,100
2021-07-09 00:00:00+00:00,6.0,1304191.0,1.0,23.5,97,0.1,2.3,219,982.8,6.0,6.0,6.0,7.3076923076923075,6.0,6.0,6.469551282051282,9.318452380952381,1.9285349705136997e-07,0.0,0.53869788968056,0,0.0,1.0,7,-0.4999999999999997,-0.8660254037844388,4,-0.43388373,-0.90096885,0,190,100,100
2021-07-09 01:00:00+00:00,6.0,,,24.8,91,0.0,0.8,243,983.7,6.0,6.0,6.0,7.230769230769231,6.0,6.0,6.415064102564102,9.306547619047619,1.9285349705136997e-07,0.0,0.5158884332579543,1,0.25881904510252074,0.9659258262890683,7,-0.4999999999999997,-0.8660254037844388,4,-0.43388373,-0.90096885,0,190,100,100
2021-07-09 02:00:00+00:00,6.0,,,25.8,91,0.1,1.8,191,984.2,6.0,6.0,6.0,7.153846153846154,6.0,6.0,6.363782051282051,9.300595238095237,1.9285349705136997e-07,0.0,0.49189196058129087,2,0.49999999999999994,0.8660254037844387,7,-0.4999999999999997,-0.8660254037844388,4,-0.43388373,-0.90096885,0,190,100,100
2021-07-09 03:00:00+00:00,6.0,1304191.0,1.0,27.0,87,0.3,3.3,257,984.1,6.0,6.0,6.0,7.076923076923077,6.0,6.0,6.315705128205128,9.294642857142858,1.9285349705136997e-07,0.0,0.4670764690319558,3,0.7071067811865476,0.7071067811865476,7,-0.4999999999999997,-0.8660254037844388,4,-0.43388373,-0.90096885,0,190,100,100
2021-07-09 04:00:00+00:00,6.0,,,27.4,83,0.3,4.7,171,984.0,6.0,6.0,6.0,7.0,6.0,6.0,6.270833333333333,9.288690476190476,1.9285349705136997e-07,0.0,0.4418136206179596,4,0.8660254037844386,0.5000000000000001,7,-0.4999999999999997,-0.8660254037844388,4,-0.43388373,-0.90096885,0,190,100,100
2021-07-09 05:00:00+00:00,6.0,1304191.0,1.0,27.4,82,0.3,4.9,163,983.3,6.0,6.0,6.0,7.0,6.0,6.0,6.229166666666667,9.280753968253968,1.9285349705136997e-07,0.0,0.41648546784824647,5,0.9659258262890683,0.25881904510252074,7,-0.4999999999999997,-0.8660254037844388,4,-0.43388373,-0.90096885,0,190,100,100
2021-07-09 06:00:00+00:00,5.0,1304191.0,1.0,28.5,76,0.2,1.1,270,982.9,6.0,6.0,6.0,7.0,6.0,6.0,6.1875,9.270833333333334,1.9285349705136997e-07,0.0,0.3848348036342323,6,1.0,6.123233995736766e-17,7,-0.4999999999999997,-0.8660254037844388,4,-0.43388373,-0.90096885,0,190,100,100
2021-07-09 07:00:00+00:00,6.0,1304191.0,1.0,29.3,75,0.2,1.4,270,981.7,5.0,6.0,6.0,7.0,5.666666666666667,5.833333333333333,6.104166666666667,9.25297619047619,0.5773502691896629,0.40824829046386296,0.41648546784826485,7,0.9659258262890683,-0.25881904510252063,7,-0.4999999999999997,-0.8660254037844388,4,-0.43388373,-0.90096885,0,190,100,100
2021-07-09 08:00:00+00:00,6.0,1304191.0,1.0,28.0,80,2.9,8.0,108,981.0,6.0,6.0,6.0,7.0,5.666666666666667,5.833333333333333,6.0625,9.244047619047619,0.5773502691896629,0.40824829046386296,0.3704433301745655,8,0.8660254037844387,-0.4999999999999998,7,-0.4999999999999997,-0.8660254037844388,4,-0.43388373,-0.90096885,0,190,100,100
2021-07-09 09:00:00+00:00,6.0,1304191.0,1.0,27.5,89,0.0,3.1,291,980.6,6.0,6.0,6.0,7.0,5.666666666666667,5.833333333333333,6.020833333333333,9.238095238095237,0.5773502691896629,0.40824829046386296,0.31204677278744464,9,0.7071067811865476,-0.7071067811865475,7,-0.4999999999999997,-0.8660254037844388,4,-0.43388373,-0.90096885,0,190,100,100
2021-07-09 10:00:00+00:00,6.0,1304191.0,1.0,27.7,87,0.0,1.6,243,980.4,6.0,6.0,6.0,6.5,6.0,5.833333333333333,5.979166666666667,9.232142857142858,0.0,0.40824829046386296,0.23215281074649724,10,0.49999999999999994,-0.8660254037844387,7,-0.4999999999999997,-0.8660254037844388,4,-0.43388373,-0.90096885,0,190,100,100
2021-07-09 11:00:00+00:00,6.0,,,27.0,89,0.1,2.8,230,980.8,6.0,6.0,6.0,6.0,6.0,5.833333333333333,5.958333333333333,9.226190476190476,0.0,0.40824829046386296,0.20412414523504138,11,0.258819045102521,-0.9659258262890682,7,-0.4999999999999997,-0.8660254037844388,4,-0.43388373,-0.90096885,0,190,100,100
2021-07-09 12:00:00+00:00,6.0,1304191.0,1.0,27.1,93,0.0,4.7,203,980.6,6.0,5.0,6.0,6.0,6.0,5.833333333333333,5.958333333333333,9.220238095238095,0.0,0.40824829046386296,0.20412414523504138,12,1.2246467991473532e-16,-1.0,7,-0.4999999999999997,-0.8660254037844388,4,-0.43388373,-0.90096885,0,190,100,100
2021-07-09 13:00:00+00:00,6.0,,,26.4,90,0.0,5.1,188,981.9,6.0,6.0,6.0,6.0,6.0,6.0,5.958333333333333,9.214285714285714,0.0,0.0,0.20412414523504138,13,-0.2588190451025208,-0.9659258262890683,7,-0.4999999999999997,-0.8660254037844388,4,-0.43388373,-0.90096885,0,190,100,100
2021-07-09 14:00:00+00:00,6.0,1304191.0,1.0,25.2,94,0.0,6.0,197,982.6,6.0,6.0,6.0,6.0,6.0,6.0,5.958333333333333,9.208333333333334,0.0,0.0,0.20412414523504138,14,-0.4999999999999997,-0.8660254037844388,7,-0.4999999999999997,-0.8660254037844388,4,-0.43388373,-0.90096885,0,190,100,100
2021-07-09 15:00:00+00:00,6.0,1304191.0,1.0,24.9,94,0.0,4.8,193,983.4,6.0,6.0,6.0,6.0,6.0,6.0,5.958333333333333,9.202380952380953,0.0,0.0,0.20412414523504138,15,-0.7071067811865471,-0.7071067811865479,7,-0.4999999999999997,-0.8660254037844388,4,-0.43388373,-0.90096885,0,190,100,100
2021-07-09 16:00:00+00:00,7.0,1304191.0,1.0,25.2,93,0.0,4.7,184,984.0,6.0,6.0,6.0,6.0,6.0,6.0,5.958333333333333,9.196428571428571,0.0,0.0,0.20412414523504138,16,-0.8660254037844385,-0.5000000000000004,7,-0.4999999999999997,-0.8660254037844388,4,-0.43388373,-0.90096885,0,190,100,100
2021-07-09 17:00:00+00:00,7.0,1304191.0,1.0,24.4,97,0.1,3.9,158,984.1,7.0,6.0,6.0,6.0,6.333333333333333,6.166666666666667,6.0,9.196428571428571,0.5773502691896258,0.40824829046386296,0.29488391231193845,17,-0.9659258262890683,-0.25881904510252063,7,-0.4999999999999997,-0.8660254037844388,4,-0.43388373,-0.90096885,0,190,100,100
2021-07-09 18:00:00+00:00,7.0,1304191.0,1.0,23.8,99,0.1,3.2,63,983.8,7.0,6.0,5.0,6.0,6.666666666666667,6.333333333333333,6.041666666666667,9.196428571428571,0.5773502691896258,0.5163977794943221,0.35864075118014216,18,-1.0,-1.8369701987210297e-16,7,-0.4999999999999997,-0.8660254037844388,4,-0.43388373,-0.90096885,0,190,100,100
2021-07-09 19:00:00+00:00,7.0,1304191.0,1.0,23.7,98,0.1,3.6,45,983.2,7.0,6.0,6.0,6.0,7.0,6.5,6.083333333333333,9.196428571428571,0.0,0.5477225575051659,0.40824829046539945,19,-0.9659258262890684,0.2588190451025203,7,-0.4999999999999997,-0.8660254037844388,4,-0.43388373,-0.90096885,0,190,100,100
2021-07-09 20:00:00+00:00,7.0,1304191.0,1.0,23.4,98,0.2,3.6,53,982.8,7.0,6.0,6.0,6.0,7.0,6.666666666666667,6.125,9.196428571428571,0.0,0.5163977794943221,0.4484272031478337,20,-0.8660254037844386,0.5000000000000001,7,-0.4999999999999997,-0.8660254037844388,4,-0.43388373,-0.90096885,0,190,100,100
2021-07-09 21:00:00+00:00,7.0,,,23.5,97,0.1,3.7,101,982.8,7.0,6.0,6.0,6.0,7.0,6.833333333333333,6.166666666666667,9.196428571428571,0.0,0.4082482904638632,0.4815434123443688,21,-0.7071067811865477,0.7071067811865474,7,-0.4999999999999997,-0.8660254037844388,4,-0.43388373,-0.90096885,0,190,100,100
2021-07-09 22:00:00+00:00,7.0,1304191.0,1.0,22.8,99,0.1,3.0,166,983.1,7.0,7.0,6.0,6.0,7.0,7.0,6.208333333333333,9.196428571428571,0.0,0.0,0.5089773777052691,22,-0.5000000000000004,0.8660254037844384,7,-0.4999999999999997,-0.8660254037844388,4,-0.43388373,-0.90096885,0,190,100,100
2021-07-09 23:00:00+00:00,7.0,,,23.2,98,0.2,1.3,56,983.4,7.0,7.0,6.0,6.0,7.0,7.0,6.25,9.196428571428571,0.0,0.0,0.5316095330723559,23,-0.25881904510252157,0.9659258262890681,7,-0.4999999999999997,-0.8660254037844388,4,-0.43388373,-0.90096885,0,190,100,100
2021-07-10 00:00:00+00:00,7.0,1304191.0,1.0,23.9,99,0.2,3.2,27,983.2,7.0,7.0,6.0,6.0,7.0,7.0,6.291666666666667,9.196428571428571,0.0,0.0,0.550032937091305,0,0.0,1.0,7,-0.4999999999999997,-0.8660254037844388,5,-0.9749279,-0.22252093,1,191,100,100
2021-07-10 01:00:00+00:00,7.09375,,,25.4,93,0.0,3.0,76,983.5,7.0,7.0,6.0,6.0,7.0,7.0,6.333333333333333,9.196428571428571,0.0,0.0,0.5646597025743643,1,0.25881904510252074,0.9659258262890683,7,-0.4999999999999997,-0.8660254037844388,5,-0.9749279,-0.22252093,1,191,100,100
2021-07-10 02:00:00+00:00,7.1875,,,26.6,86,0.0,2.7,113,983.9,7.09375,7.0,6.0,6.0,7.03125,7.015625,6.37890625,9.196986607142858,0.05412658773652741,0.038273277230987154,0.5805024192583577,2,0.49999999999999994,0.8660254037844387,7,-0.4999999999999997,-0.8660254037844388,5,-0.9749279,-0.22252093,1,191,100,100
2021-07-10 03:00:00+00:00,7.28125,,,28.1,80,0.1,3.6,135,984.3,7.1875,7.0,6.0,6.0,7.09375,7.046875,6.428385416666667,9.198102678571429,0.09375,0.07843687748756963,0.5971711482672043,3,0.7071067811865476,0.7071067811865476,7,-0.4999999999999997,-0.8660254037844388,5,-0.9749279,-0.22252093,1,191,100,100
2021-07-10 04:00:00+00:00,7.375,,,29.5,68,0.1,10.5,121,984.0,7.28125,7.0,7.0,6.0,7.1875,7.09375,6.481770833333333,9.199776785714286,0.09375,0.11858541225631418,0.614235884961466,4,0.8660254037844386,0.5000000000000001,7,-0.4999999999999997,-0.8660254037844388,5,-0.9749279,-0.22252093,1,191,100,100
2021-07-10 05:00:00+00:00,7.46875,,,29.5,67,0.3,11.9,115,983.6,7.375,7.0,7.0,6.0,7.28125,7.15625,6.5390625,9.202008928571429,0.09375,0.15309310892394862,0.6312358747891038,5,0.9659258262890683,0.25881904510252074,7,-0.4999999999999997,-0.8660254037844388,5,-0.9749279,-0.22252093,1,191,100,100
2021-07-10 06:00:00+00:00,7.5625,,,30.5,62,0.1,10.6,114,982.7,7.46875,7.0,7.0,5.0,7.375,7.234375,6.600260416666667,9.204799107142858,0.09375,0.1753901900050285,0.6476847330877303,6,1.0,6.123233995736766e-17,7,-0.4999999999999997,-0.8660254037844388,5,-0.9749279,-0.22252093,1,191,100,100
2021-07-10 07:00:00+00:00,7.65625,,,30.9,61,0.1,11.5,136,981.6,7.5625,7.09375,7.0,6.0,7.46875,7.328125,6.70703125,9.208147321428571,0.09375,0.1753901900050285,0.5800999975300223,7,0.9659258262890683,-0.25881904510252063,7,-0.4999999999999997,-0.8660254037844388,5,-0.9749279,-0.22252093,1,191,100,100
2021-07-10 08:00:00+00:00,7.75,,,29.9,64,0.0,10.1,125,981.3,7.65625,7.1875,7.0,6.0,7.5625,7.421875,6.776041666666667,9.212053571428571,0.09375,0.1753901900050285,0.5907509115472653,8,0.8660254037844387,-0.4999999999999998,7,-0.4999999999999997,-0.8660254037844388,5,-0.9749279,-0.22252093,1,191,100,100
2021-07-10 09:00:00+00:00,7.84375,,,29.8,66,0.1,8.2,131,981.1,7.75,7.28125,7.0,6.0,7.65625,7.515625,6.848958333333333,9.216517857142858,0.09375,0.1753901900050285,0.598746615071128,9,0.7071067811865476,-0.7071067811865475,7,-0.4999999999999997,-0.8660254037844388,5,-0.9749279,-0.22252093,1,191,100,100
2021-07-10 10:00:00+00:00,7.9375,,,29.3,70,0.0,8.2,142,980.8,7.84375,7.375,7.0,6.0,7.75,7.609375,6.92578125,9.221540178571429,0.09375,0.1753901900050285,0.6033486505254049,10,0.49999999999999994,-0.8660254037844387,7,-0.4999999999999997,-0.8660254037844388,5,-0.9749279,-0.22252093,1,191,100,100
2021-07-10 11:00:00+00:00,8.03125,,,28.0,78,0.1,6.2,159,981.3,7.9375,7.46875,7.0,6.0,7.84375,7.703125,7.006510416666667,9.227120535714286,0.09375,0.1753901900050285,0.603712133025196,11,0.258819045102521,-0.9659258262890682,7,-0.4999999999999997,-0.8660254037844388,5,-0.9749279,-0.22252093,1,191,100,100
2021-07-10 12:00:00+00:00,8.125,,,27.1,83,0.0,5.2,124,982.0,8.03125,7.5625,7.0,6.0,7.9375,7.796875,7.091145833333333,9.233258928571429,0.09375,0.1753901900050285,0.5988352504294736,12,1.2246467991473532e-16,-1.0,7,-0.4999999999999997,-0.8660254037844388,5,-0.9749279,-0.22252093,1,191,100,100
2021-07-10 13:00:00+00:00,8.21875,,,27.0,74,0.0,8.2,131,983.3,8.125,7.65625,7.09375,6.0,8.03125,7.890625,7.1796875,9.234002976190476,0.09375,0.1753901900050285,0.5874775955497042,13,-0.2588190451025208,-0.9659258262890683,7,-0.4999999999999997,-0.8660254037844388,5,-0.9749279,-0.22252093,1,191,100,100
2021-07-10 14:00:00+00:00,8.3125,,,25.7,83,0.0,4.6,141,984.1,8.21875,7.75,7.1875,6.0,8.125,7.984375,7.272135416666667,9.23530505952381,0.09375,0.1753901900050285,0.5680193562004043,14,-0.4999999999999997,-0.8660254037844388,7,-0.4999999999999997,-0.8660254037844388,5,-0.9749279,-0.22252093,1,191,100,100
2021-07-10 15:00:00+00:00,8.40625,,,25.0,87,0.0,5.6,130,984.7,8.3125,7.84375,7.28125,6.0,8.21875,8.078125,7.368489583333333,9.237165178571429,0.09375,0.1753901900050285,0.5381962097729438,15,-0.7071067811865471,-0.7071067811865479,7,-0.4999999999999997,-0.8660254037844388,5,-0.9749279,-0.22252093,1,191,100,100
2021-07-10 16:00:00+00:00,8.5,,,24.9,85,0.0,4.7,122,985.4,8.40625,7.9375,7.375,7.0,8.3125,8.171875,7.46875,9.239583333333334,0.09375,0.1753901900050285,0.49453535504794044,16,-0.8660254037844385,-0.5000000000000004,7,-0.4999999999999997,-0.8660254037844388,5,-0.9749279,-0.22252093,1,191,100,100
2021-07-10 17:00:00+00:00,8.59375,,,24.2,88,0.0,4.7,122,985.2,8.5,8.03125,7.46875,7.0,8.40625,8.265625,7.53125,9.239583333333334,0.09375,0.1753901900050285,0.5264730886233017,17,-0.9659258262890683,-0.25881904510252063,7,-0.4999999999999997,-0.8660254037844388,5,-0.9749279,-0.22252093,1,191,100,100
2021-07-10 18:00:00+00:00,8.6875,,,24.0,90,0.1,4.0,95,984.7,8.59375,8.125,7.5625,7.0,8.5,8.359375,7.59765625,9.237165178571429,0.09375,0.1753901900050285,0.556223474270798,18,-1.0,-1.8369701987210297e-16,7,-0.4999999999999997,-0.8660254037844388,5,-0.9749279,-0.22252093,1,191,100,100
2021-07-10 19:00:00+00:00,8.78125,,,23.8,90,0.1,3.7,61,984.0,8.6875,8.21875,7.65625,7.0,8.59375,8.453125,7.66796875,9.23530505952381,0.09375,0.1753901900050285,0.583384383280831,19,-0.9659258262890684,0.2588190451025203,7,-0.4999999999999997,-0.8660254037844388,5,-0.9749279,-0.22252093,1,191,100,100
2021-07-10 20:00:00+00:00,8.875,,,23.3,93,0.0,3.6,53,983.9,8.78125,8.3125,7.75,7.0,8.6875,8.546875,7.7421875,9.228050595238095,0.09375,0.1753901900050285,0.6075170253930006,20,-0.8660254037844386,0.5000000000000001,7,-0.4999999999999997,-0.8660254037844388,5,-0.9749279,-0.22252093,1,191,100,100
2021-07-10 21:00:00+00:00,8.96875,,,23.3,92,0.1,2.8,40,984.1,8.875,8.40625,7.84375,7.0,8.78125,8.640625,7.8203125,9.221354166666666,0.09375,0.1753901900050285,0.6281341255023573,21,-0.7071067811865477,0.7071067811865474,7,-0.4999999999999997,-0.8660254037844388,5,-0.9749279,-0.22252093,1,191,100,100
2021-07-10 22:00:00+00:00,9.0625,,,23.0,95,0.0,2.4,27,984.1,8.96875,8.5,7.9375,7.0,8.875,8.734375,7.90234375,9.215215773809524,0.09375,0.1753901900050285,0.6446840851410776,22,-0.5000000000000004,0.8660254037844384,7,-0.4999999999999997,-0.8660254037844388,5,-0.9749279,-0.22252093,1,191,100,100
2021-07-10 23:00:00+00:00,9.15625,,,22.9,96,0.1,2.4,27,984.5,9.0625,8.59375,8.03125,7.0,8.96875,8.828125,7.98828125,9.209635416666666,0.09375,0.1753901900050285,0.6565289585681089,23,-0.25881904510252157,0.9659258262890681,7,-0.4999999999999997,-0.8660254037844388,5,-0.9749279,-0.22252093,1,191,100,100
2021-07-11 00:00:00+00:00,9.25,,,24.0,96,0.1,2.8,40,985.2,9.15625,8.6875,8.125,7.0,9.0625,8.921875,8.078125,9.204613095238095,0.09375,0.1753901900050285,0.6629126073631537,0,0.0,1.0,7,-0.4999999999999997,-0.8660254037844388,6,-0.7818315,0.6234898,1,192,100,100
2021-07-11 01:00:00+00:00,9.34375,,,25.5,91,0.2,0.8,27,985.8,9.25,8.78125,8.21875,7.09375,9.15625,9.015625,8.171875,9.20014880952381,0.09375,0.1753901900050285,0.6629126073631451,1,0.25881904510252074,0.9659258262890683,7,-0.4999999999999997,-0.8660254037844388,6,-0.7818315,0.6234898,1,192,100,100
2021-07-11 02:00:00+00:00,9.4375,,,26.9,85,0.1,0.0,270,986.4,9.34375,8.875,8.3125,7.1875,9.25,9.109375,8.265625,9.19624255952381,0.09375,0.1753901900050285,0.6629126073631365,2,0.49999999999999994,0.8660254037844387,7,-0.4999999999999997,-0.8660254037844388,6,-0.7818315,0.6234898,1,192,100,100
2021-07-11 03:00:00+00:00,9.53125,,,28.4,78,0.2,5.0,111,986.5,9.4375,8.96875,8.40625,7.28125,9.34375,9.203125,8.359375,9.192894345238095,0.09375,0.1753901900050285,0.6629126073631278,3,0.7071067811865476,0.7071067811865476,7,-0.4999999999999997,-0.8660254037844388,6,-0.7818315,0.6234898,1,192,100,100
2021-07-11 04:00:00+00:00,9.625,,,29.0,73,0.9,8.7,135,986.2,9.53125,9.0625,8.5,7.375,9.4375,9.296875,8.453125,9.190104166666666,0.09375,0.1753901900050285,0.6629126073631192,4,0.8660254037844386,0.5000000000000001,7,-0.4999999999999997,-0.8660254037844388,6,-0.7818315,0.6234898,1,192,100,100
2021-07-11 05:00:00+00:00,9.71875,,,30.1,66,0.2,10.5,142,985.6,9.625,9.15625,8.59375,7.46875,9.53125,9.390625,8.546875,9.187872023809524,0.09375,0.1753901900050285,0.6629126073631106,5,0.9659258262890683,0.25881904510252074,7,-0.4999999999999997,-0.8660254037844388,6,-0.7818315,0.6234898,1,192,100,100
2021-07-11 06:00:00+00:00,9.8125,,,31.4,59,0.1,12.2,135,984.4,9.71875,9.25,8.6875,7.5625,9.625,9.484375,8.640625,9.186197916666666,0.09375,0.1753901900050285,0.662912607363102,6,1.0,6.123233995736766e-17,7,-0.4999999999999997,-0.8660254037844388,6,-0.7818315,0.6234898,1,192,100,100
2021-07-11 07:00:00+00:00,9.90625,,,31.8,57,0.1,12.6,149,983.6,9.8125,9.34375,8.78125,7.65625,9.71875,9.578125,8.734375,9.179129464285714,0.09375,0.1753901900050285,0.6629126073630933,7,0.9659258262890683,-0.25881904510252063,7,-0.4999999999999997,-0.8660254037844388,6,-0.7818315,0.6234898,1,192,100,100
2021-07-11 08:00:00+00:00,10.0,,,31.8,58,0.1,11.9,155,982.6,9.90625,9.4375,8.875,7.75,9.8125,9.671875,8.828125,9.172619047619047,0.09375,0.1753901900050285,0.6629126073630847,8,0.8660254037844387,-0.4999999999999998,7,-0.4999999999999997,-0.8660254037844388,6,-0.7818315,0.6234898,1,192,100,100
2021-07-11 09:00:00+00:00,10.09375,,,30.5,64,0.2,11.5,141,982.4,10.0,9.53125,8.96875,7.84375,9.90625,9.765625,8.921875,9.172619047619047,0.09375,0.1753901900050285,0.6629126073630761,9,0.7071067811865476,-0.7071067811865475,7,-0.4999999999999997,-0.8660254037844388,6,-0.7818315,0.6234898,1,192,100,100
2021-07-11 10:00:00+00:00,10.1875,,,30.0,70,0.0,9.2,149,982.2,10.09375,9.625,9.0625,7.9375,10.0,9.859375,9.015625,9.173177083333334,0.09375,0.1753901900050285,0.6629126073630675,10,0.49999999999999994,-0.8660254037844387,7,-0.4999999999999997,-0.8660254037844388,6,-0.7818315,0.6234898,1,192,100,100
2021-07-11 11:00:00+00:00,10.28125,,,28.9,72,0.0,8.3,180,982.8,10.1875,9.71875,9.15625,8.03125,10.09375,9.953125,9.109375,9.174293154761905,0.09375,0.1753901900050285,0.6629126073630588,11,0.258819045102521,-0.9659258262890682,7,-0.4999999999999997,-0.8660254037844388,6,-0.7818315,0.6234898,1,192,100,100
2021-07-11 12:00:00+00:00,10.375,,,28.0,78,0.0,6.5,146,983.0,10.28125,9.8125,9.25,8.125,10.1875,10.046875,9.203125,9.175967261904763,0.09375,0.1753901900050285,0.6629126073630502,12,1.2246467991473532e-16,-1.0,7,-0.4999999999999997,-0.8660254037844388,6,-0.7818315,0.6234898,1,192,100,100
2021-07-11 13:00:00+00:00,10.46875,,,27.2,81,0.0,6.3,156,984.2,10.375,9.90625,9.34375,8.21875,10.28125,10.140625,9.296875,9.178199404761905,0.09375,0.1753901900050285,0.6629126073630416,13,-0.2588190451025208,-0.9659258262890683,7,-0.4999999999999997,-0.8660254037844388,6,-0.7818315,0.6234898,1,192,100,100
2021-07-11 14:00:00+00:00,10.5625,,,26.4,85,0.0,4.7,157,985.1,10.46875,10.0,9.4375,8.3125,10.375,10.234375,9.390625,9.178013392857142,0.09375,0.1753901900050285,0.662912607363033,14,-0.4999999999999997,-0.8660254037844388,7,-0.4999999999999997,-0.8660254037844388,6,-0.7818315,0.6234898,1,192,100,100
2021-07-11 15:00:00+00:00,10.65625,,,26.2,86,0.0,4.3,156,985.7,10.5625,10.09375,9.53125,8.40625,10.46875,10.328125,9.484375,9.175409226190476,0.09375,0.1753901900050285,0.6629126073630244,15,-0.7071067811865471,-0.7071067811865479,7,-0.4999999999999997,-0.8660254037844388,6,-0.7818315,0.6234898,1,192,100,100
2021-07-11 16:00:00+00:00,10.75,,,25.1,92,0.3,4.5,194,986.5,10.65625,10.1875,9.625,8.5,10.5625,10.421875,9.578125,9.173363095238095,0.09375,0.1753901900050285,0.6629126073630157,16,-0.8660254037844385,-0.5000000000000004,7,-0.4999999999999997,-0.8660254037844388,6,-0.7818315,0.6234898,1,192,100,100
2021-07-11 17:00:00+00:00,10.84375,,,24.9,92,0.1,4.3,228,986.7,10.75,10.28125,9.71875,8.59375,10.65625,10.515625,9.671875,9.165922619047619,0.09375,0.1753901900050285,0.6629126073630072,17,-0.9659258262890683,-0.25881904510252063,7,-0.4999999999999997,-0.8660254037844388,6,-0.7818315,0.6234898,1,192,100,100
2021-07-11 18:00:00+00:00,10.9375,,,24.1,98,0.2,1.5,346,986.1,10.84375,10.375,9.8125,8.6875,10.75,10.609375,9.765625,9.159040178571429,0.09375,0.1753901900050285,0.6629126073629985,18,-1.0,-1.8369701987210297e-16,7,-0.4999999999999997,-0.8660254037844388,6,-0.7818315,0.6234898,1,192,100,100
2021-07-11 19:00:00+00:00,11.03125,,,23.6,99,0.0,3.1,306,985.6,10.9375,10.46875,9.90625,8.78125,10.84375,10.703125,9.859375,9.152715773809524,0.09375,0.1753901900050285,0.6629126073629898,19,-0.9659258262890684,0.2588190451025203,7,-0.4999999999999997,-0.8660254037844388,6,-0.7818315,0.6234898,1,192,100,100
2021-07-11 20:00:00+00:00,11.125,,,23.6,99,0.1,3.1,249,985.6,11.03125,10.5625,10.0,8.875,10.9375,10.796875,9.953125,9.146949404761905,0.09375,0.1753901900050285,0.6629126073629813,20,-0.8660254037844386,0.5000000000000001,7,-0.4999999999999997,-0.8660254037844388,6,-0.7818315,0.6234898,1,192,100,100
2021-07-11 21:00:00+00:00,11.21875,,,23.6,100,0.1,0.4,270,985.5,11.125,10.65625,10.09375,8.96875,11.03125,10.890625,10.046875,9.141741071428571,0.09375,0.1753901900050285,0.6629126073629726,21,-0.7071067811865477,0.7071067811865474,7,-0.4999999999999997,-0.8660254037844388,6,-0.7818315,0.6234898,1,192,100,100
2021-07-11 22:00:00+00:00,11.3125,,,23.4,100,0.2,2.1,211,986.0,11.21875,10.75,10.1875,9.0625,11.125,10.984375,10.140625,9.135106646825397,0.09375,0.1753901900050285,0.662912607362964,22,-0.5000000000000004,0.8660254037844384,7,-0.4999999999999997,-0.8660254037844388,6,-0.7818315,0.6234898,1,192,100,100
2021-07-11 23:00:00+00:00,11.40625,,,23.5,100,0.0,0.7,180,986.0,11.3125,10.84375,10.28125,9.15625,11.21875,11.078125,10.234375,9.127046130952381,0.09375,0.1753901900050285,0.6629126073629554,23,-0.25881904510252157,0.9659258262890681,7,-0.4999999999999997,-0.8660254037844388,6,-0.7818315,0.6234898,1,192,100,100
2021-07-12 00:00:00+00:00,11.5,,,24.3,97,0.0,3.9,304,986.6,11.40625,10.9375,10.375,9.25,11.3125,11.171875,10.328125,9.117559523809524,0.09375,0.1753901900050285,0.6629126073629468,0,0.0,1.0,7,-0.4999999999999997,-0.8660254037844388,0,0.0,1.0,0,193,100,100
2021-07-12 01:00:00+00:00,11.59375,,,25.6,93,0.0,2.8,220,987.0,11.5,11.03125,10.46875,9.34375,11.40625,11.265625,10.421875,9.108630952380953,0.09375,0.1753901900050285,0.6629126073629382,1,0.25881904510252074,0.9659258262890683,7,-0.4999999999999997,-0.8660254037844388,0,0.0,1.0,0,193,100,100
2021-07-12 02:00:00+00:00,11.6875,,,26.5,89,0.1,4.9,216,987.6,11.59375,11.125,10.5625,9.4375,11.5,11.359375,10.515625,9.100260416666666,0.09375,0.1753901900050285,0.6629126073629296,2,0.49999999999999994,0.8660254037844387,7,-0.4999999999999997,-0.8660254037844388,0,0.0,1.0,0,193,100,100
2021-07-12 03:00:00+00:00,11.78125,,,28.0,83,0.2,5.4,222,987.8,11.6875,11.21875,10.65625,9.53125,11.59375,11.453125,10.609375,9.092447916666666,0.09375,0.1753901900050285,0.6629126073629209,3,0.7071067811865476,0.7071067811865476,7,-0.4999999999999997,-0.8660254037844388,0,0.0,1.0,0,193,100,100
2021-07-12 04:00:00+00:00,11.875,,,28.6,76,0.1,4.5,209,987.4,11.78125,11.3125,10.75,9.625,11.6875,11.546875,10.703125,9.085193452380953,0.09375,0.1753901900050285,0.6629126073629122,4,0.8660254037844386,0.5000000000000001,7,-0.4999999999999997,-0.8660254037844388,0,0.0,1.0,0,193,100,100
2021-07-12 05:00:00+00:00,11.96875,,,29.6,71,0.2,9.0,178,986.8,11.875,11.40625,10.84375,9.71875,11.78125,11.640625,10.796875,9.075520833333334,0.09375,0.1753901900050285,0.6629126073629037,5,0.9659258262890683,0.25881904510252074,7,-0.4999999999999997,-0.8660254037844388,0,0.0,1.0,0,193,100,100
2021-07-12 06:00:00+00:00,12.0625,,,27.1,84,2.4,6.4,106,986.2,11.96875,11.5,10.9375,9.8125,11.875,11.734375,10.890625,9.06343005952381,0.09375,0.1753901900050285,0.662912607362895,6,1.0,6.123233995736766e-17,7,-0.4999999999999997,-0.8660254037844388,0,0.0,1.0,0,193,100,100
2021-07-12 07:00:00+00:00,12.15625,,,29.7,75,0.0,2.5,98,985.0,12.0625,11.59375,11.03125,9.90625,11.96875,11.828125,10.984375,9.051897321428571,0.09375,0.1753901900050285,0.6629126073628864,7,0.9659258262890683,-0.25881904510252063,7,-0.4999999999999997,-0.8660254037844388,0,0.0,1.0,0,193,100,100
2021-07-12 08:00:00+00:00,12.25,,,30.6,70,0.1,4.8,193,984.2,12.15625,11.6875,11.125,10.0,12.0625,11.921875,11.078125,9.040922619047619,0.09375,0.1753901900050285,0.6629126073628778,8,0.8660254037844387,-0.4999999999999998,7,-0.4999999999999997,-0.8660254037844388,0,0.0,1.0,0,193,100,100
2021-07-12 09:00:00+00:00,12.34375,,,30.0,68,0.2,9.8,188,983.4,12.25,11.78125,11.21875,10.09375,12.15625,12.015625,11.171875,9.030505952380953,0.09375,0.1753901900050285,0.6629126073628692,9,0.7071067811865476,-0.7071067811865475,7,-0.4999999999999997,-0.8660254037844388,0,0.0,1.0,0,193,100,100
2021-07-12 10:00:00+00:00,12.4375,,,29.4,74,0.1,10.1,174,983.2,12.34375,11.875,11.3125,10.1875,12.25,12.109375,11.265625,9.020647321428571,0.09375,0.1753901900050285,0.6629126073628605,10,0.49999999999999994,-0.8660254037844387,7,-0.4999999999999997,-0.8660254037844388,0,0.0,1.0,0,193,100,100
2021-07-12 11:00:00+00:00,12.53125,,,28.0,82,0.6,8.7,185,983.3,12.4375,11.96875,11.40625,10.28125,12.34375,12.203125,11.359375,9.011346726190476,0.09375,0.1753901900050285,0.662912607362852,11,0.258819045102521,-0.9659258262890682,7,-0.4999999999999997,-0.8660254037844388,0,0.0,1.0,0,193,100,100
2021-07-12 12:00:00+00:00,12.625,,,26.8,87,0.0,11.2,140,983.7,12.53125,12.0625,11.5,10.375,12.4375,12.296875,11.453125,9.002604166666666,0.09375,0.1753901900050285,0.6629126073628433,12,1.2246467991473532e-16,-1.0,7,-0.4999999999999997,-0.8660254037844388,0,0.0,1.0,0,193,100,100
2021-07-12 13:00:00+00:00,12.71875,,,25.9,90,0.4,8.9,159,984.5,12.625,12.15625,11.59375,10.46875,12.53125,12.390625,11.546875,8.996403769841269,0.09375,0.1753901900050285,0.6629126073628347,13,-0.2588190451025208,-0.9659258262890683,7,-0.4999999999999997,-0.8660254037844388,0,0.0,1.0,0,193,100,100
2021-07-12 14:00:00+00:00,12.8125,,,25.4,91,0.0,6.3,156,985.6,12.71875,12.25,11.6875,10.5625,12.625,12.484375,11.640625,8.992745535714286,0.09375,0.1753901900050285,0.6629126073628261,14,-0.4999999999999997,-0.8660254037844388,7,-0.4999999999999997,-0.8660254037844388,0,0.0,1.0,0,193,100,100
2021-07-12 15:00:00+00:00,12.90625,,,24.9,94,0.0,3.4,122,986.4,12.8125,12.34375,11.78125,10.65625,12.71875,12.578125,11.734375,8.991629464285714,0.09375,0.1753901900050285,0.6629126073628174,15,-0.7071067811865471,-0.7071067811865479,7,-0.4999999999999997,-0.8660254037844388,0,0.0,1.0,0,193,100,100
2021-07-12 16:00:00+00:00,13.0,1304191.0,1.0,25.1,91,0.0,3.0,76,986.6,12.90625,12.4375,11.875,10.75,12.8125,12.671875,11.828125,8.991071428571429,0.09375,0.1753901900050285,0.6629126073628089,16,-0.8660254037844385,-0.5000000000000004,7,-0.4999999999999997,-0.8660254037844388,0,0.0,1.0,0,193,100,100
2021-07-12 17:00:00+00:00,13.142857142857142,,,24.3,96,0.0,3.5,336,986.2,13.0,12.53125,11.96875,10.84375,12.90625,12.765625,11.921875,8.991071428571429,0.09375,0.1753901900050285,0.6629126073628002,17,-0.9659258262890683,-0.25881904510252063,7,-0.4999999999999997,-0.8660254037844388,0,0.0,1.0,0,193,100,100
2021-07-12 18:00:00+00:00,13.285714285714286,,,24.4,96,0.0,3.4,328,985.6,13.142857142857142,12.625,12.0625,10.9375,13.016369047619046,12.867559523809524,12.017671130952381,8.991921768707483,0.1191498816731306,0.18912279601568147,0.6664513480280272,18,-1.0,-1.8369701987210297e-16,7,-0.4999999999999997,-0.8660254037844388,0,0.0,1.0,0,193,100,100
2021-07-12 19:00:00+00:00,13.428571428571429,,,23.6,99,0.0,4.2,340,985.0,13.285714285714286,12.71875,12.15625,11.03125,13.142857142857144,12.977678571428571,12.115513392857144,8.993622448979592,0.14285714285714346,0.21075968034029427,0.6733120394469406,19,-0.9659258262890684,0.2588190451025203,7,-0.4999999999999997,-0.8660254037844388,0,0.0,1.0,0,193,100,100
2021-07-12 20:00:00+00:00,13.571428571428571,,,23.3,100,0.0,3.3,347,984.4,13.428571428571429,12.8125,12.25,11.125,13.285714285714286,13.095982142857144,12.215401785714286,9.002125850340136,0.14285714285714457,0.23425804905257513,0.6832167862742197,20,-0.8660254037844386,0.5000000000000001,7,-0.4999999999999997,-0.8660254037844388,0,0.0,1.0,0,193,100,100
2021-07-12 21:00:00+00:00,13.714285714285714,,,23.2,100,0.0,3.3,354,984.4,13.571428571428571,12.90625,12.34375,11.21875,13.428571428571429,13.222470238095239,12.31733630952381,9.011479591836734,0.14285714285714568,0.2545882634491523,0.695842190064639,21,-0.7071067811865477,0.7071067811865474,7,-0.4999999999999997,-0.8660254037844388,0,0.0,1.0,0,193,100,100
2021-07-12 22:00:00+00:00,13.857142857142858,,,22.8,100,0.0,2.8,40,984.5,13.714285714285714,13.0,12.4375,11.3125,13.571428571428571,13.357142857142856,12.421316964285715,9.021683673469388,0.1428571428571488,0.2672612419124258,0.7108355295718517,22,-0.5000000000000004,0.8660254037844384,7,-0.4999999999999997,-0.8660254037844388,0,0.0,1.0,0,193,100,100
2021-07-12 23:00:00+00:00,14.0,1304191.0,1.0,23.1,100,0.0,1.6,63,984.8,13.857142857142858,13.142857142857142,12.53125,11.40625,13.714285714285714,13.5,12.52734375,9.038690476190476,0.14285714285715298,0.26726124191242684,0.7278295632942192,23,-0.25881904510252157,0.9659258262890681,7,-0.4999999999999997,-0.8660254037844388,0,0.0,1.0,0,193,100,100
2021-07-13 00:00:00+00:00,14.0,,,24.6,94,0.0,1.4,180,985.5,14.0,13.285714285714286,12.625,11.5,13.857142857142856,13.642857142857144,12.635416666666666,9.056547619047619,0.1428571428571572,0.26726124191242784,0.7464546985435121,0,0.0,1.0,7,-0.4999999999999997,-0.8660254037844388,1,0.7818315,0.6234898,0,194,100,100
2021-07-13 01:00:00+00:00,14.0,1304191.0,1.0,26.0,88,0.0,2.9,180,986.0,14.0,13.428571428571429,12.71875,11.59375,13.952380952380954,13.761904761904761,12.739583333333334,9.068452380952381,0.08247860988426191,0.23328473740792738,0.7555008759090965,1,0.25881904510252074,0.9659258262890683,7,-0.4999999999999997,-0.8660254037844388,1,0.7818315,0.6234898,0,194,100,100
2021-07-13 02:00:00+00:00,14.0,1304191.0,1.0,27.5,80,0.1,2.3,231,986.3,14.0,13.571428571428571,12.8125,11.6875,14.0,13.857142857142856,12.83984375,9.080357142857142,7.381576009256533e-08,0.1807015805810593,0.7564919238258342,2,0.49999999999999994,0.8660254037844387,7,-0.4999999999999997,-0.8660254037844388,1,0.7818315,0.6234898,0,194,100,100
2021-07-13 03:00:00+00:00,14.0,,,28.6,76,0.1,3.1,225,986.4,14.0,13.714285714285714,12.90625,11.78125,14.0,13.928571428571429,12.936197916666666,9.092261904761905,7.381576009256533e-08,0.119522860933455,0.7505849343518821,3,0.7071067811865476,0.7071067811865476,7,-0.4999999999999997,-0.8660254037844388,1,0.7818315,0.6234898,0,194,100,100
2021-07-13 04:00:00+00:00,14.0,1304191.0,1.0,29.7,73,0.1,3.4,162,986.2,14.0,13.857142857142858,13.0,11.875,14.0,13.976190476190476,13.028645833333334,9.101190476190476,7.381576009256533e-08,0.05832118435201489,0.7386927193046683,4,0.8660254037844386,0.5000000000000001,7,-0.4999999999999997,-0.8660254037844388,1,0.7818315,0.6234898,0,194,100,100
2021-07-13 05:00:00+00:00,15.0,1304191.0,1.0,29.2,71,0.1,3.3,167,985.2,14.0,14.0,13.142857142857142,11.96875,14.0,14.0,13.1171875,9.107142857142858,7.381576009256533e-08,6.503272894805706e-08,0.7215568505850241,5,0.9659258262890683,0.25881904510252074,7,-0.4999999999999997,-0.8660254037844388,1,0.7818315,0.6234898,0,194,100,100
2021-07-13 06:00:00+00:00,15.0,1304191.0,1.0,28.5,75,0.5,7.5,287,984.5,15.0,14.0,13.285714285714286,12.0625,14.333333333333334,14.166666666666666,13.243489583333334,9.119047619047619,0.5773502691896333,0.4082482904638695,0.7751027888931219,6,1.0,6.123233995736766e-17,7,-0.4999999999999997,-0.8660254037844388,1,0.7818315,0.6234898,0,194,100,100
2021-07-13 07:00:00+00:00,15.0,1304191.0,1.0,29.5,77,1.0,3.4,212,983.4,15.0,14.0,13.428571428571429,12.15625,14.666666666666666,14.333333333333334,13.365885416666666,9.133928571428571,0.5773502691896355,0.5163977794943281,0.8115764143225599,7,0.9659258262890683,-0.25881904510252063,7,-0.4999999999999997,-0.8660254037844388,1,0.7818315,0.6234898,0,194,100,100
2021-07-13 08:00:00+00:00,15.0,1304191.0,1.0,30.2,70,0.1,5.7,162,982.4,15.0,14.0,13.571428571428571,12.25,15.0,14.5,13.484375,9.151785714285714,0.0,0.5477225575051721,0.8345593013590049,8,0.8660254037844387,-0.4999999999999998,7,-0.4999999999999997,-0.8660254037844388,1,0.7818315,0.6234898,0,194,100,100
2021-07-13 09:00:00+00:00,15.0,,,30.1,71,0.3,6.9,219,981.8,15.0,14.0,13.714285714285714,12.34375,15.0,14.666666666666666,13.598958333333334,9.169642857142858,0.0,0.5163977794943293,0.8464140616251014,9,0.7071067811865476,-0.7071067811865475,7,-0.4999999999999997,-0.8660254037844388,1,0.7818315,0.6234898,0,194,100,100
2021-07-13 10:00:00+00:00,15.0,1304191.0,1.0,28.6,85,1.3,4.7,189,981.7,15.0,14.0,13.857142857142858,12.4375,15.0,14.833333333333334,13.709635416666666,9.1875,0.0,0.4082482904638732,0.848809123689499,10,0.49999999999999994,-0.8660254037844387,7,-0.4999999999999997,-0.8660254037844388,1,0.7818315,0.6234898,0,194,100,100
2021-07-13 11:00:00+00:00,16.0,1304191.0,1.0,28.0,91,0.0,3.4,148,981.7,15.0,15.0,14.0,12.53125,15.0,15.0,13.81640625,9.211309523809524,0.0,0.0,0.8429781918297479,11,0.258819045102521,-0.9659258262890682,7,-0.4999999999999997,-0.8660254037844388,1,0.7818315,0.6234898,0,194,100,100
2021-07-13 12:00:00+00:00,16.5,,,27.7,86,0.0,6.8,155,981.9,16.0,15.0,14.0,12.625,15.333333333333334,15.166666666666666,13.9609375,9.241071428571429,0.5773502691896255,0.4082482904638632,0.9079167180347251,12,1.2246467991473532e-16,-1.0,7,-0.4999999999999997,-0.8660254037844388,1,0.7818315,0.6234898,0,194,100,100
2021-07-13 13:00:00+00:00,17.0,1304191.0,1.0,27.6,83,0.0,5.7,162,982.9,16.5,15.0,14.0,12.71875,15.833333333333334,15.416666666666666,14.122395833333334,9.273809523809524,0.7637626158259728,0.6645800679125632,0.9999054731787019,13,-0.2588190451025208,-0.9659258262890683,7,-0.4999999999999997,-0.8660254037844388,1,0.7818315,0.6234898,0,194,100,100
2021-07-13 14:00:00+00:00,16.0,1304191.0,1.0,26.9,86,0.0,6.5,161,983.3,17.0,15.0,14.0,12.8125,16.5,15.75,14.30078125,9.30952380952381,0.4999999999999989,0.8803408430829508,1.1139885941421268,14,-0.4999999999999997,-0.8660254037844388,7,-0.4999999999999997,-0.8660254037844388,1,0.7818315,0.6234898,0,194,100,100
2021-07-13 15:00:00+00:00,17.0,1304191.0,1.0,26.4,87,0.0,6.9,171,984.0,16.0,15.0,14.0,12.90625,16.5,15.916666666666666,14.43359375,9.339285714285714,0.4999999999999989,0.8010409893798613,1.118837653038633,15,-0.7071067811865471,-0.7071067811865479,7,-0.4999999999999997,-0.8660254037844388,1,0.7818315,0.6234898,0,194,100,100
2021-07-13 16:00:00+00:00,17.0,1304191.0,1.0,26.0,87,0.0,8.2,157,984.2,17.0,15.0,14.0,13.0,16.666666666666668,16.25,14.604166666666666,9.375,0.5773502691896245,0.7582875444051549,1.185908680964155,16,-0.8660254037844385,-0.5000000000000004,7,-0.4999999999999997,-0.8660254037844388,1,0.7818315,0.6234898,0,194,100,100
2021-07-13 17:00:00+00:00,17.0,1304191.0,1.0,25.5,89,0.0,8.0,162,983.8,17.0,16.0,15.0,13.142857142857142,16.666666666666668,16.583333333333332,14.770833333333334,9.410714285714286,0.5773502691896245,0.4915960401250874,1.2308838498250085,17,-0.9659258262890683,-0.25881904510252063,7,-0.4999999999999997,-0.8660254037844388,1,0.7818315,0.6234898,0,194,100,100
2021-07-13 18:00:00+00:00,17.333333333333332,,,25.2,90,0.0,6.1,180,983.5,17.0,16.5,15.0,13.285714285714286,17.0,16.75,14.931547619047619,9.446428571428571,0.0,0.41833001326703795,1.260533113276267,18,-1.0,-1.8369701987210297e-16,7,-0.4999999999999997,-0.8660254037844388,1,0.7818315,0.6234898,0,194,100,100
2021-07-13 19:00:00+00:00,17.666666666666668,,,24.4,95,0.0,4.0,185,983.4,17.333333333333332,17.0,15.0,13.428571428571429,17.11111111111111,16.88888888888889,15.100198412698411,9.484126984126984,0.19245008972987457,0.4554200340426486,1.3008839615693986,19,-0.9659258262890684,0.2588190451025203,7,-0.4999999999999997,-0.8660254037844388,1,0.7818315,0.6234898,0,194,100,100
2021-07-13 20:00:00+00:00,18.0,1304191.0,1.0,25.0,92,0.0,2.1,149,983.6,17.666666666666668,16.0,15.0,13.571428571428571,17.333333333333332,17.0,15.276785714285714,9.526785714285714,0.333333333333335,0.5577733510227172,1.3507953791615253,20,-0.8660254037844386,0.5000000000000001,7,-0.4999999999999997,-0.8660254037844388,1,0.7818315,0.6234898,0,194,100,100
2021-07-13 21:00:00+00:00,17.666666666666668,,,24.2,95,0.0,2.9,180,983.5,18.0,17.0,15.0,13.714285714285714,17.666666666666668,17.333333333333332,15.461309523809524,9.574404761904763,0.333333333333335,0.42163702135578457,1.408937061371638,21,-0.7071067811865477,0.7071067811865474,7,-0.4999999999999997,-0.8660254037844388,1,0.7818315,0.6234898,0,194,100,100
2021-07-13 22:00:00+00:00,17.333333333333332,,,24.4,96,0.0,1.1,198,983.5,17.666666666666668,17.0,15.0,13.857142857142858,17.777777777777782,17.444444444444446,15.625992063492063,9.620039682539684,0.1924500897298751,0.40368671387966676,1.4267324113135158,22,-0.5000000000000004,0.8660254037844384,7,-0.4999999999999997,-0.8660254037844388,1,0.7818315,0.6234898,0,194,100,100
2021-07-13 23:00:00+00:00,17.0,1304191.0,1.0,24.0,98,0.0,0.7,360,983.7,17.333333333333332,17.0,16.0,14.0,17.666666666666668,17.5,15.770833333333334,9.663690476190476,0.333333333333335,0.3496029493900524,1.4157605798028632,23,-0.25881904510252157,0.9659258262890681,7,-0.4999999999999997,-0.8660254037844388,1,0.7818315,0.6234898,0,194,100,100
2021-07-14 00:00:00+00:00,17.5,,,24.7,93,0.0,0.7,180,984.6,17.0,17.333333333333332,16.5,14.0,17.333333333333332,17.5,15.895833333333334,9.708333333333334,0.333333333333335,0.3496029493900524,1.3847098965431681,0,0.0,1.0,7,-0.4999999999999997,-0.8660254037844388,2,0.9749279,-0.22252093,0,195,100,100
2021-07-14 01:00:00+00:00,18.0,1304191.0,1.0,26.5,87,0.0,1.5,194,984.7,17.5,17.666666666666668,17.0,14.0,17.277777777777775,17.52777777777778,16.041666666666668,9.758928571428571,0.254587538608659,0.3402069087198876,1.3604577945045007,1,0.25881904510252074,0.9659258262890683,7,-0.4999999999999997,-0.8660254037844388,2,0.9749279,-0.22252093,0,195,100,100
2021-07-14 02:00:00+00:00,18.0,1304191.0,1.0,28.1,78,0.1,1.8,180,985.0,18.0,18.0,16.0,14.0,17.5,17.583333333333332,16.208333333333332,9.8125,0.5000000000000027,0.39086797998528744,1.344383557530537,2,0.49999999999999994,0.8660254037844387,7,-0.4999999999999997,-0.8660254037844388,2,0.9749279,-0.22252093,0,195,100,100
2021-07-14 03:00:00+00:00,18.0,1304191.0,1.0,29.5,75,0.1,2.9,173,984.9,18.0,17.666666666666668,17.0,14.0,17.833333333333332,17.583333333333332,16.375,9.866071428571429,0.288675134594825,0.39086797998528744,1.3061079107011495,3,0.7071067811865476,0.7071067811865476,7,-0.4999999999999997,-0.8660254037844388,2,0.9749279,-0.22252093,0,195,100,100
2021-07-14 04:00:00+00:00,18.0,1304191.0,1.0,29.8,72,0.1,5.0,210,984.1,18.0,17.333333333333332,17.0,14.0,18.0,17.63888888888889,16.541666666666668,9.920100732600734,0.0,0.4270918020840585,1.2435825604040245,4,0.8660254037844386,0.5000000000000001,7,-0.4999999999999997,-0.8660254037844388,2,0.9749279,-0.22252093,0,195,100,100
2021-07-14 05:00:00+00:00,18.0,1304191.0,1.0,31.0,67,0.1,4.3,265,983.1,18.0,17.0,17.0,15.0,18.0,17.75,16.708333333333332,9.974587912087912,0.0,0.4183300132670391,1.1528687176748198,5,0.9659258262890683,0.25881904510252074,7,-0.4999999999999997,-0.8660254037844388,2,0.9749279,-0.22252093,0,195,100,100
2021-07-14 06:00:00+00:00,18.0,1304191.0,1.0,30.9,67,0.4,8.6,248,982.7,18.0,17.5,17.333333333333332,15.0,18.0,17.916666666666668,16.833333333333332,10.029532967032967,0.0,0.20412414523193487,1.121808408900613,6,1.0,6.123233995736766e-17,7,-0.4999999999999997,-0.8660254037844388,2,0.9749279,-0.22252093,0,195,100,100
2021-07-14 07:00:00+00:00,19.0,1304191.0,1.0,29.6,75,1.6,4.3,185,982.0,18.0,18.0,17.666666666666668,15.0,18.0,18.0,16.958333333333332,10.084935897435898,0.0,0.0,1.0747991611063406,7,0.9659258262890683,-0.25881904510252063,7,-0.4999999999999997,-0.8660254037844388,2,0.9749279,-0.22252093,0,195,100,100
2021-07-14 08:00:00+00:00,19.0,1304191.0,1.0,30.2,72,0.0,1.8,169,981.2,19.0,18.0,18.0,15.0,18.333333333333332,18.166666666666668,17.125,10.146749084249084,0.5773502691896263,0.40824829046386274,1.068035806090641,8,0.8660254037844387,-0.4999999999999998,7,-0.4999999999999997,-0.8660254037844388,2,0.9749279,-0.22252093,0,195,100,100
2021-07-14 09:00:00+00:00,19.0,1304191.0,1.0,29.6,76,0.6,4.5,76,980.8,19.0,18.0,17.666666666666668,15.0,18.666666666666668,18.333333333333332,17.291666666666668,10.209020146520146,0.5773502691896263,0.5163977794943212,1.0335553758632015,9,0.7071067811865476,-0.7071067811865475,7,-0.4999999999999997,-0.8660254037844388,2,0.9749279,-0.22252093,0,195,100,100
2021-07-14 10:00:00+00:00,19.0,1304191.0,1.0,29.2,78,0.5,3.0,346,980.9,19.0,18.0,17.333333333333332,15.0,19.0,18.5,17.458333333333332,10.271749084249084,0.0,0.5477225575051646,0.9684017412040364,10,0.49999999999999994,-0.8660254037844387,7,-0.4999999999999997,-0.8660254037844388,2,0.9749279,-0.22252093,0,195,100,100
2021-07-14 11:00:00+00:00,19.0,1304191.0,1.0,27.5,92,2.7,3.4,198,981.2,19.0,18.0,17.0,16.0,19.0,18.666666666666668,17.625,10.334935897435898,0.0,0.5163977794943203,0.8656766921117505,11,0.258819045102521,-0.9659258262890682,7,-0.4999999999999997,-0.8660254037844388,2,0.9749279,-0.22252093,0,195,100,100
2021-07-14 12:00:00+00:00,19.0,1304191.0,1.0,28.1,88,0.0,4.7,157,981.3,19.0,18.0,17.5,16.5,19.0,18.833333333333332,17.75,10.398580586080588,0.0,0.4082482904638601,0.8369486793031389,12,1.2246467991473532e-16,-1.0,7,-0.4999999999999997,-0.8660254037844388,2,0.9749279,-0.22252093,0,195,100,100
2021-07-14 13:00:00+00:00,19.0,,,27.3,89,0.0,5.7,162,982.2,19.0,19.0,18.0,17.0,19.0,19.0,17.854166666666668,10.46268315018315,0.0,0.0,0.8301569899839079,13,-0.2588190451025208,-0.9659258262890683,7,-0.4999999999999997,-0.8660254037844388,2,0.9749279,-0.22252093,0,195,100,100
2021-07-14 14:00:00+00:00,19.0,1304191.0,1.0,27.0,90,0.0,4.4,171,983.0,19.0,19.0,18.0,16.0,19.0,19.0,17.9375,10.52724358974359,0.0,0.0,0.8409973662551621,14,-0.4999999999999997,-0.8660254037844388,7,-0.4999999999999997,-0.8660254037844388,2,0.9749279,-0.22252093,0,195,100,100
2021-07-14 15:00:00+00:00,19.0,,,26.9,89,0.0,5.4,172,983.6,19.0,19.0,18.0,17.0,19.0,19.0,18.0625,10.592261904761905,0.0,0.0,0.7595010121385036,15,-0.7071067811865471,-0.7071067811865479,7,-0.4999999999999997,-0.8660254037844388,2,0.9749279,-0.22252093,0,195,100,100
2021-07-14 16:00:00+00:00,19.0,1304191.0,1.0,26.5,87,0.0,5.8,180,983.7,19.0,19.0,18.0,17.0,19.0,19.0,18.145833333333332,10.657738095238095,0.0,0.0,0.7474796622052122,16,-0.8660254037844385,-0.5000000000000004,7,-0.4999999999999997,-0.8660254037844388,2,0.9749279,-0.22252093,0,195,100,100
2021-07-14 17:00:00+00:00,19.0,1304191.0,1.0,26.0,87,0.0,7.5,163,983.8,19.0,19.0,18.0,17.0,19.0,19.0,18.229166666666668,10.72367216117216,0.0,0.0,0.7253393342141569,17,-0.9659258262890683,-0.25881904510252063,7,-0.4999999999999997,-0.8660254037844388,2,0.9749279,-0.22252093,0,195,100,100
2021-07-14 18:00:00+00:00,19.0,1304191.0,1.0,25.6,89,0.0,6.8,183,983.5,19.0,19.0,18.0,17.333333333333332,19.0,19.0,18.3125,10.790064102564102,0.0,0.0,0.6921096014959384,18,-1.0,-1.8369701987210297e-16,7,-0.4999999999999997,-0.8660254037844388,2,0.9749279,-0.22252093,0,195,100,100
2021-07-14 19:00:00+00:00,19.0,,,25.1,92,1.4,6.2,170,983.4,19.0,19.0,19.0,17.666666666666668,19.0,19.0,18.381944444444446,10.85691391941392,0.0,0.0,0.6729399889018446,19,-0.9659258262890684,0.2588190451025203,7,-0.4999999999999997,-0.8660254037844388,2,0.9749279,-0.22252093,0,195,100,100
2021-07-14 20:00:00+00:00,19.0,1304191.0,1.0,24.3,99,4.2,5.1,176,983.3,19.0,19.0,19.0,18.0,19.0,19.0,18.4375,10.924221611721611,0.0,0.0,0.6663269061755527,20,-0.8660254037844386,0.5000000000000001,7,-0.4999999999999997,-0.8660254037844388,2,0.9749279,-0.22252093,0,195,100,100
2021-07-14 21:00:00+00:00,19.0,,,23.8,99,4.3,5.0,111,983.7,19.0,19.0,19.0,17.666666666666668,19.0,19.0,18.479166666666668,10.991987179487179,0.0,0.0,0.6690401589585464,21,-0.7071067811865477,0.7071067811865474,7,-0.4999999999999997,-0.8660254037844388,2,0.9749279,-0.22252093,0,195,100,100
2021-07-14 22:00:00+00:00,19.0,1304191.0,1.0,23.8,99,1.9,2.3,51,983.9,19.0,19.0,19.0,17.333333333333332,19.0,19.0,18.53472222222222,11.060210622710622,0.0,0.0,0.6538240664143693,22,-0.5000000000000004,0.8660254037844384,7,-0.4999999999999997,-0.8660254037844388,2,0.9749279,-0.22252093,0,195,100,100
2021-07-14 23:00:00+00:00,19.0,1304191.0,1.0,23.5,99,0.6,2.8,40,984.1,19.0,19.0,19.0,17.0,19.0,19.0,18.604166666666668,11.128891941391942,0.0,0.0,0.6075461454410921,23,-0.25881904510252157,0.9659258262890681,7,-0.4999999999999997,-0.8660254037844388,2,0.9749279,-0.22252093,0,195,100,100
2021-07-15 00:00:00+00:00,19.0,1304191.0,1.0,24.4,97,0.1,0.4,270,984.5,19.0,19.0,19.0,17.5,19.0,19.0,18.6875,11.198031135531135,0.0,0.0,0.5067479435188768,0,0.0,1.0,7,-0.4999999999999997,-0.8660254037844388,3,0.43388373,-0.90096885,0,196,100,100
2021-07-15 01:00:00+00:00,18.916666666666668,,,25.4,90,0.2,5.5,148,985.4,19.0,19.0,19.0,18.0,19.0,19.0,18.75,11.267628205128206,0.0,0.0,0.44232586846439204,1,0.25881904510252074,0.9659258262890683,7,-0.4999999999999997,-0.8660254037844388,3,0.43388373,-0.90096885,0,196,100,100
2021-07-15 02:00:00+00:00,18.833333333333332,,,26.2,87,0.6,6.5,146,985.9,18.916666666666668,19.0,19.0,18.0,18.972222222222225,18.98611111111111,18.788194444444446,11.33718711843712,0.048112522432467615,0.03402069087198795,0.413377719877592,2,0.49999999999999994,0.8660254037844387,7,-0.4999999999999997,-0.8660254037844388,3,0.43388373,-0.90096885,0,196,100,100
2021-07-15 03:00:00+00:00,18.75,,,26.9,89,0.5,7.5,145,985.9,18.833333333333332,19.0,19.0,18.0,18.916666666666668,18.958333333333332,18.822916666666668,11.406707875457876,0.083333333333332,0.06972166887784048,0.37775757440967733,3,0.7071067811865476,0.7071067811865476,7,-0.4999999999999997,-0.8660254037844388,3,0.43388373,-0.90096885,0,196,100,100
2021-07-15 04:00:00+00:00,18.666666666666668,,,27.5,85,0.6,8.2,232,985.5,18.75,19.0,19.0,18.0,18.833333333333332,18.916666666666668,18.854166666666668,11.476190476190476,0.08333333333332889,0.10540925533894743,0.33536518418436106,4,0.8660254037844386,0.5000000000000001,7,-0.4999999999999997,-0.8660254037844388,3,0.43388373,-0.90096885,0,196,100,100
2021-07-15 05:00:00+00:00,18.583333333333332,,,28.8,77,0.2,3.7,191,984.6,18.666666666666668,19.0,19.0,18.0,18.75,18.86111111111111,18.881944444444446,11.545634920634921,0.08333333333332578,0.13608276348795614,0.285431983262153,5,0.9659258262890683,0.25881904510252074,7,-0.4999999999999997,-0.8660254037844388,3,0.43388373,-0.90096885,0,196,100,100
2021-07-15 06:00:00+00:00,18.5,,,30.2,71,0.3,4.1,142,983.7,18.583333333333332,19.0,19.0,18.0,18.666666666666668,18.791666666666668,18.90625,11.614583333333334,0.08333333333332889,0.15590239111558388,0.2256398577608767,6,1.0,6.123233995736766e-17,7,-0.4999999999999997,-0.8660254037844388,3,0.43388373,-0.90096885,0,196,100,100
2021-07-15 07:00:00+00:00,18.416666666666668,,,31.0,65,0.0,2.6,196,982.2,18.5,18.916666666666668,19.0,19.0,18.583333333333332,18.708333333333332,18.927083333333332,11.683035714285714,0.08333333333332889,0.15590239111558388,0.14808051243823367,7,0.9659258262890683,-0.25881904510252063,7,-0.4999999999999997,-0.8660254037844388,3,0.43388373,-0.90096885,0,196,100,100
2021-07-15 08:00:00+00:00,18.333333333333332,,,30.2,70,0.7,8.7,187,981.7,18.416666666666668,18.833333333333332,19.0,19.0,18.5,18.625,18.90277777777778,11.750992063492063,0.08333333333332578,0.15590239111558235,0.1800205749549991,8,0.8660254037844387,-0.4999999999999998,7,-0.4999999999999997,-0.8660254037844388,3,0.43388373,-0.90096885,0,196,100,100
2021-07-15 09:00:00+00:00,18.25,,,29.0,79,2.3,3.2,180,981.6,18.333333333333332,18.75,19.0,19.0,18.416666666666668,18.541666666666668,18.875,11.818452380952381,0.08333333333332889,0.15590239111558235,0.2128141326890382,9,0.7071067811865476,-0.7071067811865475,7,-0.4999999999999997,-0.8660254037844388,3,0.43388373,-0.90096885,0,196,100,100
2021-07-15 10:00:00+00:00,18.166666666666668,,,28.1,86,6.7,3.4,122,981.7,18.25,18.666666666666668,19.0,19.0,18.333333333333332,18.458333333333332,18.84375,11.885416666666666,0.08333333333332889,0.15590239111558024,0.246120257514791,10,0.49999999999999994,-0.8660254037844387,7,-0.4999999999999997,-0.8660254037844388,3,0.43388373,-0.90096885,0,196,100,100
2021-07-15 11:00:00+00:00,18.083333333333332,,,26.4,93,2.7,5.8,112,982.7,18.166666666666668,18.583333333333332,19.0,19.0,18.25,18.375,18.80902777777778,11.95486111111111,0.08333333333332578,0.15590239111557663,0.2796209980960292,11,0.258819045102521,-0.9659258262890682,7,-0.4999999999999997,-0.8660254037844388,3,0.43388373,-0.90096885,0,196,100,100
2021-07-15 12:00:00+00:00,18.0,1304191.0,1.0,26.9,92,2.3,3.1,135,982.7,18.083333333333332,18.5,19.0,19.0,18.166666666666668,18.291666666666668,18.770833333333332,12.026785714285714,0.08333333333332889,0.1559023911155751,0.3130128641762676,12,1.2246467991473532e-16,-1.0,7,-0.4999999999999997,-0.8660254037844388,3,0.43388373,-0.90096885,0,196,100,100
2021-07-15 13:00:00+00:00,18.0,1304191.0,1.0,26.0,91,2.0,4.1,142,983.9,18.0,18.416666666666668,18.916666666666668,19.0,18.083333333333332,18.208333333333332,18.729166666666668,12.098214285714286,0.08333333333332889,0.15590239111557302,0.3460002652811372,13,-0.2588190451025208,-0.9659258262890683,7,-0.4999999999999997,-0.8660254037844388,3,0.43388373,-0.90096885,0,196,100,100
2021-07-15 14:00:00+00:00,18.0,,,25.8,94,0.0,6.6,119,984.4,18.0,18.333333333333332,18.833333333333332,19.0,18.027777777777775,18.13888888888889,18.6875,12.169642857142858,0.048112522432457096,0.13608276348794215,0.3712574923198276,14,-0.4999999999999997,-0.8660254037844388,7,-0.4999999999999997,-0.8660254037844388,3,0.43388373,-0.90096885,0,196,100,100
2021-07-15 15:00:00+00:00,18.0,1304191.0,1.0,25.1,96,0.0,4.1,38,984.9,18.0,18.25,18.75,19.0,18.0,18.083333333333332,18.645833333333332,12.241071428571429,0.0,0.10540925533892936,0.3902882002146608,15,-0.7071067811865471,-0.7071067811865479,7,-0.4999999999999997,-0.8660254037844388,3,0.43388373,-0.90096885,0,196,100,100
2021-07-15 16:00:00+00:00,18.0,1304191.0,1.0,24.7,97,0.0,3.2,360,985.4,18.0,18.166666666666668,18.666666666666668,19.0,18.0,18.041666666666668,18.604166666666668,12.3125,0.0,0.06972166887781316,0.40397332145105114,16,-0.8660254037844385,-0.5000000000000004,7,-0.4999999999999997,-0.8660254037844388,3,0.43388373,-0.90096885,0,196,100,100
2021-07-15 17:00:00+00:00,17.923076923076923,,,25.1,96,0.0,0.0,270,985.6,18.0,18.083333333333332,18.583333333333332,19.0,18.0,18.01388888888889,18.5625,12.383928571428571,0.0,0.034020690871930326,0.412844790757728,17,-0.9659258262890683,-0.25881904510252063,7,-0.4999999999999997,-0.8660254037844388,3,0.43388373,-0.90096885,0,196,100,100
2021-07-15 18:00:00+00:00,17.846153846153847,,,24.1,99,0.0,3.4,122,985.6,17.923076923076923,18.0,18.5,19.0,17.974358974358974,17.987179487179485,18.517628205128204,12.454899267399268,0.04441155916843259,0.03140371465106671,0.4216567241141054,18,-1.0,-1.8369701987210297e-16,7,-0.4999999999999997,-0.8660254037844388,3,0.43388373,-0.90096885,0,196,100,100
2021-07-15 19:00:00+00:00,17.76923076923077,,,23.8,100,0.0,3.9,146,985.5,17.846153846153847,18.0,18.416666666666668,19.0,17.923076923076923,17.961538461538463,18.46955128205128,12.52541208791209,0.07692307692307605,0.06435846357954539,0.429964251915249,19,-0.9659258262890684,0.2588190451025203,7,-0.4999999999999997,-0.8660254037844388,3,0.43388373,-0.90096885,0,196,100,100
2021-07-15 20:00:00+00:00,17.692307692307693,,,24.0,100,1.0,3.8,197,985.5,17.76923076923077,18.0,18.333333333333332,19.0,17.846153846153847,17.923076923076923,18.41826923076923,12.595467032967033,0.07692307692307694,0.09730085108210598,0.43728159963729485,20,-0.8660254037844386,0.5000000000000001,7,-0.4999999999999997,-0.8660254037844388,3,0.43388373,-0.90096885,0,196,100,100
2021-07-15 21:00:00+00:00,17.615384615384617,,,23.7,99,0.4,4.1,135,985.6,17.692307692307693,18.0,18.25,19.0,17.76923076923077,17.871794871794872,18.36378205128205,12.665064102564102,0.07692307692307605,0.12561485860426852,0.443077505328336,21,-0.7071067811865477,0.7071067811865474,7,-0.4999999999999997,-0.8660254037844388,3,0.43388373,-0.90096885,0,196,100,100
2021-07-15 22:00:00+00:00,17.53846153846154,,,23.5,100,0.3,6.3,114,985.8,17.615384615384617,18.0,18.166666666666668,19.0,17.692307692307693,17.80769230769231,18.306089743589745,12.734203296703296,0.07692307692307694,0.14390989949130936,0.4467637411198326,22,-0.5000000000000004,0.8660254037844384,7,-0.4999999999999997,-0.8660254037844388,3,0.43388373,-0.90096885,0,196,100,100
2021-07-15 23:00:00+00:00,17.46153846153846,,,23.2,100,0.1,6.1,140,986.3,17.53846153846154,17.923076923076923,18.083333333333332,19.0,17.615384615384617,17.73076923076923,18.24519230769231,12.802884615384615,0.07692307692307605,0.1439098994913109,0.4476745713083134,23,-0.25881904510252157,0.9659258262890681,7,-0.4999999999999997,-0.8660254037844388,3,0.43388373,-0.90096885,0,196,100,100
2021-07-16 00:00:00+00:00,17.384615384615383,,,24.0,98,0.2,1.5,135,987.0,17.46153846153846,17.846153846153847,18.0,19.0,17.538461538461537,17.653846153846157,18.181089743589745,12.871108058608058,0.07692307692307916,0.14390989949131344,0.44503284539977767,0,0.0,1.0,7,-0.4999999999999997,-0.8660254037844388,4,-0.43388373,-0.90096885,0,197,100,100
2021-07-16 01:00:00+00:00,17.307692307692307,,,25.3,97,0.2,3.6,180,987.6,17.384615384615383,17.76923076923077,18.0,18.916666666666668,17.461538461538463,17.576923076923077,18.11378205128205,12.938873626373626,0.07692307692307916,0.143909899491316,0.4378940191389014,1,0.25881904510252074,0.9659258262890683,7,-0.4999999999999997,-0.8660254037844388,4,-0.43388373,-0.90096885,0,197,100,100
2021-07-16 02:00:00+00:00,17.23076923076923,,,26.1,89,0.3,3.6,174,987.6,17.307692307692307,17.692307692307693,18.0,18.833333333333332,17.384615384615383,17.5,18.04674145299145,13.006181318681318,0.07692307692307605,0.14390989949131858,0.4327649890094892,2,0.49999999999999994,0.8660254037844387,7,-0.4999999999999997,-0.8660254037844388,4,-0.43388373,-0.90096885,0,197,100,100
2021-07-16 03:00:00+00:00,17.153846153846153,,,27.2,88,0.2,2.3,198,987.3,17.23076923076923,17.615384615384617,18.0,18.75,17.307692307692307,17.423076923076923,17.97996794871795,13.073031135531137,0.07692307692307694,0.14390989949132113,0.42974423038605325,3,0.7071067811865476,0.7071067811865476,7,-0.4999999999999997,-0.8660254037844388,4,-0.43388373,-0.90096885,0,197,100,100
2021-07-16 04:00:00+00:00,17.076923076923077,,,29.0,82,0.3,2.1,239,986.8,17.153846153846153,17.53846153846154,18.0,18.666666666666668,17.23076923076923,17.346153846153843,17.913461538461537,13.139423076923078,0.07692307692307605,0.1439098994913237,0.4289023289589959,4,0.8660254037844386,0.5000000000000001,7,-0.4999999999999997,-0.8660254037844388,4,-0.43388373,-0.90096885,0,197,100,100
2021-07-16 05:00:00+00:00,17.0,,,30.1,71,0.3,3.9,236,986.0,17.076923076923077,17.46153846153846,17.923076923076923,18.583333333333332,17.153846153846153,17.26923076923077,17.84722222222222,13.205357142857142,0.07692307692307694,0.14390989949132627,0.4302775081869783,5,0.9659258262890683,0.25881904510252074,7,-0.4999999999999997,-0.8660254037844388,4,-0.43388373,-0.90096885,0,197,100,100
2021-07-16 06:00:00+00:00,16.923076923076923,,,30.5,65,0.1,5.0,201,984.8,17.0,17.384615384615383,17.846153846153847,18.5,17.076923076923077,17.19230769230769,17.78125,13.270833333333334,0.07692307692307605,0.14390989949132987,0.4338733932038058,6,1.0,6.123233995736766e-17,7,-0.4999999999999997,-0.8660254037844388,4,-0.43388373,-0.90096885,0,197,100,100
2021-07-16 07:00:00+00:00,16.846153846153847,,,28.3,76,0.0,13.5,222,984.2,16.923076923076923,17.307692307692307,17.76923076923077,18.416666666666668,17.0,17.115384615384617,17.715544871794872,13.341804029304031,0.07692307692307694,0.14390989949133348,0.43965937037819847,7,0.9659258262890683,-0.25881904510252063,7,-0.4999999999999997,-0.8660254037844388,4,-0.43388373,-0.90096885,0,197,100,100
2021-07-16 08:00:00+00:00,16.76923076923077,,,28.1,76,0.0,7.4,209,983.9,16.846153846153847,17.23076923076923,17.692307692307693,18.333333333333332,16.923076923076923,17.03846153846154,17.650106837606838,13.40636446886447,0.07692307692307605,0.1439098994913371,0.4475734594887489,8,0.8660254037844387,-0.4999999999999998,7,-0.4999999999999997,-0.8660254037844388,4,-0.43388373,-0.90096885,0,197,100,100
2021-07-16 09:00:00+00:00,16.692307692307693,,,29.0,73,0.0,8.3,182,983.3,16.76923076923077,17.153846153846153,17.615384615384617,18.25,16.846153846153847,16.961538461538463,17.584935897435898,13.470467032967033,0.07692307692307694,0.1439098994913407,0.4575272007328221,9,0.7071067811865476,-0.7071067811865475,7,-0.4999999999999997,-0.8660254037844388,4,-0.43388373,-0.90096885,0,197,100,100
2021-07-16 10:00:00+00:00,16.615384615384617,,,28.9,74,0.0,7.1,165,983.0,16.692307692307693,17.076923076923077,17.53846153846154,18.166666666666668,16.76923076923077,16.884615384615387,17.52003205128205,13.53411172161172,0.07692307692307605,0.1439098994913443,0.46941178902857283,10,0.49999999999999994,-0.8660254037844387,7,-0.4999999999999997,-0.8660254037844388,4,-0.43388373,-0.90096885,0,197,100,100
2021-07-16 11:00:00+00:00,16.53846153846154,,,27.5,81,0.3,7.2,198,983.3,16.615384615384617,17.0,17.46153846153846,18.083333333333332,16.692307692307693,16.80769230769231,17.455395299145298,13.597298534798535,0.07692307692307694,0.14390989949134791,0.4831046182780583,11,0.258819045102521,-0.9659258262890682,7,-0.4999999999999997,-0.8660254037844388,4,-0.43388373,-0.90096885,0,197,100,100
2021-07-16 12:00:00+00:00,16.46153846153846,,,28.4,85,0.0,3.9,146,982.9,16.53846153846154,16.923076923076923,17.384615384615383,18.0,16.615384615384617,16.73076923076923,17.391025641025642,13.66002747252747,0.07692307692307605,0.14390989949135152,0.4984755080139143,12,1.2246467991473532e-16,-1.0,7,-0.4999999999999997,-0.8660254037844388,4,-0.43388373,-0.90096885,0,197,100,100
2021-07-16 13:00:00+00:00,16.384615384615383,,,26.5,91,0.0,5.6,165,984.0,16.46153846153846,16.846153846153847,17.307692307692307,18.0,16.538461538461537,16.653846153846157,17.326923076923077,13.722298534798535,0.07692307692307916,0.14390989949135616,0.5153921029754776,13,-0.2588190451025208,-0.9659258262890683,7,-0.4999999999999997,-0.8660254037844388,4,-0.43388373,-0.90096885,0,197,100,100
2021-07-16 14:00:00+00:00,16.307692307692307,,,26.5,85,0.0,5.6,165,984.8,16.384615384615383,16.76923076923077,17.23076923076923,18.0,16.461538461538463,16.576923076923077,17.259615384615383,13.78411172161172,0.07692307692307916,0.14390989949136082,0.5289715570380501,14,-0.4999999999999997,-0.8660254037844388,7,-0.4999999999999997,-0.8660254037844388,4,-0.43388373,-0.90096885,0,197,100,100
2021-07-16 15:00:00+00:00,16.23076923076923,,,26.1,87,0.0,6.5,174,985.6,16.307692307692307,16.692307692307693,17.153846153846153,18.0,16.384615384615383,16.5,17.189102564102566,13.845467032967033,0.07692307692307605,0.14390989949136546,0.5386904275423072,15,-0.7071067811865471,-0.7071067811865479,7,-0.4999999999999997,-0.8660254037844388,4,-0.43388373,-0.90096885,0,197,100,100
2021-07-16 16:00:00+00:00,16.153846153846153,,,25.5,91,0.0,6.8,177,985.8,16.23076923076923,16.615384615384617,17.076923076923077,18.0,16.307692307692307,16.423076923076923,17.115384615384617,13.90636446886447,0.07692307692307694,0.1439098994913701,0.5439282932203124,16,-0.8660254037844385,-0.5000000000000004,7,-0.4999999999999997,-0.8660254037844388,4,-0.43388373,-0.90096885,0,197,100,100
2021-07-16 17:00:00+00:00,16.076923076923077,,,24.9,93,0.0,6.4,164,985.3,16.153846153846153,16.53846153846154,17.0,17.923076923076923,16.23076923076923,16.346153846153843,17.038461538461537,13.96085164835165,0.07692307692307605,0.14390989949137475,0.5439282932203184,17,-0.9659258262890683,-0.25881904510252063,7,-0.4999999999999997,-0.8660254037844388,4,-0.43388373,-0.90096885,0,197,100,100
2021-07-16 18:00:00+00:00,16.0,1304191.0,1.0,24.5,94,0.0,6.6,158,985.1,16.076923076923077,16.46153846153846,16.923076923076923,17.846153846153847,16.153846153846153,16.26923076923077,16.961538461538463,14.014880952380953,0.07692307692307694,0.14390989949137942,0.5439282932203244,18,-1.0,-1.8369701987210297e-16,7,-0.4999999999999997,-0.8660254037844388,4,-0.43388373,-0.90096885,0,197,100,100
2021-07-16 19:00:00+00:00,16.0,1304191.0,1.0,24.1,94,0.0,4.4,171,984.7,16.0,16.384615384615383,16.846153846153847,17.76923076923077,16.076923076923077,16.19230769230769,16.884615384615383,14.068452380952381,0.07692307692307605,0.1439098994913851,0.5439282932203304,19,-0.9659258262890684,0.2588190451025203,7,-0.4999999999999997,-0.8660254037844388,4,-0.43388373,-0.90096885,0,197,100,100
2021-07-16 20:00:00+00:00,15.5,,,23.9,96,0.0,4.4,189,984.2,16.0,16.307692307692307,16.76923076923077,17.692307692307693,16.025641025641026,16.128205128205128,16.810897435897434,14.12202380952381,0.0444115591684326,0.1256148586043626,0.538690427542337,20,-0.8660254037844386,0.5000000000000001,7,-0.4999999999999997,-0.8660254037844388,4,-0.43388373,-0.90096885,0,197,100,100
2021-07-16 21:00:00+00:00,15.0,1304191.0,1.0,23.2,98,0.0,3.7,191,984.2,15.5,16.23076923076923,16.692307692307693,17.615384615384617,15.833333333333334,15.993589743589743,16.71955128205128,14.172619047619047,0.28867513459481314,0.25791226739457734,0.5678188181748441,21,-0.7071067811865477,0.7071067811865474,7,-0.4999999999999997,-0.8660254037844388,4,-0.43388373,-0.90096885,0,197,100,100
2021-07-16 22:00:00+00:00,16.0,1304191.0,1.0,23.8,96,0.0,1.8,127,984.4,15.0,16.153846153846153,16.615384615384617,17.53846153846154,15.5,15.788461538461538,16.610576923076923,14.220238095238095,0.5000000000000002,0.44968759701739247,0.6353687127018843,22,-0.5000000000000004,0.8660254037844384,7,-0.4999999999999997,-0.8660254037844388,4,-0.43388373,-0.90096885,0,197,100,100
2021-07-16 23:00:00+00:00,15.0,1304191.0,1.0,23.3,99,0.0,3.6,127,984.6,16.0,16.076923076923077,16.53846153846154,17.46153846153846,15.5,15.762820512820513,16.546474358974358,14.273809523809524,0.5000000000000002,0.4285772987294454,0.6149642342017362,23,-0.25881904510252157,0.9659258262890681,7,-0.4999999999999997,-0.8660254037844388,4,-0.43388373,-0.90096885,0,197,100,100
2021-07-17 00:00:00+00:00,15.0,1304191.0,1.0,24.3,96,0.0,2.3,129,984.9,15.0,16.0,16.46153846153846,17.384615384615383,15.333333333333334,15.583333333333334,16.443910256410255,14.321428571428571,0.5773502691896261,0.49159604012512875,0.6593784412782323,0,0.0,1.0,7,-0.4999999999999997,-0.8660254037844388,5,-0.9749279,-0.22252093,1,198,100,100
2021-07-17 01:00:00+00:00,15.166666666666666,,,25.9,91,0.1,2.9,97,985.2,15.0,16.0,16.384615384615383,17.307692307692307,15.333333333333334,15.416666666666666,16.34455128205128,14.369047619047619,0.5773502691896261,0.4915960401251342,0.6903986282165975,1,0.25881904510252074,0.9659258262890683,7,-0.4999999999999997,-0.8660254037844388,5,-0.9749279,-0.22252093,1,198,100,100
2021-07-17 02:00:00+00:00,15.333333333333334,,,27.0,87,0.2,3.0,104,985.7,15.166666666666666,15.5,16.307692307692307,17.23076923076923,15.055555555555555,15.277777777777779,16.25534188034188,14.417100694444443,0.09622504486493728,0.40368671387972804,0.698810418708698,2,0.49999999999999994,0.8660254037844387,7,-0.4999999999999997,-0.8660254037844388,5,-0.9749279,-0.22252093,1,198,100,100
2021-07-17 03:00:00+00:00,15.5,,,28.3,79,0.1,3.6,127,985.4,15.333333333333334,15.0,16.23076923076923,17.153846153846153,15.166666666666666,15.25,16.17628205128205,14.465587797619047,0.1666666666666675,0.3908679799853515,0.690946367921059,3,0.7071067811865476,0.7071067811865476,7,-0.4999999999999997,-0.8660254037844388,5,-0.9749279,-0.22252093,1,198,100,100
2021-07-17 04:00:00+00:00,15.666666666666666,,,29.3,71,0.0,7.0,168,984.8,15.5,16.0,16.153846153846153,17.076923076923077,15.333333333333334,15.333333333333334,16.107371794871796,14.514508928571429,0.1666666666666675,0.38005847503311024,0.6714072564603708,4,0.8660254037844386,0.5000000000000001,7,-0.4999999999999997,-0.8660254037844388,5,-0.9749279,-0.22252093,1,198,100,100
2021-07-17 05:00:00+00:00,15.833333333333334,,,30.7,64,0.0,6.6,229,983.9,15.666666666666666,15.0,16.076923076923077,17.0,15.5,15.277777777777779,16.04861111111111,14.563864087301587,0.16666666666666594,0.2721655269760014,0.6440173128644492,5,0.9659258262890683,0.25881904510252074,7,-0.4999999999999997,-0.8660254037844388,5,-0.9749279,-0.22252093,1,198,100,100
2021-07-17 06:00:00+00:00,16.0,,,31.1,62,0.1,5.3,242,982.8,15.833333333333334,15.0,16.0,16.923076923076923,15.666666666666666,15.416666666666666,16.0,14.613653273809524,0.1666666666666675,0.3118047822312356,0.6123345073295918,6,1.0,6.123233995736766e-17,7,-0.4999999999999997,-0.8660254037844388,5,-0.9749279,-0.22252093,1,198,100,100
2021-07-17 07:00:00+00:00,16.166666666666668,,,31.8,61,0.0,3.8,221,981.5,16.0,15.166666666666666,16.0,16.846153846153847,15.833333333333334,15.583333333333334,15.961538461538462,14.663876488095237,0.1666666666666675,0.31180478223122704,0.5799684271554281,7,0.9659258262890683,-0.25881904510252063,7,-0.4999999999999997,-0.8660254037844388,5,-0.9749279,-0.22252093,1,198,100,100
2021-07-17 08:00:00+00:00,16.333333333333332,,,30.3,68,0.1,11.5,166,980.8,16.166666666666668,15.333333333333334,15.5,16.76923076923077,16.0,15.75,15.933226495726496,14.71453373015873,0.16666666666666705,0.31180478223121905,0.5507565248969067,8,0.8660254037844387,-0.4999999999999998,7,-0.4999999999999997,-0.8660254037844388,5,-0.9749279,-0.22252093,1,198,100,100
2021-07-17 09:00:00+00:00,16.5,,,30.1,73,0.1,7.4,151,980.2,16.333333333333332,15.5,15.0,16.692307692307693,16.166666666666668,15.916666666666666,15.915064102564102,14.765625,0.16666666666666816,0.311804782231211,0.5287359264877193,9,0.7071067811865476,-0.7071067811865475,7,-0.4999999999999997,-0.8660254037844388,5,-0.9749279,-0.22252093,1,198,100,100
2021-07-17 10:00:00+00:00,16.666666666666668,,,29.7,74,0.5,5.6,140,980.1,16.5,15.666666666666666,16.0,16.615384615384617,16.333333333333332,16.083333333333332,15.907051282051283,14.817150297619047,0.16666666666667126,0.3118047822312032,0.517788781779454,10,0.49999999999999994,-0.8660254037844387,7,-0.4999999999999997,-0.8660254037844388,5,-0.9749279,-0.22252093,1,198,100,100
2021-07-17 11:00:00+00:00,16.833333333333332,,,28.9,83,0.0,3.4,122,980.1,16.666666666666668,15.833333333333334,15.0,16.53846153846154,16.5,16.25,15.909188034188034,14.869109623015872,0.16666666666667435,0.31180478223119495,0.5209351942814243,11,0.258819045102521,-0.9659258262890682,7,-0.4999999999999997,-0.8660254037844388,5,-0.9749279,-0.22252093,1,198,100,100
2021-07-17 12:00:00+00:00,17.0,1304191.0,1.0,28.0,90,0.6,4.0,170,980.0,16.833333333333332,16.0,15.0,16.46153846153846,16.666666666666668,16.416666666666668,15.921474358974358,14.921502976190476,0.16666666666667126,0.31180478223118613,0.5395661084069684,12,1.2246467991473532e-16,-1.0,7,-0.4999999999999997,-0.8660254037844388,5,-0.9749279,-0.22252093,1,198,100,100
2021-07-17 13:00:00+00:00,17.0,,,28.1,78,0.0,8.0,190,981.1,17.0,16.166666666666668,15.166666666666666,16.384615384615383,16.833333333333332,16.583333333333332,15.943910256410255,14.974330357142858,0.16666666666667126,0.3118047822311784,0.5731489645684119,13,-0.2588190451025208,-0.9659258262890683,7,-0.4999999999999997,-0.8660254037844388,5,-0.9749279,-0.22252093,1,198,100,100
2021-07-17 14:00:00+00:00,17.0,,,27.4,75,0.0,9.1,187,982.2,17.0,16.333333333333332,15.333333333333334,16.307692307692307,16.944444444444443,16.72222222222222,15.969551282051283,15.026599702380953,0.09622504486494933,0.27216552697592017,0.6065160438130764,14,-0.4999999999999997,-0.8660254037844388,7,-0.4999999999999997,-0.8660254037844388,5,-0.9749279,-0.22252093,1,198,100,100
2021-07-17 15:00:00+00:00,17.0,,,26.7,81,0.0,9.1,187,982.7,17.0,16.5,15.5,16.23076923076923,17.0,16.833333333333332,15.998397435897436,15.078311011904763,4.71031986787982e-08,0.21081851067789814,0.6388962682069165,15,-0.7071067811865471,-0.7071067811865479,7,-0.4999999999999997,-0.8660254037844388,5,-0.9749279,-0.22252093,1,198,100,100
2021-07-17 16:00:00+00:00,17.0,,,26.1,85,0.0,7.6,180,982.9,17.0,16.666666666666668,15.666666666666666,16.153846153846153,17.0,16.916666666666668,16.03044871794872,15.129464285714286,4.71031986787982e-08,0.13944333775567916,0.6696167095786096,16,-0.8660254037844385,-0.5000000000000004,7,-0.4999999999999997,-0.8660254037844388,5,-0.9749279,-0.22252093,1,198,100,100
2021-07-17 17:00:00+00:00,17.0,,,25.5,89,0.0,6.8,162,982.5,17.0,16.833333333333332,15.833333333333334,16.076923076923077,17.0,16.97222222222222,16.065705128205128,15.180059523809524,4.71031986787982e-08,0.06804138174396711,0.6980675432120178,17,-0.9659258262890683,-0.25881904510252063,7,-0.4999999999999997,-0.8660254037844388,5,-0.9749279,-0.22252093,1,198,100,100
2021-07-17 18:00:00+00:00,17.0,,,25.2,91,0.0,5.8,158,982.0,17.0,17.0,16.0,16.0,17.0,17.0,16.104166666666668,15.230096726190476,4.71031986787982e-08,0.0,0.7236723642790477,18,-1.0,-1.8369701987210297e-16,7,-0.4999999999999997,-0.8660254037844388,5,-0.9749279,-0.22252093,1,198,100,100
2021-07-17 19:00:00+00:00,17.0,,,24.9,92,0.0,5.4,160,981.4,17.0,17.0,16.166666666666668,16.0,17.0,17.0,16.145833333333332,15.279575892857142,4.71031986787982e-08,0.0,0.7458621765939041,19,-0.9659258262890684,0.2588190451025203,7,-0.4999999999999997,-0.8660254037844388,5,-0.9749279,-0.22252093,1,198,100,100
2021-07-17 20:00:00+00:00,17.0,,,24.2,95,0.0,3.9,158,981.1,17.0,17.0,16.333333333333332,15.5,17.0,17.0,16.1875,15.328497023809524,4.71031986787982e-08,0.0,0.7650463343613695,20,-0.8660254037844386,0.5000000000000001,7,-0.4999999999999997,-0.8660254037844388,5,-0.9749279,-0.22252093,1,198,100,100
2021-07-17 21:00:00+00:00,17.0,,,24.1,96,0.0,3.6,174,981.1,17.0,17.0,16.5,15.0,17.0,17.0,16.25,15.376860119047619,4.71031986787982e-08,0.0,0.7677056601825227,21,-0.7071067811865477,0.7071067811865474,7,-0.4999999999999997,-0.8660254037844388,5,-0.9749279,-0.22252093,1,198,100,100
2021-07-17 22:00:00+00:00,17.0,,,23.8,97,0.0,4.3,180,981.1,17.0,17.0,16.666666666666668,16.0,17.0,17.0,16.333333333333332,15.424665178571429,4.71031986787982e-08,0.0,0.73392597923436,22,-0.5000000000000004,0.8660254037844384,7,-0.4999999999999997,-0.8660254037844388,5,-0.9749279,-0.22252093,1,198,100,100
2021-07-17 23:00:00+00:00,17.0,1304191.0,1.0,23.8,97,0.0,2.9,187,981.4,17.0,17.0,16.833333333333332,15.0,17.0,17.0,16.375,15.471912202380953,4.71031986787982e-08,0.0,0.7425149846403095,23,-0.25881904510252157,0.9659258262890681,7,-0.4999999999999997,-0.8660254037844388,5,-0.9749279,-0.22252093,1,198,100,100
2021-07-18 00:00:00+00:00,17.0,1304191.0,1.0,25.4,90,0.0,7.2,186,981.6,17.0,17.0,17.0,15.0,17.0,17.0,16.458333333333332,15.51860119047619,4.71031986787982e-08,0.0,0.6920005305629809,0,0.0,1.0,7,-0.4999999999999997,-0.8660254037844388,6,-0.7818315,0.6234898,1,199,100,100
2021-07-18 01:00:00+00:00,16.8,,,26.6,85,0.0,5.4,180,982.3,17.0,17.0,17.0,15.166666666666666,17.0,17.0,16.541666666666668,15.564732142857142,4.71031986787982e-08,0.0,0.6260257283533212,1,0.25881904510252074,0.9659258262890683,7,-0.4999999999999997,-0.8660254037844388,6,-0.7818315,0.6234898,1,199,100,100
2021-07-18 02:00:00+00:00,16.6,,,27.8,82,0.0,5.8,184,982.3,16.8,17.0,17.0,15.333333333333334,16.933333333333334,16.966666666666665,16.60972222222222,15.609114583333334,0.11547005383793435,0.08164965809277275,0.5547754184309548,2,0.49999999999999994,0.8660254037844387,7,-0.4999999999999997,-0.8660254037844388,6,-0.7818315,0.6234898,1,199,100,100
2021-07-18 03:00:00+00:00,16.4,,,28.9,77,0.1,7.7,169,982.5,16.6,17.0,17.0,15.5,16.8,16.900000000000002,16.6625,15.651748511904762,0.20000000000000426,0.1673320053068153,0.4837766582549925,3,0.7071067811865476,0.7071067811865476,7,-0.4999999999999997,-0.8660254037844388,6,-0.7818315,0.6234898,1,199,100,100
2021-07-18 04:00:00+00:00,16.2,,,29.1,76,0.1,5.8,184,982.0,16.4,17.0,17.0,15.666666666666666,16.599999999999998,16.8,16.7,15.69263392857143,0.20000000000000737,0.2529822128134717,0.42048970760625964,4,0.8660254037844386,0.5000000000000001,7,-0.4999999999999997,-0.8660254037844388,6,-0.7818315,0.6234898,1,199,100,100
2021-07-18 05:00:00+00:00,16.0,1304191.0,1.0,29.7,73,0.2,1.4,270,981.3,16.2,17.0,17.0,15.833333333333334,16.400000000000002,16.666666666666668,16.72222222222222,15.731770833333334,0.20000000000000737,0.32659863237109227,0.37515428924728694,5,0.9659258262890683,0.25881904510252074,7,-0.4999999999999997,-0.8660254037844388,6,-0.7818315,0.6234898,1,199,100,100
2021-07-18 06:00:00+00:00,16.0,1304191.0,1.0,29.5,75,0.2,3.6,315,980.1,16.0,17.0,17.0,16.0,16.2,16.5,16.729166666666668,15.769159226190476,0.20000000000000426,0.3741657386773962,0.3591875561360489,6,1.0,6.123233995736766e-17,7,-0.4999999999999997,-0.8660254037844388,6,-0.7818315,0.6234898,1,199,100,100
2021-07-18 07:00:00+00:00,16.0,1304191.0,1.0,29.8,75,1.0,5.7,235,978.9,16.0,16.8,17.0,16.166666666666668,16.066666666666666,16.333333333333332,16.729166666666668,15.805989583333334,0.11547005383793436,0.32659863237109227,0.3591875561360489,7,0.9659258262890683,-0.25881904510252063,7,-0.4999999999999997,-0.8660254037844388,6,-0.7818315,0.6234898,1,199,100,100
2021-07-18 08:00:00+00:00,16.0,,,29.8,74,1.1,6.9,186,978.2,16.0,16.6,17.0,16.333333333333332,16.0,16.2,16.72222222222222,15.842261904761905,0.0,0.2529822128134717,0.37192106931906815,8,0.8660254037844387,-0.4999999999999998,7,-0.4999999999999997,-0.8660254037844388,6,-0.7818315,0.6234898,1,199,100,100
2021-07-18 09:00:00+00:00,16.0,1304191.0,1.0,28.5,84,2.8,3.0,256,978.3,16.0,16.4,17.0,16.5,16.0,16.099999999999998,16.708333333333332,15.87797619047619,0.0,0.16733200530681533,0.3927175233421534,9,0.7071067811865476,-0.7071067811865475,7,-0.4999999999999997,-0.8660254037844388,6,-0.7818315,0.6234898,1,199,100,100
2021-07-18 10:00:00+00:00,16.0,1304191.0,1.0,27.9,90,1.2,5.0,150,978.1,16.0,16.2,17.0,16.666666666666668,16.0,16.033333333333335,16.6875,15.91313244047619,0.0,0.08164965809277283,0.41677534814472533,10,0.49999999999999994,-0.8660254037844387,7,-0.4999999999999997,-0.8660254037844388,6,-0.7818315,0.6234898,1,199,100,100
2021-07-18 11:00:00+00:00,16.0,1304191.0,1.0,27.0,94,0.0,5.1,129,978.7,16.0,16.0,17.0,16.833333333333332,16.0,16.0,16.65972222222222,15.947730654761905,0.0,0.0,0.4398044324563797,11,0.258819045102521,-0.9659258262890682,7,-0.4999999999999997,-0.8660254037844388,6,-0.7818315,0.6234898,1,199,100,100
2021-07-18 12:00:00+00:00,16.0,1304191.0,1.0,26.8,92,1.0,6.4,164,979.0,16.0,16.0,17.0,17.0,16.0,16.0,16.625,15.981770833333334,0.0,0.0,0.45802031471929433,12,1.2246467991473532e-16,-1.0,7,-0.4999999999999997,-0.8660254037844388,6,-0.7818315,0.6234898,1,199,100,100
2021-07-18 13:00:00+00:00,16.0,1304191.0,1.0,26.5,92,0.0,8.4,160,980.2,16.0,16.0,16.8,17.0,16.0,16.0,16.583333333333332,16.015252976190474,0.0,0.0,0.46780399710782705,13,-0.2588190451025208,-0.9659258262890683,7,-0.4999999999999997,-0.8660254037844388,6,-0.7818315,0.6234898,1,199,100,100
2021-07-18 14:00:00+00:00,16.0,1304191.0,1.0,26.2,94,0.0,7.3,169,980.8,16.0,16.0,16.6,17.0,16.0,16.0,16.541666666666668,16.048177083333332,0.0,0.0,0.4735771978450414,14,-0.4999999999999997,-0.8660254037844388,7,-0.4999999999999997,-0.8660254037844388,6,-0.7818315,0.6234898,1,199,100,100
2021-07-18 15:00:00+00:00,16.0,1304191.0,1.0,26.0,95,0.0,9.1,171,981.1,16.0,16.0,16.4,17.0,16.0,16.0,16.5,16.080543154761905,0.0,0.0,0.475486021373569,15,-0.7071067811865471,-0.7071067811865479,7,-0.4999999999999997,-0.8660254037844388,6,-0.7818315,0.6234898,1,199,100,100
2021-07-18 16:00:00+00:00,16.0,,,25.6,92,0.0,9.9,170,981.6,16.0,16.0,16.2,17.0,16.0,16.0,16.458333333333332,16.11235119047619,0.0,0.0,0.4735771978450545,16,-0.8660254037844385,-0.5000000000000004,7,-0.4999999999999997,-0.8660254037844388,6,-0.7818315,0.6234898,1,199,100,100
2021-07-18 17:00:00+00:00,16.0,1304191.0,1.0,25.4,92,0.0,8.7,163,981.2,16.0,16.0,16.0,17.0,16.0,16.0,16.416666666666668,16.14360119047619,0.0,0.0,0.46780399710785364,17,-0.9659258262890683,-0.25881904510252063,7,-0.4999999999999997,-0.8660254037844388,6,-0.7818315,0.6234898,1,199,100,100
2021-07-18 18:00:00+00:00,16.0,1304191.0,1.0,25.1,92,0.0,4.8,153,980.8,16.0,16.0,16.0,17.0,16.0,16.0,16.375,16.174293154761905,0.0,0.0,0.45802031471933496,18,-1.0,-1.8369701987210297e-16,7,-0.4999999999999997,-0.8660254037844388,6,-0.7818315,0.6234898,1,199,100,100
2021-07-18 19:00:00+00:00,16.0,,,24.9,92,0.0,6.6,167,980.4,16.0,16.0,16.0,17.0,16.0,16.0,16.333333333333332,16.204427083333332,0.0,0.0,0.4439610898212992,19,-0.9659258262890684,0.2588190451025203,7,-0.4999999999999997,-0.8660254037844388,6,-0.7818315,0.6234898,1,199,100,100
2021-07-18 20:00:00+00:00,16.0,1304191.0,1.0,24.6,92,0.0,5.6,153,980.1,16.0,16.0,16.0,17.0,16.0,16.0,16.291666666666668,16.234002976190474,0.0,0.0,0.42520242408673525,20,-0.8660254037844386,0.5000000000000001,7,-0.4999999999999997,-0.8660254037844388,6,-0.7818315,0.6234898,1,199,100,100
2021-07-18 21:00:00+00:00,16.0,1304191.0,1.0,24.5,91,0.0,6.6,151,980.0,16.0,16.0,16.0,17.0,16.0,16.0,16.25,16.263020833333332,0.0,0.0,0.40108548367817937,21,-0.7071067811865477,0.7071067811865474,7,-0.4999999999999997,-0.8660254037844388,6,-0.7818315,0.6234898,1,199,100,100
2021-07-18 22:00:00+00:00,15.0,1304191.0,1.0,24.2,91,0.0,7.1,150,980.2,16.0,16.0,16.0,17.0,16.0,16.0,16.208333333333332,16.291480654761905,0.0,0.0,0.3705655685296267,22,-0.5000000000000004,0.8660254037844384,7,-0.4999999999999997,-0.8660254037844388,6,-0.7818315,0.6234898,1,199,100,100
2021-07-18 23:00:00+00:00,14.0,1304191.0,1.0,23.9,93,0.0,7.3,160,980.4,15.0,16.0,16.0,17.0,15.666666666666666,15.833333333333334,16.125,16.31343005952381,0.5773502691896255,0.4082482904638632,0.4078043008920795,23,-0.25881904510252157,0.9659258262890681,7,-0.4999999999999997,-0.8660254037844388,6,-0.7818315,0.6234898,1,199,100,100
2021-07-19 00:00:00+00:00,14.0,1304191.0,1.0,24.7,92,0.0,8.4,170,980.8,14.0,16.0,16.0,17.0,15.0,15.5,16.0,16.328869047619047,0.9999999999999998,0.8366600265340758,0.5595028849442005,0,0.0,1.0,7,-0.4999999999999997,-0.8660254037844388,0,0.0,1.0,0,200,100,100
2021-07-19 01:00:00+00:00,14.333333333333334,,,25.6,88,0.0,8.3,180,981.2,14.0,16.0,16.0,16.8,14.333333333333334,15.166666666666666,15.875,16.34375,0.5773502691896255,0.9831920802501755,0.6535854290324373,1,0.25881904510252074,0.9659258262890683,7,-0.4999999999999997,-0.8660254037844388,0,0.0,1.0,0,200,100,100
2021-07-19 02:00:00+00:00,14.666666666666666,,,26.8,82,0.1,9.1,198,981.6,14.333333333333334,16.0,16.0,16.6,14.111111111111112,14.888888888888888,15.77222222222222,16.360057043650794,0.19245008972987585,0.9349192874650066,0.6944685986137914,2,0.49999999999999994,0.8660254037844387,7,-0.4999999999999997,-0.8660254037844388,0,0.0,1.0,0,200,100,100
2021-07-19 03:00:00+00:00,15.0,1304191.0,1.0,27.2,81,0.1,7.9,177,981.6,14.666666666666666,16.0,16.0,16.4,14.333333333333334,14.666666666666666,15.691666666666665,16.377790178571427,0.333333333333334,0.7601169500660939,0.7063035709237124,3,0.7071067811865476,0.7071067811865476,7,-0.4999999999999997,-0.8660254037844388,0,0.0,1.0,0,200,100,100
2021-07-19 04:00:00+00:00,15.0,1304191.0,1.0,28.3,77,0.1,5.0,210,981.1,15.0,15.0,16.0,16.2,14.666666666666666,14.5,15.633333333333333,16.396949404761905,0.33333333333333554,0.4594682917363451,0.7030643760768243,4,0.8660254037844386,0.5000000000000001,7,-0.4999999999999997,-0.8660254037844388,0,0.0,1.0,0,200,100,100
2021-07-19 05:00:00+00:00,15.0,1304191.0,1.0,28.2,74,0.9,12.5,219,980.6,15.0,14.0,16.0,16.0,14.888888888888888,14.5,15.583333333333334,16.415550595238095,0.19245008972988106,0.4594682917363451,0.7036825151484827,5,0.9659258262890683,0.25881904510252074,7,-0.4999999999999997,-0.8660254037844388,0,0.0,1.0,0,200,100,100
2021-07-19 06:00:00+00:00,15.0,,,28.6,75,0.6,11.4,193,979.8,15.0,14.0,16.0,16.0,15.0,14.666666666666666,15.541666666666666,16.43359375,0.0,0.4216370213557868,0.7075336491887845,6,1.0,6.123233995736766e-17,7,-0.4999999999999997,-0.8660254037844388,0,0.0,1.0,0,200,100,100
2021-07-19 07:00:00+00:00,15.0,1304191.0,1.0,27.2,81,0.7,10.7,160,979.0,15.0,14.333333333333334,16.0,16.0,15.0,14.833333333333334,15.5,16.45107886904762,0.0,0.27888667551135926,0.7088127107616682,7,0.9659258262890683,-0.25881904510252063,7,-0.4999999999999997,-0.8660254037844388,0,0.0,1.0,0,200,100,100
2021-07-19 08:00:00+00:00,15.0,,,26.6,86,0.4,9.7,149,978.5,15.0,14.666666666666666,16.0,16.0,15.0,14.944444444444445,15.458333333333334,16.468005952380953,0.0,0.13608276348795048,0.7075336491887955,8,0.8660254037844387,-0.4999999999999998,7,-0.4999999999999997,-0.8660254037844388,0,0.0,1.0,0,200,100,100
2021-07-19 09:00:00+00:00,15.0,,,27.5,84,0.1,8.8,168,978.1,15.0,15.0,16.0,16.0,15.0,15.0,15.416666666666666,16.484375,0.0,0.0,0.7036825151485046,9,0.7071067811865476,-0.7071067811865475,7,-0.4999999999999997,-0.8660254037844388,0,0.0,1.0,0,200,100,100
2021-07-19 10:00:00+00:00,15.0,1304191.0,1.0,27.1,83,0.3,9.4,176,978.0,15.0,15.0,15.0,16.0,15.0,15.0,15.375,16.500186011904763,0.0,0.0,0.6972166887784887,10,0.49999999999999994,-0.8660254037844387,7,-0.4999999999999997,-0.8660254037844388,0,0.0,1.0,0,200,100,100
2021-07-19 11:00:00+00:00,15.0,,,25.8,89,0.7,9.0,182,978.9,15.0,15.0,14.0,16.0,15.0,15.0,15.333333333333334,16.515438988095237,0.0,0.0,0.6880624620562856,11,0.258819045102521,-0.9659258262890682,7,-0.4999999999999997,-0.8660254037844388,0,0.0,1.0,0,200,100,100
2021-07-19 12:00:00+00:00,15.0,,,26.8,85,0.6,6.9,174,979.1,15.0,15.0,14.0,16.0,15.0,15.0,15.291666666666666,16.530133928571427,0.0,0.0,0.6761106446912946,12,1.2246467991473532e-16,-1.0,7,-0.4999999999999997,-0.8660254037844388,0,0.0,1.0,0,200,100,100
2021-07-19 13:00:00+00:00,15.0,,,25.6,90,0.9,9.5,155,980.4,15.0,15.0,14.333333333333334,16.0,15.0,15.0,15.25,16.544270833333332,0.0,0.0,0.6612095489578181,13,-0.2588190451025208,-0.9659258262890683,7,-0.4999999999999997,-0.8660254037844388,0,0.0,1.0,0,200,100,100
2021-07-19 14:00:00+00:00,15.0,1304191.0,1.0,24.2,99,1.4,8.5,168,980.9,15.0,15.0,14.666666666666666,16.0,15.0,15.0,15.208333333333334,16.557849702380953,0.0,0.0,0.6431542140072841,14,-0.4999999999999997,-0.8660254037844388,7,-0.4999999999999997,-0.8660254037844388,0,0.0,1.0,0,200,100,100
2021-07-19 15:00:00+00:00,13.0,1304191.0,1.0,24.2,99,1.0,7.1,156,981.0,15.0,15.0,15.0,16.0,15.0,15.0,15.166666666666666,16.570870535714285,0.0,0.0,0.6216698721603425,15,-0.7071067811865471,-0.7071067811865479,7,-0.4999999999999997,-0.8660254037844388,0,0.0,1.0,0,200,100,100
2021-07-19 16:00:00+00:00,13.0,1304191.0,1.0,24.0,99,0.6,6.8,148,981.2,13.0,15.0,15.0,16.0,14.333333333333334,14.666666666666666,15.041666666666666,16.571428571428573,1.1547005383792517,0.8164965809277259,0.737619228060151,16,-0.8660254037844385,-0.5000000000000004,7,-0.4999999999999997,-0.8660254037844388,0,0.0,1.0,0,200,100,100
2021-07-19 17:00:00+00:00,13.0,,,24.0,99,0.3,8.6,165,980.8,13.0,15.0,15.0,16.0,13.666666666666666,14.333333333333334,14.916666666666666,16.571428571428573,1.1547005383792517,1.0327955589886442,0.8179744040030077,17,-0.9659258262890683,-0.25881904510252063,7,-0.4999999999999997,-0.8660254037844388,0,0.0,1.0,0,200,100,100
2021-07-19 18:00:00+00:00,13.0,1304191.0,1.0,23.8,99,0.3,8.9,166,980.6,13.0,15.0,15.0,16.0,13.0,14.0,14.791666666666666,16.570578231292515,0.0,1.0954451150103317,0.8726244495497043,18,-1.0,-1.8369701987210297e-16,7,-0.4999999999999997,-0.8660254037844388,0,0.0,1.0,0,200,100,100
2021-07-19 19:00:00+00:00,13.0,,,23.5,99,1.5,9.9,161,980.1,13.0,15.0,15.0,16.0,13.0,13.666666666666666,14.666666666666666,16.568877551020407,0.0,1.0327955589886442,0.9062317797603432,19,-0.9659258262890684,0.2588190451025203,7,-0.4999999999999997,-0.8660254037844388,0,0.0,1.0,0,200,100,100
2021-07-19 20:00:00+00:00,13.0,1304191.0,1.0,23.4,99,0.7,8.7,150,980.0,13.0,15.0,15.0,16.0,13.0,13.333333333333334,14.541666666666666,16.566326530612248,0.0,0.8164965809277264,0.921102573924913,20,-0.8660254037844386,0.5000000000000001,7,-0.4999999999999997,-0.8660254037844388,0,0.0,1.0,0,200,100,100
2021-07-19 21:00:00+00:00,12.75,,,23.5,96,0.1,9.2,154,980.0,13.0,13.0,15.0,16.0,13.0,13.0,14.416666666666666,16.562925170068027,0.0,0.0,0.9181476836993201,21,-0.7071067811865477,0.7071067811865474,7,-0.4999999999999997,-0.8660254037844388,0,0.0,1.0,0,200,100,100
2021-07-19 22:00:00+00:00,12.5,,,23.4,96,0.1,9.3,164,980.2,12.75,13.0,15.0,15.0,12.916666666666666,12.958333333333334,14.28125,16.557185374149658,0.14433756729740618,0.1020620726159659,0.9141310451096035,22,-0.5000000000000004,0.8660254037844384,7,-0.4999999999999997,-0.8660254037844388,0,0.0,1.0,0,200,100,100
2021-07-19 23:00:00+00:00,12.25,,,23.4,96,0.1,9.0,164,980.6,12.5,13.0,15.0,14.0,12.75,12.875,14.177083333333334,16.549107142857142,0.24999999999999978,0.20916500663351917,0.9694339762458616,23,-0.25881904510252157,0.9659258262890681,7,-0.4999999999999997,-0.8660254037844388,0,0.0,1.0,0,200,100,100
2021-07-20 00:00:00+00:00,12.0,1304191.0,1.0,23.5,99,0.0,7.6,161,981.5,12.25,13.0,15.0,14.0,12.5,12.75,14.104166666666666,16.538690476190474,0.24999999999999978,0.31622776601683805,1.0461136958928783,0,0.0,1.0,7,-0.4999999999999997,-0.8660254037844388,1,0.7818315,0.6234898,0,201,100,100
2021-07-20 01:00:00+00:00,11.5,,,24.4,96,0.3,7.4,166,982.1,12.0,13.0,15.0,14.333333333333334,12.25,12.583333333333334,14.020833333333334,16.526785714285715,0.24999999999999978,0.40824829046386274,1.1309891570790254,1,0.25881904510252074,0.9659258262890683,7,-0.4999999999999997,-0.8660254037844388,1,0.7818315,0.6234898,0,201,100,100
2021-07-20 02:00:00+00:00,11.0,1304191.0,1.0,25.1,95,0.4,6.4,164,982.4,11.5,13.0,15.0,14.666666666666666,11.916666666666666,12.333333333333334,13.902777777777779,16.511904761904763,0.3818813079129863,0.5400617248673207,1.239610608436334,2,0.49999999999999994,0.8660254037844387,7,-0.4999999999999997,-0.8660254037844388,1,0.7818315,0.6234898,0,201,100,100
2021-07-20 03:00:00+00:00,11.0,,,25.5,94,0.4,6.5,161,982.5,11.0,12.75,13.0,15.0,11.5,12.0,13.75,16.49404761904762,0.49999999999999956,0.6519202405202638,1.3613452426058714,3,0.7071067811865476,0.7071067811865476,7,-0.4999999999999997,-0.8660254037844388,1,0.7818315,0.6234898,0,201,100,100
2021-07-20 04:00:00+00:00,11.0,1304191.0,1.0,25.6,93,1.4,9.0,178,982.2,11.0,12.5,13.0,15.0,11.166666666666666,11.708333333333334,13.583333333333334,16.476190476190474,0.288675134594812,0.6406377031260843,1.4440030912490054,4,0.8660254037844386,0.5000000000000001,7,-0.4999999999999997,-0.8660254037844388,1,0.7818315,0.6234898,0,201,100,100
2021-07-20 05:00:00+00:00,11.0,1304191.0,1.0,25.4,91,4.3,11.0,191,981.9,11.0,12.25,13.0,15.0,11.0,11.458333333333334,13.416666666666666,16.458333333333332,0.0,0.5571504883482238,1.5030162910011897,5,0.9659258262890683,0.25881904510252074,7,-0.4999999999999997,-0.8660254037844388,1,0.7818315,0.6234898,0,201,100,100
2021-07-20 06:00:00+00:00,11.333333333333334,,,25.3,90,1.8,13.0,175,981.3,11.0,12.0,13.0,15.0,11.0,11.25,13.25,16.43452380952381,0.0,0.4183300132670344,1.5411035007424094,6,1.0,6.123233995736766e-17,7,-0.4999999999999997,-0.8660254037844388,1,0.7818315,0.6234898,0,201,100,100
2021-07-20 07:00:00+00:00,11.666666666666666,,,24.9,92,0.3,12.9,167,980.5,11.333333333333334,11.5,13.0,15.0,11.111111111111112,11.138888888888888,13.097222222222221,16.412698412698415,0.19245008972987585,0.22152668930418126,1.5418217052217706,7,0.9659258262890683,-0.25881904510252063,7,-0.4999999999999997,-0.8660254037844388,1,0.7818315,0.6234898,0,201,100,100
2021-07-20 08:00:00+00:00,12.0,1304191.0,1.0,25.0,93,0.3,12.2,161,979.8,11.666666666666666,11.0,13.0,15.0,11.333333333333334,11.166666666666666,12.958333333333334,16.392857142857142,0.333333333333334,0.27888667551135343,1.5128275985702175,8,0.8660254037844387,-0.4999999999999998,7,-0.4999999999999997,-0.8660254037844388,1,0.7818315,0.6234898,0,201,100,100
2021-07-20 09:00:00+00:00,12.0,,,26.0,88,0.2,11.3,158,979.4,12.0,11.0,12.75,15.0,11.666666666666666,11.333333333333334,12.833333333333334,16.375,0.33333333333333554,0.42163702135578096,1.4598077432811416,9,0.7071067811865476,-0.7071067811865475,7,-0.4999999999999997,-0.8660254037844388,1,0.7818315,0.6234898,0,201,100,100
2021-07-20 10:00:00+00:00,12.0,,,26.4,86,0.2,9.2,169,979.3,12.0,11.0,12.5,15.0,11.888888888888888,11.5,12.708333333333334,16.357142857142858,0.19245008972988106,0.45946829173633863,1.3931336102611456,10,0.49999999999999994,-0.8660254037844387,7,-0.4999999999999997,-0.8660254037844388,1,0.7818315,0.6234898,0,201,100,100
2021-07-20 11:00:00+00:00,12.0,1304191.0,1.0,25.1,93,2.4,9.3,196,980.2,12.0,11.0,12.25,15.0,12.0,11.666666666666666,12.583333333333334,16.339285714285715,0.0,0.4216370213557825,1.3107231473819154,11,0.258819045102521,-0.9659258262890682,7,-0.4999999999999997,-0.8660254037844388,1,0.7818315,0.6234898,0,201,100,100
2021-07-20 12:00:00+00:00,12.0,,,25.2,92,0.5,7.4,194,980.1,12.0,11.333333333333334,12.0,15.0,12.0,11.833333333333334,12.458333333333334,16.31547619047619,0.0,0.2788866755113581,1.209363628721354,12,1.2246467991473532e-16,-1.0,7,-0.4999999999999997,-0.8660254037844388,1,0.7818315,0.6234898,0,201,100,100
2021-07-20 13:00:00+00:00,12.0,,,24.8,95,0.2,7.6,183,981.3,12.0,11.666666666666666,11.5,15.0,12.0,11.944444444444443,12.333333333333334,16.288690476190474,0.0,0.1360827634879568,1.0837513129003509,13,-0.2588190451025208,-0.9659258262890683,7,-0.4999999999999997,-0.8660254037844388,1,0.7818315,0.6234898,0,201,100,100
2021-07-20 14:00:00+00:00,12.0,1304191.0,1.0,24.2,99,0.2,6.5,161,981.9,12.0,12.0,11.0,15.0,12.0,12.0,12.208333333333334,16.258928571428573,0.0,0.0,0.9240480151486787,14,-0.4999999999999997,-0.8660254037844388,7,-0.4999999999999997,-0.8660254037844388,1,0.7818315,0.6234898,0,201,100,100
2021-07-20 15:00:00+00:00,12.0,1304191.0,1.0,24.0,99,0.4,7.2,162,982.5,12.0,12.0,11.0,13.0,12.0,12.0,12.083333333333334,16.235119047619047,0.0,0.0,0.7075336491892226,15,-0.7071067811865471,-0.7071067811865479,7,-0.4999999999999997,-0.8660254037844388,1,0.7818315,0.6234898,0,201,100,100
2021-07-20 16:00:00+00:00,12.0,1304191.0,1.0,23.8,99,0.4,6.9,171,982.6,12.0,12.0,11.0,13.0,12.0,12.0,12.041666666666666,16.205357142857142,0.0,0.0,0.6801179210064646,16,-0.8660254037844385,-0.5000000000000004,7,-0.4999999999999997,-0.8660254037844388,1,0.7818315,0.6234898,0,201,100,100
2021-07-20 17:00:00+00:00,12.0,1304191.0,1.0,23.7,99,0.4,7.7,169,982.0,12.0,12.0,11.0,13.0,12.0,12.0,12.0,16.175595238095237,0.0,0.0,0.6487632232236169,17,-0.9659258262890683,-0.25881904510252063,7,-0.4999999999999997,-0.8660254037844388,1,0.7818315,0.6234898,0,201,100,100
2021-07-20 18:00:00+00:00,12.0,,,23.6,99,0.2,7.3,169,981.7,12.0,12.0,11.333333333333334,13.0,12.0,12.0,11.958333333333334,16.145833333333332,0.0,0.0,0.6128652908552094,18,-1.0,-1.8369701987210297e-16,7,-0.4999999999999997,-0.8660254037844388,1,0.7818315,0.6234898,0,201,100,100
2021-07-20 19:00:00+00:00,12.0,1304191.0,1.0,23.5,99,0.4,7.0,159,981.1,12.0,12.0,11.666666666666666,13.0,12.0,12.0,11.916666666666666,16.1140873015873,0.0,0.0,0.5715687371233553,19,-0.9659258262890684,0.2588190451025203,7,-0.4999999999999997,-0.8660254037844388,1,0.7818315,0.6234898,0,201,100,100
2021-07-20 20:00:00+00:00,12.5,,,23.5,99,0.2,6.6,151,980.6,12.0,12.0,12.0,13.0,12.0,12.0,11.875,16.080357142857142,0.0,0.0,0.5235977362181171,20,-0.8660254037844386,0.5000000000000001,7,-0.4999999999999997,-0.8660254037844388,1,0.7818315,0.6234898,0,201,100,100
2021-07-20 21:00:00+00:00,13.0,1304191.0,1.0,23.4,99,0.1,6.0,147,980.6,12.5,12.0,12.0,12.75,12.166666666666666,12.083333333333334,11.854166666666666,16.047619047619047,0.28867513459481314,0.20412414523193137,0.48544640544672546,21,-0.7071067811865477,0.7071067811865474,7,-0.4999999999999997,-0.8660254037844388,1,0.7818315,0.6234898,0,201,100,100
2021-07-20 22:00:00+00:00,13.043478260869565,,,23.3,99,0.1,5.5,148,980.6,13.0,12.0,12.0,12.5,12.5,12.25,11.864583333333334,16.019841269841272,0.5000000000000002,0.418330013267037,0.5076780642385199,22,-0.5000000000000004,0.8660254037844384,7,-0.4999999999999997,-0.8660254037844388,1,0.7818315,0.6234898,0,201,100,100
2021-07-20 23:00:00+00:00,13.08695652173913,,,23.2,99,0.1,6.8,155,980.7,13.043478260869565,12.0,12.0,12.25,12.847826086956522,12.42391304347826,11.887228260869565,15.99430641821946,0.30200965194456114,0.5021221505413503,0.5477893626030467,23,-0.25881904510252157,0.9659258262890681,7,-0.4999999999999997,-0.8660254037844388,1,0.7818315,0.6234898,0,201,100,100
2021-07-21 00:00:00+00:00,13.130434782608695,,,24.0,98,0.1,8.8,168,981.1,13.08695652173913,12.0,12.0,12.0,13.043478260869565,12.605072463768115,11.922101449275361,15.971014492753621,0.04347826086957023,0.5145182684018283,0.5963745721007232,0,0.0,1.0,7,-0.4999999999999997,-0.8660254037844388,2,0.9749279,-0.22252093,0,202,100,100
2021-07-21 01:00:00+00:00,13.173913043478262,,,24.4,97,0.2,7.3,171,981.7,13.130434782608695,12.0,12.0,11.5,13.08695652173913,12.793478260869565,11.969202898550725,15.945005175983438,0.04347826086957023,0.4517870418581327,0.6454185241200665,1,0.25881904510252074,0.9659258262890683,7,-0.4999999999999997,-0.8660254037844388,2,0.9749279,-0.22252093,0,202,100,100
2021-07-21 02:00:00+00:00,13.217391304347826,,,24.8,97,0.2,7.1,156,981.9,13.173913043478262,12.5,12.0,11.0,13.130434782608697,12.98913043478261,12.03894927536232,15.916278467908901,0.04347826086956912,0.24738710166827294,0.6819225521108881,2,0.49999999999999994,0.8660254037844387,7,-0.4999999999999997,-0.8660254037844388,2,0.9749279,-0.22252093,0,202,100,100
2021-07-21 03:00:00+00:00,13.26086956521739,,,25.4,95,0.2,7.0,159,981.9,13.217391304347826,13.0,12.0,11.0,13.17391304347826,13.108695652173914,12.131340579710146,15.887810559006212,0.04347826086956756,0.08134037797331094,0.6852439992861251,3,0.7071067811865476,0.7071067811865476,7,-0.4999999999999997,-0.8660254037844388,2,0.9749279,-0.22252093,0,202,100,100
2021-07-21 04:00:00+00:00,13.304347826086957,,,26.4,92,0.2,8.0,175,981.7,13.26086956521739,13.043478260869565,12.0,11.0,13.217391304347826,13.152173913043478,12.22554347826087,15.859601449275363,0.04347826086956601,0.0813403779733099,0.6783223724537306,4,0.8660254037844386,0.5000000000000001,7,-0.4999999999999997,-0.8660254037844388,2,0.9749279,-0.22252093,0,202,100,100
2021-07-21 05:00:00+00:00,13.347826086956522,,,26.6,91,0.4,8.6,180,981.0,13.304347826086957,13.08695652173913,12.0,11.0,13.26086956521739,13.195652173913045,12.321557971014492,15.831651138716357,0.04347826086956601,0.08134037797330833,0.6601514898102384,5,0.9659258262890683,0.25881904510252074,7,-0.4999999999999997,-0.8660254037844388,2,0.9749279,-0.22252093,0,202,100,100
2021-07-21 06:00:00+00:00,13.391304347826088,,,27.3,82,0.2,9.8,174,980.0,13.347826086956522,13.130434782608695,12.0,11.333333333333334,13.304347826086955,13.239130434782608,12.419384057971016,15.803959627329194,0.04347826086956445,0.08134037797330654,0.6290238087211357,6,1.0,6.123233995736766e-17,7,-0.4999999999999997,-0.8660254037844388,2,0.9749279,-0.22252093,0,202,100,100
2021-07-21 07:00:00+00:00,13.434782608695652,,,27.8,79,1.2,13.7,150,978.9,13.391304347826088,13.173913043478262,12.0,11.666666666666666,13.347826086956522,13.282608695652174,12.505132850241546,15.776526915113871,0.04347826086956334,0.08134037797330525,0.6146432772047914,7,0.9659258262890683,-0.25881904510252063,7,-0.4999999999999997,-0.8660254037844388,2,0.9749279,-0.22252093,0,202,100,100
2021-07-21 08:00:00+00:00,13.478260869565217,,,28.3,83,1.3,5.9,169,978.3,13.434782608695652,13.217391304347826,12.5,12.0,13.391304347826088,13.32608695652174,12.578804347826088,15.743400621118012,0.04347826086956179,0.0813403779733042,0.6157374377592856,8,0.8660254037844387,-0.4999999999999998,7,-0.4999999999999997,-0.8660254037844388,2,0.9749279,-0.22252093,0,202,100,100
2021-07-21 09:00:00+00:00,13.521739130434783,,,28.7,78,0.2,9.0,175,978.2,13.478260869565217,13.26086956521739,13.0,12.0,13.43478260869565,13.369565217391303,12.640398550724639,15.710533126293997,0.043478260869560234,0.0813403779733024,0.6291127252084591,9,0.7071067811865476,-0.7071067811865475,7,-0.4999999999999997,-0.8660254037844388,2,0.9749279,-0.22252093,0,202,100,100
2021-07-21 10:00:00+00:00,13.565217391304348,,,27.8,84,0.7,7.6,199,978.4,13.521739130434783,13.304347826086957,13.043478260869565,12.0,13.478260869565219,13.41304347826087,12.703804347826088,15.677924430641822,0.04347826086956179,0.08134037797330113,0.6383800392763723,10,0.49999999999999994,-0.8660254037844387,7,-0.4999999999999997,-0.8660254037844388,2,0.9749279,-0.22252093,0,202,100,100
2021-07-21 11:00:00+00:00,13.608695652173914,,,26.8,88,0.5,10.5,176,979.4,13.565217391304348,13.347826086956522,13.08695652173913,12.0,13.521739130434781,13.456521739130435,12.769021739130435,15.645574534161492,0.04347826086956179,0.08134037797330007,0.643285763497935,11,0.258819045102521,-0.9659258262890682,7,-0.4999999999999997,-0.8660254037844388,2,0.9749279,-0.22252093,0,202,100,100
2021-07-21 12:00:00+00:00,13.652173913043478,,,26.0,92,1.8,9.3,167,979.9,13.608695652173914,13.391304347826088,13.130434782608695,12.0,13.56521739130435,13.5,12.836050724637682,15.613483436853002,0.04347826086956068,0.0813403779732985,0.6434827046888608,12,1.2246467991473532e-16,-1.0,7,-0.4999999999999997,-0.8660254037844388,2,0.9749279,-0.22252093,0,202,100,100
2021-07-21 13:00:00+00:00,13.695652173913043,,,25.5,94,0.0,9.3,167,981.2,13.652173913043478,13.434782608695652,13.173913043478262,12.0,13.608695652173914,13.543478260869565,12.904891304347826,15.581651138716357,0.043478260869559124,0.0813403779732967,0.6385087733184037,13,-0.2588190451025208,-0.9659258262890683,7,-0.4999999999999997,-0.8660254037844388,2,0.9749279,-0.22252093,0,202,100,100
2021-07-21 14:00:00+00:00,13.73913043478261,,,25.2,95,0.1,8.5,168,982.0,13.695652173913043,13.478260869565217,13.217391304347826,12.0,13.652173913043478,13.58695652173913,12.97554347826087,15.550077639751553,0.04347826086955756,0.08134037797329491,0.6277503796604658,14,-0.4999999999999997,-0.8660254037844388,7,-0.4999999999999997,-0.8660254037844388,2,0.9749279,-0.22252093,0,202,100,100
2021-07-21 15:00:00+00:00,13.782608695652174,,,24.8,95,0.1,8.2,165,982.5,13.73913043478261,13.521739130434783,13.26086956521739,12.0,13.695652173913041,13.630434782608695,13.048007246376812,15.518762939958592,0.04347826086955756,0.08134037797329334,0.6103804379740412,15,-0.7071067811865471,-0.7071067811865479,7,-0.4999999999999997,-0.8660254037844388,2,0.9749279,-0.22252093,0,202,100,100
2021-07-21 16:00:00+00:00,13.826086956521738,,,24.4,96,0.0,8.5,168,982.5,13.782608695652174,13.565217391304348,13.304347826086957,12.0,13.73913043478261,13.67391304347826,13.122282608695654,15.487707039337474,0.04347826086955601,0.08134037797329154,0.5852496536220341,16,-0.8660254037844385,-0.5000000000000004,7,-0.4999999999999997,-0.8660254037844388,2,0.9749279,-0.22252093,0,202,100,100
2021-07-21 17:00:00+00:00,13.869565217391305,,,24.0,97,0.0,8.3,175,982.1,13.826086956521738,13.608695652173914,13.347826086956522,12.0,13.782608695652174,13.717391304347826,13.19836956521739,15.456909937888199,0.043478260869554454,0.08134037797328973,0.5506824035314265,17,-0.9659258262890683,-0.25881904510252063,7,-0.4999999999999997,-0.8660254037844388,2,0.9749279,-0.22252093,0,202,100,100
2021-07-21 18:00:00+00:00,13.91304347826087,,,23.8,97,0.0,8.7,173,981.6,13.869565217391305,13.652173913043478,13.391304347826088,12.0,13.82608695652174,13.760869565217392,13.27626811594203,15.426371635610765,0.043478260869554454,0.08134037797328869,0.5040511140229106,18,-1.0,-1.8369701987210297e-16,7,-0.4999999999999997,-0.8660254037844388,2,0.9749279,-0.22252093,0,202,100,100
2021-07-21 19:00:00+00:00,13.956521739130435,,,23.8,97,0.2,6.0,155,981.0,13.91304347826087,13.695652173913043,13.434782608695652,12.0,13.869565217391305,13.804347826086955,13.355978260869565,15.396092132505176,0.0434782608695529,0.0813403779732869,0.44073489384351394,19,-0.9659258262890684,0.2588190451025203,7,-0.4999999999999997,-0.8660254037844388,2,0.9749279,-0.22252093,0,202,100,100
2021-07-21 20:00:00+00:00,14.0,1304191.0,1.0,23.7,98,0.8,5.8,158,980.6,13.956521739130435,13.73913043478261,13.478260869565217,12.5,13.91304347826087,13.847826086956522,13.4375,15.366071428571429,0.04347826086955179,0.08134037797328561,0.3507856426768516,20,-0.8660254037844386,0.5000000000000001,7,-0.4999999999999997,-0.8660254037844388,2,0.9749279,-0.22252093,0,202,100,100
2021-07-21 21:00:00+00:00,14.0,1304191.0,1.0,23.5,99,2.6,5.2,155,980.4,14.0,13.782608695652174,13.521739130434783,13.0,13.956521739130435,13.891304347826086,13.5,15.336309523809524,0.04347826086955023,0.08134037797328457,0.30743773095140386,21,-0.7071067811865477,0.7071067811865474,7,-0.4999999999999997,-0.8660254037844388,2,0.9749279,-0.22252093,0,202,100,100
2021-07-21 22:00:00+00:00,14.0,1304191.0,1.0,23.5,99,2.8,4.8,153,980.7,14.0,13.826086956521738,13.565217391304348,13.043478260869565,13.985507246376812,13.927536231884057,13.541666666666666,15.306547619047619,0.02510218561691253,0.07099970268929486,0.3044771981768772,22,-0.5000000000000004,0.8660254037844384,7,-0.4999999999999997,-0.8660254037844388,2,0.9749279,-0.22252093,0,202,100,100
2021-07-21 23:00:00+00:00,12.0,1304191.0,1.0,23.4,97,0.1,7.6,161,981.2,14.0,13.869565217391305,13.608695652173914,13.08695652173913,14.0,13.956521739130435,13.581521739130435,15.276785714285714,0.0,0.05499613322022404,0.29898392354404135,23,-0.25881904510252157,0.9659258262890681,7,-0.4999999999999997,-0.8660254037844388,2,0.9749279,-0.22252093,0,202,100,100
2021-07-22 00:00:00+00:00,12.0,1304191.0,1.0,23.9,98,0.0,7.0,159,981.4,12.0,13.91304347826087,13.652173913043478,13.130434782608695,13.333333333333334,13.644927536231883,13.53623188405797,15.235119047619047,1.1547005383792517,0.8065969338750312,0.4305401079189883,0,0.0,1.0,7,-0.4999999999999997,-0.8660254037844388,3,0.43388373,-0.90096885,0,203,100,100
2021-07-22 01:00:00+00:00,12.0,1304191.0,1.0,24.7,96,0.1,6.8,155,981.8,12.0,13.956521739130435,13.695652173913043,13.173913043478262,12.666666666666666,13.32608695652174,13.48913043478261,15.193452380952381,1.1547005383792517,1.0273205554399674,0.5277302523069204,1,0.25881904510252074,0.9659258262890683,7,-0.4999999999999997,-0.8660254037844388,3,0.43388373,-0.90096885,0,203,100,100
2021-07-22 02:00:00+00:00,12.0,1304191.0,1.0,25.7,91,0.2,7.6,172,982.2,12.0,14.0,13.73913043478261,13.217391304347826,12.0,13.0,13.440217391304346,15.152281746031747,0.0,1.0954451150103302,0.6067092215880071,2,0.49999999999999994,0.8660254037844387,7,-0.4999999999999997,-0.8660254037844388,3,0.43388373,-0.90096885,0,203,100,100
2021-07-22 03:00:00+00:00,12.0,1304191.0,1.0,26.6,87,0.3,7.6,180,982.3,12.0,14.0,13.782608695652174,13.26086956521739,12.0,12.666666666666666,13.389492753623188,15.111607142857142,0.0,1.0327955589886428,0.6733767201408664,3,0.7071067811865476,0.7071067811865476,7,-0.4999999999999997,-0.8660254037844388,3,0.43388373,-0.90096885,0,203,100,100
2021-07-22 04:00:00+00:00,12.0,1304191.0,1.0,25.7,90,3.3,9.2,206,982.2,12.0,14.0,13.826086956521738,13.304347826086957,12.0,12.333333333333334,13.33695652173913,15.071428571428571,0.0,0.8164965809277248,0.7306024202270855,4,0.8660254037844386,0.5000000000000001,7,-0.4999999999999997,-0.8660254037844388,3,0.43388373,-0.90096885,0,203,100,100
2021-07-22 05:00:00+00:00,12.0,1304191.0,1.0,26.7,88,0.3,8.7,185,981.9,12.0,12.0,13.869565217391305,13.347826086956522,12.0,12.0,13.282608695652174,15.031746031746033,0.0,0.0,0.7799787779537267,5,0.9659258262890683,0.25881904510252074,7,-0.4999999999999997,-0.8660254037844388,3,0.43388373,-0.90096885,0,203,100,100
2021-07-22 06:00:00+00:00,12.0,,,25.8,90,0.6,9.4,184,981.3,12.0,12.0,13.91304347826087,13.391304347826088,12.0,12.0,13.226449275362318,14.992559523809524,0.0,0.0,0.8224453778526571,6,1.0,6.123233995736766e-17,7,-0.4999999999999997,-0.8660254037844388,3,0.43388373,-0.90096885,0,203,100,100
2021-07-22 07:00:00+00:00,12.0,1304191.0,1.0,26.9,84,0.1,8.8,168,980.4,12.0,12.0,13.956521739130435,13.434782608695652,12.0,12.0,13.168478260869565,14.953869047619047,0.0,0.0,0.8585610432650851,7,0.9659258262890683,-0.25881904510252063,7,-0.4999999999999997,-0.8660254037844388,3,0.43388373,-0.90096885,0,203,100,100
2021-07-22 08:00:00+00:00,12.0,1304191.0,1.0,28.4,80,0.1,8.7,175,979.4,12.0,12.0,14.0,13.478260869565217,12.0,12.0,13.108695652173912,14.915674603174605,0.0,0.0,0.8886377187309478,8,0.8660254037844387,-0.4999999999999998,7,-0.4999999999999997,-0.8660254037844388,3,0.43388373,-0.90096885,0,203,100,100
2021-07-22 09:00:00+00:00,12.0,1304191.0,1.0,28.6,75,0.4,8.6,195,978.8,12.0,12.0,14.0,13.521739130434783,12.0,12.0,13.047101449275361,14.87797619047619,0.0,0.0,0.9128109044567401,9,0.7071067811865476,-0.7071067811865475,7,-0.4999999999999997,-0.8660254037844388,3,0.43388373,-0.90096885,0,203,100,100
2021-07-22 10:00:00+00:00,12.0,,,27.2,83,0.3,8.0,172,978.9,12.0,12.0,14.0,13.565217391304348,12.0,12.0,12.983695652173912,14.84077380952381,0.0,0.0,0.9310769739332674,10,0.49999999999999994,-0.8660254037844387,7,-0.4999999999999997,-0.8660254037844388,3,0.43388373,-0.90096885,0,203,100,100
2021-07-22 11:00:00+00:00,12.0,1304191.0,1.0,26.4,89,0.1,8.4,160,979.6,12.0,12.0,12.0,13.608695652173914,12.0,12.0,12.918478260869565,14.80406746031746,0.0,0.0,0.9433107706343696,11,0.258819045102521,-0.9659258262890682,7,-0.4999999999999997,-0.8660254037844388,3,0.43388373,-0.90096885,0,203,100,100
2021-07-22 12:00:00+00:00,12.0,1304191.0,1.0,26.0,93,0.1,8.6,180,979.9,12.0,12.0,12.0,13.652173913043478,12.0,12.0,12.851449275362318,14.767857142857142,0.0,0.0,0.9492693497073271,12,1.2246467991473532e-16,-1.0,7,-0.4999999999999997,-0.8660254037844388,3,0.43388373,-0.90096885,0,203,100,100
2021-07-22 13:00:00+00:00,12.0,1304191.0,1.0,25.5,93,0.2,9.3,164,980.8,12.0,12.0,12.0,13.695652173913043,12.0,12.0,12.782608695652174,14.732142857142858,0.0,0.0,0.9485836621425457,13,-0.2588190451025208,-0.9659258262890683,7,-0.4999999999999997,-0.8660254037844388,3,0.43388373,-0.90096885,0,203,100,100
2021-07-22 14:00:00+00:00,12.5,,,24.9,92,0.0,10.4,166,981.8,12.0,12.0,12.0,13.73913043478261,12.0,12.0,12.71195652173913,14.696428571428571,0.0,0.0,0.940736959931235,14,-0.4999999999999997,-0.8660254037844388,7,-0.4999999999999997,-0.8660254037844388,3,0.43388373,-0.90096885,0,203,100,100
2021-07-22 15:00:00+00:00,13.0,1304191.0,1.0,24.4,93,0.0,9.9,170,982.2,12.5,12.0,12.0,13.782608695652174,12.166666666666666,12.083333333333334,12.660326086956522,14.663690476190476,0.28867513459481314,0.20412414523193137,0.9155787220761087,15,-0.7071067811865471,-0.7071067811865479,7,-0.4999999999999997,-0.8660254037844388,3,0.43388373,-0.90096885,0,203,100,100
2021-07-22 16:00:00+00:00,13.0,,,24.2,95,0.0,7.5,163,982.3,13.0,12.0,12.0,13.826086956521738,12.5,12.25,12.627717391304346,14.633928571428571,0.5000000000000002,0.418330013267037,0.8873723148804932,16,-0.8660254037844385,-0.5000000000000004,7,-0.4999999999999997,-0.8660254037844388,3,0.43388373,-0.90096885,0,203,100,100
2021-07-22 17:00:00+00:00,13.0,1304191.0,1.0,24.0,97,0.0,7.0,159,981.9,13.0,12.0,12.0,13.869565217391305,12.833333333333334,12.416666666666666,12.593297101449275,14.604166666666666,0.28867513459481314,0.4915960401250862,0.8542719237528605,17,-0.9659258262890683,-0.25881904510252063,7,-0.4999999999999997,-0.8660254037844388,3,0.43388373,-0.90096885,0,203,100,100
2021-07-22 18:00:00+00:00,13.0,,,23.9,98,0.1,6.4,164,981.5,13.0,12.0,12.0,13.91304347826087,13.0,12.583333333333334,12.557065217391305,14.574862637362637,0.0,0.4915960401250855,0.8153418304524487,18,-1.0,-1.8369701987210297e-16,7,-0.4999999999999997,-0.8660254037844388,3,0.43388373,-0.90096885,0,203,100,100
2021-07-22 19:00:00+00:00,13.0,,,23.9,97,0.0,6.9,174,981.2,13.0,12.0,12.0,13.956521739130435,13.0,12.75,12.519021739130435,14.546016483516482,0.0,0.4183300132670343,0.769324145489011,19,-0.9659258262890684,0.2588190451025203,7,-0.4999999999999997,-0.8660254037844388,3,0.43388373,-0.90096885,0,203,100,100
2021-07-22 20:00:00+00:00,13.0,1304191.0,1.0,23.8,98,0.1,7.0,168,980.9,13.0,12.5,12.0,14.0,13.0,12.916666666666666,12.479166666666666,14.517628205128206,0.0,0.20412414523192274,0.7144345083122128,20,-0.8660254037844386,0.5000000000000001,7,-0.4999999999999997,-0.8660254037844388,3,0.43388373,-0.90096885,0,203,100,100
2021-07-22 21:00:00+00:00,13.0,,,23.7,98,0.1,7.1,156,980.8,13.0,13.0,12.0,14.0,13.0,13.0,12.4375,14.489697802197803,0.0,0.0,0.6479482668565397,21,-0.7071067811865477,0.7071067811865474,7,-0.4999999999999997,-0.8660254037844388,3,0.43388373,-0.90096885,0,203,100,100
2021-07-22 22:00:00+00:00,13.0,1304191.0,1.0,23.5,98,0.1,7.4,157,981.0,13.0,13.0,12.0,14.0,13.0,13.0,12.395833333333334,14.462225274725276,0.0,0.0,0.5706435472093565,22,-0.5000000000000004,0.8660254037844384,7,-0.4999999999999997,-0.8660254037844388,3,0.43388373,-0.90096885,0,203,100,100
2021-07-22 23:00:00+00:00,13.0,1304191.0,1.0,23.5,97,0.7,7.1,165,981.4,13.0,13.0,12.0,12.0,13.0,13.0,12.354166666666666,14.435210622710624,0.0,0.0,0.47729233286861356,23,-0.25881904510252157,0.9659258262890681,7,-0.4999999999999997,-0.8660254037844388,3,0.43388373,-0.90096885,0,203,100,100
2021-07-23 00:00:00+00:00,12.75,,,23.8,99,0.5,7.2,177,981.8,13.0,13.0,12.0,12.0,13.0,13.0,12.395833333333334,14.408653846153847,0.0,0.0,0.4885463501373708,0,0.0,1.0,7,-0.4999999999999997,-0.8660254037844388,4,-0.43388373,-0.90096885,0,204,100,100
2021-07-23 01:00:00+00:00,12.5,,,24.5,96,0.4,7.9,183,982.2,12.75,13.0,12.0,12.0,12.916666666666666,12.958333333333334,12.427083333333334,14.38106684981685,0.14433756729740618,0.1020620726159659,0.486106797773119,1,0.25881904510252074,0.9659258262890683,7,-0.4999999999999997,-0.8660254037844388,4,-0.43388373,-0.90096885,0,204,100,100
2021-07-23 02:00:00+00:00,12.25,,,25.0,94,0.4,9.0,182,982.6,12.5,13.0,12.5,12.0,12.75,12.875,12.447916666666666,14.352449633699635,0.24999999999999978,0.20916500663351917,0.47764803456958593,2,0.49999999999999994,0.8660254037844387,7,-0.4999999999999997,-0.8660254037844388,4,-0.43388373,-0.90096885,0,204,100,100
2021-07-23 03:00:00+00:00,12.0,1304191.0,1.0,25.2,98,0.7,8.4,187,982.7,12.25,13.0,13.0,12.0,12.5,12.75,12.458333333333334,14.322802197802197,0.24999999999999978,0.31622776601683805,0.4701217850241289,3,0.7071067811865476,0.7071067811865476,7,-0.4999999999999997,-0.8660254037844388,4,-0.43388373,-0.90096885,0,204,100,100
2021-07-23 04:00:00+00:00,12.0,1304191.0,1.0,25.5,98,0.7,6.3,156,982.4,12.0,13.0,13.0,12.0,12.25,12.583333333333334,12.458333333333334,14.29212454212454,0.24999999999999978,0.40824829046386274,0.4701217850241289,4,0.8660254037844386,0.5000000000000001,7,-0.4999999999999997,-0.8660254037844388,4,-0.43388373,-0.90096885,0,204,100,100
2021-07-23 05:00:00+00:00,13.0,1304191.0,1.0,26.1,93,0.3,3.7,151,981.8,12.0,13.0,13.0,12.0,12.083333333333334,12.416666666666666,12.458333333333334,14.261904761904763,0.14433756729740618,0.40824829046386196,0.4701217850241289,5,0.9659258262890683,0.25881904510252074,7,-0.4999999999999997,-0.8660254037844388,4,-0.43388373,-0.90096885,0,204,100,100
2021-07-23 06:00:00+00:00,13.5,,,26.4,90,0.7,5.4,90,980.9,13.0,12.75,13.0,12.0,12.333333333333334,12.416666666666666,12.5,14.238095238095237,0.5773502691896255,0.40824829046386196,0.47204458153564643,6,1.0,6.123233995736766e-17,7,-0.4999999999999997,-0.8660254037844388,4,-0.43388373,-0.90096885,0,204,100,100
2021-07-23 07:00:00+00:00,14.0,1304191.0,1.0,26.8,85,0.3,6.4,117,980.2,13.5,12.5,13.0,12.0,12.833333333333334,12.541666666666666,12.5625,14.21771978021978,0.7637626158259728,0.600347121810929,0.5013568545984023,7,0.9659258262890683,-0.25881904510252063,7,-0.4999999999999997,-0.8660254037844388,4,-0.43388373,-0.90096885,0,204,100,100
2021-07-23 08:00:00+00:00,14.0,,,26.8,90,0.3,5.2,124,979.4,14.0,12.25,13.0,12.0,13.5,12.791666666666666,12.645833333333334,14.200778388278387,0.4999999999999989,0.8428621872326862,0.5658615337367721,8,0.8660254037844387,-0.4999999999999998,7,-0.4999999999999997,-0.8660254037844388,4,-0.43388373,-0.90096885,0,204,100,100
2021-07-23 09:00:00+00:00,14.0,1304191.0,1.0,26.8,89,2.2,6.2,173,978.6,14.0,12.0,13.0,12.0,13.833333333333334,13.083333333333334,12.729166666666666,14.184294871794872,0.2886751345948108,0.9174239296348606,0.6120025338590293,9,0.7071067811865476,-0.7071067811865475,7,-0.4999999999999997,-0.8660254037844388,4,-0.43388373,-0.90096885,0,204,100,100
2021-07-23 10:00:00+00:00,15.0,1304191.0,1.0,26.5,91,1.1,5.5,191,978.7,14.0,12.0,13.0,12.0,14.0,13.416666666666666,12.8125,14.168269230769232,0.0,0.8010409893798642,0.6437407660802787,10,0.49999999999999994,-0.8660254037844387,7,-0.4999999999999997,-0.8660254037844388,4,-0.43388373,-0.90096885,0,204,100,100
2021-07-23 11:00:00+00:00,15.5,,,25.6,98,2.3,4.5,209,979.3,15.0,13.0,13.0,12.0,14.333333333333334,13.916666666666666,12.9375,14.158653846153847,0.5773502691896255,0.6645800679125687,0.7598984485932773,11,0.258819045102521,-0.9659258262890682,7,-0.4999999999999997,-0.8660254037844388,4,-0.43388373,-0.90096885,0,204,100,100
2021-07-23 12:00:00+00:00,16.0,1304191.0,1.0,25.0,99,0.1,4.6,225,979.9,15.5,13.5,12.75,12.0,14.833333333333334,14.333333333333334,13.083333333333334,14.15247252747253,0.7637626158259728,0.7527726527090873,0.8958438657961477,12,1.2246467991473532e-16,-1.0,7,-0.4999999999999997,-0.8660254037844388,4,-0.43388373,-0.90096885,0,204,100,100
2021-07-23 13:00:00+00:00,16.0,,,24.8,98,3.6,5.0,201,980.7,16.0,14.0,12.5,12.0,15.5,14.75,13.25,14.149725274725276,0.4999999999999989,0.8803408430829567,1.0451752505433345,13,-0.2588190451025208,-0.9659258262890683,7,-0.4999999999999997,-0.8660254037844388,4,-0.43388373,-0.90096885,0,204,100,100
2021-07-23 14:00:00+00:00,16.0,,,24.5,99,1.9,7.2,207,981.2,16.0,14.0,12.25,12.5,15.833333333333334,15.083333333333334,13.416666666666666,14.147435897435898,0.2886751345948108,0.9174239296348656,1.1507716377801913,14,-0.4999999999999997,-0.8660254037844388,7,-0.4999999999999997,-0.8660254037844388,4,-0.43388373,-0.90096885,0,204,100,100
2021-07-23 15:00:00+00:00,16.0,,,24.2,99,2.6,5.9,194,981.7,16.0,14.0,12.0,13.0,16.0,15.416666666666666,13.5625,14.145604395604396,0.0,0.8010409893798692,1.247279648571067,15,-0.7071067811865471,-0.7071067811865479,7,-0.4999999999999997,-0.8660254037844388,4,-0.43388373,-0.90096885,0,204,100,100
2021-07-23 16:00:00+00:00,16.0,,,24.0,99,2.0,5.9,191,981.7,16.0,15.0,12.0,13.0,16.0,15.75,13.6875,14.144230769230768,0.0,0.4183300132670538,1.3356524215920689,16,-0.8660254037844385,-0.5000000000000004,7,-0.4999999999999997,-0.8660254037844388,4,-0.43388373,-0.90096885,0,204,100,100
2021-07-23 17:00:00+00:00,16.0,1304191.0,1.0,24.0,99,1.5,6.4,196,981.2,16.0,15.5,13.0,13.0,16.0,15.916666666666666,13.8125,14.143315018315016,0.0,0.20412414523196415,1.406989539839503,17,-0.9659258262890683,-0.25881904510252063,7,-0.4999999999999997,-0.8660254037844388,4,-0.43388373,-0.90096885,0,204,100,100
2021-07-23 18:00:00+00:00,16.0,,,23.9,99,2.4,5.4,176,980.8,16.0,16.0,13.5,13.0,16.0,16.0,13.9375,14.142857142857142,0.0,1.1494195923612648e-07,1.4637838103622478,18,-1.0,-1.8369701987210297e-16,7,-0.4999999999999997,-0.8660254037844388,4,-0.43388373,-0.90096885,0,204,100,100
2021-07-23 19:00:00+00:00,16.0,1304191.0,1.0,23.7,99,1.9,6.5,180,980.4,16.0,16.0,14.0,13.0,16.0,16.0,14.0625,14.142857142857142,0.0,1.1494195923612648e-07,1.5076796165257698,19,-0.9659258262890684,0.2588190451025203,7,-0.4999999999999997,-0.8660254037844388,4,-0.43388373,-0.90096885,0,204,100,100
2021-07-23 20:00:00+00:00,16.0,1304191.0,1.0,23.5,99,2.9,6.5,183,979.8,16.0,16.0,14.0,13.0,16.0,16.0,14.1875,14.142857142857142,0.0,1.1494195923612648e-07,1.5397804756015674,20,-0.8660254037844386,0.5000000000000001,7,-0.4999999999999997,-0.8660254037844388,4,-0.43388373,-0.90096885,0,204,100,100
2021-07-23 21:00:00+00:00,17.0,1304191.0,1.0,23.4,99,1.0,8.0,172,979.5,16.0,16.0,14.0,13.0,16.0,16.0,14.3125,14.145833333333334,0.0,1.1494195923612648e-07,1.5608143080930905,21,-0.7071067811865477,0.7071067811865474,7,-0.4999999999999997,-0.8660254037844388,4,-0.43388373,-0.90096885,0,204,100,100
2021-07-23 22:00:00+00:00,17.0,1304191.0,1.0,23.2,99,0.9,8.3,185,979.4,17.0,16.0,15.0,13.0,16.333333333333332,16.166666666666668,14.479166666666666,14.157738095238095,0.5773502691896263,0.4082482904638789,1.626740984878758,22,-0.5000000000000004,0.8660254037844384,7,-0.4999999999999997,-0.8660254037844388,4,-0.43388373,-0.90096885,0,204,100,100
2021-07-23 23:00:00+00:00,16.0,1304191.0,1.0,23.1,99,1.7,6.5,180,979.8,17.0,16.0,15.5,13.0,16.666666666666668,16.333333333333332,14.645833333333334,14.163690476190476,0.5773502691896263,0.516397779494334,1.6728598700811008,23,-0.25881904510252157,0.9659258262890681,7,-0.4999999999999997,-0.8660254037844388,4,-0.43388373,-0.90096885,0,204,100,100
2021-07-24 00:00:00+00:00,16.0,1304191.0,1.0,23.4,99,1.7,5.8,180,980.7,16.0,16.0,16.0,12.75,16.666666666666668,16.333333333333332,14.770833333333334,14.169642857142858,0.5773502691896263,0.516397779494334,1.6565362413303177,0,0.0,1.0,7,-0.4999999999999997,-0.8660254037844388,5,-0.9749279,-0.22252093,1,205,100,100
2021-07-24 01:00:00+00:00,16.0,1304191.0,1.0,23.7,99,3.1,6.9,174,981.1,16.0,16.0,16.0,12.5,16.333333333333332,16.333333333333332,14.90625,14.175595238095237,0.5773502691896263,0.516397779494334,1.6165121134849711,1,0.25881904510252074,0.9659258262890683,7,-0.4999999999999997,-0.8660254037844388,5,-0.9749279,-0.22252093,1,205,100,100
2021-07-24 02:00:00+00:00,16.0,,,24.0,99,2.7,6.5,180,981.3,16.0,16.0,16.0,12.25,16.0,16.333333333333332,15.052083333333334,14.180555555555557,0.0,0.516397779494334,1.5463476721580267,2,0.49999999999999994,0.8660254037844387,7,-0.4999999999999997,-0.8660254037844388,5,-0.9749279,-0.22252093,1,205,100,100
2021-07-24 03:00:00+00:00,16.0,1304191.0,1.0,24.4,99,3.6,6.1,180,981.5,16.0,17.0,16.0,12.0,16.0,16.333333333333332,15.208333333333334,14.18452380952381,0.0,0.516397779494334,1.4364559850902363,3,0.7071067811865476,0.7071067811865476,7,-0.4999999999999997,-0.8660254037844388,5,-0.9749279,-0.22252093,1,205,100,100
2021-07-24 04:00:00+00:00,15.0,1304191.0,1.0,24.6,99,4.7,6.0,163,981.4,16.0,17.0,16.0,12.0,16.0,16.166666666666668,15.375,14.1875,0.0,0.40824829046387895,1.270484330789911,4,0.8660254037844386,0.5000000000000001,7,-0.4999999999999997,-0.8660254037844388,5,-0.9749279,-0.22252093,1,205,100,100
2021-07-24 05:00:00+00:00,15.0,1304191.0,1.0,24.9,99,5.3,6.9,174,981.0,15.0,16.0,16.0,13.0,15.666666666666666,15.833333333333334,15.5,14.183531746031747,0.5773502691896255,0.4082482904638632,1.052946177244577,5,0.9659258262890683,0.25881904510252074,7,-0.4999999999999997,-0.8660254037844388,5,-0.9749279,-0.22252093,1,205,100,100
2021-07-24 06:00:00+00:00,15.0,1304191.0,1.0,25.0,99,3.9,6.5,174,980.1,15.0,16.0,16.0,13.5,15.333333333333334,15.666666666666666,15.583333333333334,14.178571428571429,0.5773502691896255,0.5163977794943228,0.9168313422571056,6,1.0,6.123233995736766e-17,7,-0.4999999999999997,-0.8660254037844388,5,-0.9749279,-0.22252093,1,205,100,100
2021-07-24 07:00:00+00:00,15.0,1304191.0,1.0,25.3,98,1.6,6.8,198,979.4,15.0,16.0,16.0,14.0,15.0,15.5,15.645833333333334,14.172619047619047,0.0,0.5477225575051671,0.8139966705768342,7,0.9659258262890683,-0.25881904510252063,7,-0.4999999999999997,-0.8660254037844388,5,-0.9749279,-0.22252093,1,205,100,100
2021-07-24 08:00:00+00:00,15.0,1304191.0,1.0,25.9,92,0.6,8.4,190,978.4,15.0,16.0,16.0,14.0,15.0,15.333333333333334,15.6875,14.165674603174605,0.0,0.516397779494324,0.7490936552580352,8,0.8660254037844387,-0.4999999999999998,7,-0.4999999999999997,-0.8660254037844388,5,-0.9749279,-0.22252093,1,205,100,100
2021-07-24 09:00:00+00:00,14.0,1304191.0,1.0,26.1,91,0.2,8.8,189,978.2,15.0,16.0,17.0,14.0,15.0,15.166666666666666,15.729166666666666,14.157738095238095,0.0,0.40824829046386646,0.6753286907719231,9,0.7071067811865476,-0.7071067811865475,7,-0.4999999999999997,-0.8660254037844388,5,-0.9749279,-0.22252093,1,205,100,100
2021-07-24 10:00:00+00:00,14.0,1304191.0,1.0,26.1,92,0.2,8.1,212,977.9,14.0,15.0,17.0,15.0,14.666666666666666,14.833333333333334,15.729166666666666,14.142857142857142,0.5773502691896255,0.4082482904638632,0.6753286907719231,10,0.49999999999999994,-0.8660254037844387,7,-0.4999999999999997,-0.8660254037844388,5,-0.9749279,-0.22252093,1,205,100,100
2021-07-24 11:00:00+00:00,14.0,1304191.0,1.0,25.6,93,0.1,8.8,192,978.0,14.0,15.0,16.0,15.5,14.333333333333334,14.666666666666666,15.6875,14.126984126984128,0.5773502691896255,0.5163977794943228,0.7490936552580352,11,0.258819045102521,-0.9659258262890682,7,-0.4999999999999997,-0.8660254037844388,5,-0.9749279,-0.22252093,1,205,100,100
2021-07-24 12:00:00+00:00,13.0,1304191.0,1.0,25.1,95,0.1,7.9,177,978.5,14.0,15.0,16.0,16.0,14.0,14.5,15.625,14.110119047619047,0.0,0.5477225575051671,0.8242255917447523,12,1.2246467991473532e-16,-1.0,7,-0.4999999999999997,-0.8660254037844388,5,-0.9749279,-0.22252093,1,205,100,100
2021-07-24 13:00:00+00:00,13.0,1304191.0,1.0,24.8,96,1.1,9.7,182,979.2,13.0,15.0,16.0,16.0,13.666666666666666,14.166666666666666,15.5,14.086309523809524,0.5773502691896255,0.7527726527090824,0.97801929384368,13,-0.2588190451025208,-0.9659258262890683,7,-0.4999999999999997,-0.8660254037844388,5,-0.9749279,-0.22252093,1,205,100,100
2021-07-24 14:00:00+00:00,13.0,,,24.4,97,1.2,8.6,180,979.9,13.0,15.0,16.0,16.0,13.333333333333334,13.833333333333334,15.375,14.0625,0.5773502691896255,0.7527726527090833,1.0959411282189477,14,-0.4999999999999997,-0.8660254037844388,7,-0.4999999999999997,-0.8660254037844388,5,-0.9749279,-0.22252093,1,205,100,100
2021-07-24 15:00:00+00:00,13.0,,,24.2,97,0.0,8.3,162,980.5,13.0,14.0,16.0,16.0,13.0,13.5,15.25,14.038690476190476,0.0,0.5477225575051713,1.1887150534341588,15,-0.7071067811865471,-0.7071067811865479,7,-0.4999999999999997,-0.8660254037844388,5,-0.9749279,-0.22252093,1,205,100,100
2021-07-24 16:00:00+00:00,13.0,1304191.0,1.0,24.0,98,0.0,8.4,170,980.5,13.0,14.0,15.0,16.0,13.0,13.333333333333334,15.125,14.014880952380953,0.0,0.516397779494329,1.2618998788921238,16,-0.8660254037844385,-0.5000000000000004,7,-0.4999999999999997,-0.8660254037844388,5,-0.9749279,-0.22252093,1,205,100,100
2021-07-24 17:00:00+00:00,13.0,1304191.0,1.0,23.9,98,0.0,7.5,163,980.5,13.0,14.0,15.0,16.0,13.0,13.166666666666666,15.0,13.991071428571429,0.0,0.40824829046387273,1.318760946791633,17,-0.9659258262890683,-0.25881904510252063,7,-0.4999999999999997,-0.8660254037844388,5,-0.9749279,-0.22252093,1,205,100,100
2021-07-24 18:00:00+00:00,13.25,,,23.6,99,0.0,7.1,156,980.0,13.0,13.0,15.0,16.0,13.0,13.0,14.875,13.967261904761905,0.0,0.0,1.361345242605783,18,-1.0,-1.8369701987210297e-16,7,-0.4999999999999997,-0.8660254037844388,5,-0.9749279,-0.22252093,1,205,100,100
2021-07-24 19:00:00+00:00,13.5,,,23.5,99,0.1,7.3,160,979.5,13.25,13.0,15.0,16.0,13.083333333333334,13.041666666666666,14.760416666666666,13.944940476190476,0.14433756729740618,0.1020620726159659,1.3781666434439825,19,-0.9659258262890684,0.2588190451025203,7,-0.4999999999999997,-0.8660254037844388,5,-0.9749279,-0.22252093,1,205,100,100
2021-07-24 20:00:00+00:00,13.75,,,23.5,100,0.4,6.8,155,979.5,13.5,13.0,15.0,16.0,13.25,13.125,14.65625,13.924107142857142,0.24999999999999978,0.20916500663351917,1.3748764766651518,20,-0.8660254037844386,0.5000000000000001,7,-0.4999999999999997,-0.8660254037844388,5,-0.9749279,-0.22252093,1,205,100,100
2021-07-24 21:00:00+00:00,14.0,1304191.0,1.0,23.5,99,0.6,6.7,164,979.5,13.75,13.0,14.0,17.0,13.5,13.25,14.5625,13.904761904761905,0.24999999999999978,0.31622776601683805,1.3558448352933121,21,-0.7071067811865477,0.7071067811865474,7,-0.4999999999999997,-0.8660254037844388,5,-0.9749279,-0.22252093,1,205,100,100
2021-07-24 22:00:00+00:00,14.0,1304191.0,1.0,23.4,100,0.8,6.3,167,979.7,14.0,13.0,14.0,17.0,13.75,13.416666666666666,14.4375,13.886904761904763,0.24999999999999978,0.40824829046386274,1.2559640329938524,22,-0.5000000000000004,0.8660254037844384,7,-0.4999999999999997,-0.8660254037844388,5,-0.9749279,-0.22252093,1,205,100,100
2021-07-24 23:00:00+00:00,14.0,1304191.0,1.0,23.4,99,0.8,6.7,164,980.1,14.0,13.0,14.0,16.0,13.916666666666666,13.583333333333334,14.3125,13.869047619047619,0.14433756729740618,0.40824829046386196,1.1331228491671337,23,-0.25881904510252157,0.9659258262890681,7,-0.4999999999999997,-0.8660254037844388,5,-0.9749279,-0.22252093,1,205,100,100
2021-07-25 00:00:00+00:00,14.0,1304191.0,1.0,24.2,100,0.7,6.0,163,980.6,14.0,13.25,13.0,16.0,14.0,13.75,14.229166666666666,13.851190476190476,0.0,0.3162277660168351,1.0757117630210062,0,0.0,1.0,7,-0.4999999999999997,-0.8660254037844388,6,-0.7818315,0.6234898,1,206,100,100
2021-07-25 01:00:00+00:00,14.5,,,25.2,95,0.2,7.6,188,980.9,14.0,13.5,13.0,16.0,14.0,13.875,14.145833333333334,13.833333333333334,0.0,0.20916500663351356,1.0078945625786913,1,0.25881904510252074,0.9659258262890683,7,-0.4999999999999997,-0.8660254037844388,6,-0.7818315,0.6234898,1,206,100,100
2021-07-25 02:00:00+00:00,15.0,1304191.0,1.0,26.0,91,0.1,8.6,202,981.5,14.5,13.75,13.0,16.0,14.166666666666666,14.041666666666666,14.083333333333334,13.819642857142856,0.28867513459481314,0.24579802006253726,0.9315329426213264,2,0.49999999999999994,0.8660254037844387,7,-0.4999999999999997,-0.8660254037844388,6,-0.7818315,0.6234898,1,206,100,100
2021-07-25 03:00:00+00:00,15.0,,,26.4,86,0.3,6.8,198,981.5,15.0,14.0,13.0,16.0,14.5,14.25,14.041666666666666,13.810119047619047,0.5000000000000002,0.4183300132670322,0.8618315515161625,3,0.7071067811865476,0.7071067811865476,7,-0.4999999999999997,-0.8660254037844388,6,-0.7818315,0.6234898,1,206,100,100
2021-07-25 04:00:00+00:00,15.0,,,26.9,86,0.2,6.0,213,981.0,15.0,14.0,13.0,15.0,14.833333333333334,14.416666666666666,14.0,13.801785714285714,0.28867513459481314,0.4915960401250814,0.7836647464209214,4,0.8660254037844386,0.5000000000000001,7,-0.4999999999999997,-0.8660254037844388,6,-0.7818315,0.6234898,1,206,100,100
2021-07-25 05:00:00+00:00,15.0,1304191.0,1.0,27.7,84,0.2,3.8,197,980.6,15.0,14.0,13.0,15.0,15.0,14.583333333333334,14.0,13.794642857142858,0.0,0.49159604012508024,0.7836647464209214,5,0.9659258262890683,0.25881904510252074,7,-0.4999999999999997,-0.8660254037844388,6,-0.7818315,0.6234898,1,206,100,100
2021-07-25 06:00:00+00:00,15.0,1304191.0,1.0,28.6,83,0.3,4.5,194,979.6,15.0,14.0,13.25,15.0,15.0,14.75,14.0,13.788690476190476,0.0,0.4183300132670281,0.7836647464209214,6,1.0,6.123233995736766e-17,7,-0.4999999999999997,-0.8660254037844388,6,-0.7818315,0.6234898,1,206,100,100
2021-07-25 07:00:00+00:00,15.0,1304191.0,1.0,29.0,78,0.3,7.9,219,978.5,15.0,14.5,13.5,15.0,15.0,14.916666666666666,14.0,13.782738095238095,0.0,0.20412414523191003,0.7836647464209214,7,0.9659258262890683,-0.25881904510252063,7,-0.4999999999999997,-0.8660254037844388,6,-0.7818315,0.6234898,1,206,100,100
2021-07-25 08:00:00+00:00,15.021929824561404,,,28.1,88,3.0,5.0,249,978.0,15.0,15.0,13.75,15.0,15.0,15.0,14.0,13.776785714285714,0.0,0.0,0.7836647464209214,8,0.8660254037844387,-0.4999999999999998,7,-0.4999999999999997,-0.8660254037844388,6,-0.7818315,0.6234898,1,206,100,100
2021-07-25 09:00:00+00:00,15.043859649122806,,,27.9,90,0.2,2.2,189,977.8,15.021929824561404,15.0,14.0,14.0,15.007309941520468,15.003654970760232,14.00091374269006,13.770963868003342,0.012661190113807943,0.008952813387365671,0.7848932502360197,9,0.7071067811865476,-0.7071067811865475,7,-0.4999999999999997,-0.8660254037844388,6,-0.7818315,0.6234898,1,206,100,100
2021-07-25 10:00:00+00:00,15.06578947368421,,,26.9,96,2.4,2.4,207,978.0,15.043859649122806,15.0,14.0,14.0,15.021929824561404,15.0109649122807,14.044407894736842,13.765272556390977,0.021929824561403022,0.0183478075994313,0.8132504311509015,10,0.49999999999999994,-0.8660254037844387,7,-0.4999999999999997,-0.8660254037844388,6,-0.7818315,0.6234898,1,206,100,100
2021-07-25 11:00:00+00:00,15.087719298245615,,,26.2,97,6.1,5.2,164,979.0,15.06578947368421,15.0,14.0,14.0,15.043859649122808,15.021929824561404,14.088815789473685,13.75971177944862,0.021929824561401908,0.027739277720774964,0.8393986685246708,11,0.258819045102521,-0.9659258262890682,7,-0.4999999999999997,-0.8660254037844388,6,-0.7818315,0.6234898,1,206,100,100
2021-07-25 12:00:00+00:00,15.109649122807017,,,26.1,95,5.4,9.0,185,979.0,15.087719298245615,15.0,14.0,13.0,15.06578947368421,15.03654970760234,14.134137426900585,13.754281537176274,0.021929824561400798,0.03581125354946129,0.8634157551689753,12,1.2246467991473532e-16,-1.0,7,-0.4999999999999997,-0.8660254037844388,6,-0.7818315,0.6234898,1,206,100,100
2021-07-25 13:00:00+00:00,15.131578947368421,,,25.7,95,0.1,10.5,176,979.7,15.109649122807017,15.0,14.5,13.0,15.087719298245615,15.054824561403509,14.22203947368421,13.748981829573935,0.021929824561398133,0.04102694503041493,0.8502201380963539,13,-0.2588190451025208,-0.9659258262890683,7,-0.4999999999999997,-0.8660254037844388,6,-0.7818315,0.6234898,1,206,100,100
2021-07-25 14:00:00+00:00,15.153508771929825,,,25.0,98,0.2,9.2,154,980.7,15.131578947368421,15.021929824561404,15.0,13.0,15.109649122807019,15.076754385964913,14.310855263157896,13.743812656641605,0.021929824561397023,0.04102694503041389,0.8280588150208624,14,-0.4999999999999997,-0.8660254037844388,7,-0.4999999999999997,-0.8660254037844388,6,-0.7818315,0.6234898,1,206,100,100
2021-07-25 15:00:00+00:00,15.175438596491228,,,24.4,100,0.2,7.3,147,981.3,15.153508771929825,15.043859649122806,15.0,13.0,15.13157894736842,15.098684210526317,14.400584795321636,13.738774018379283,0.021929824561395913,0.04102694503041284,0.7958905951239963,15,-0.7071067811865471,-0.7071067811865479,7,-0.4999999999999997,-0.8660254037844388,6,-0.7818315,0.6234898,1,206,100,100
2021-07-25 16:00:00+00:00,15.197368421052632,,,24.1,99,1.2,6.5,146,981.5,15.175438596491228,15.06578947368421,15.0,13.0,15.153508771929827,15.120614035087721,14.491228070175438,13.733865914786966,0.021929824561391694,0.04102694503041075,0.7521197312184943,16,-0.8660254037844385,-0.5000000000000004,7,-0.4999999999999997,-0.8660254037844388,6,-0.7818315,0.6234898,1,206,100,100
2021-07-25 17:00:00+00:00,15.219298245614034,,,23.8,99,1.4,6.9,152,981.3,15.197368421052632,15.087719298245615,15.0,13.0,15.175438596491228,15.142543859649123,14.5827850877193,13.729088345864662,0.021929824561387475,0.041026945030408664,0.6942128044492238,17,-0.9659258262890683,-0.25881904510252063,7,-0.4999999999999997,-0.8660254037844388,6,-0.7818315,0.6234898,1,206,100,100
2021-07-25 18:00:00+00:00,15.241228070175438,,,23.9,99,0.5,6.0,155,980.4,15.219298245614034,15.109649122807017,15.0,13.25,15.197368421052632,15.164473684210526,14.675255847953217,13.724441311612365,0.021929824561382146,0.04102694503040634,0.6178202489790845,18,-1.0,-1.8369701987210297e-16,7,-0.4999999999999997,-0.8660254037844388,6,-0.7818315,0.6234898,1,206,100,100
2021-07-25 19:00:00+00:00,15.263157894736842,,,23.5,99,4.2,6.0,163,979.8,15.241228070175438,15.131578947368421,15.0,13.5,15.219298245614034,15.18640350877193,14.758223684210527,13.719924812030074,0.021929824561375707,0.041026945030404535,0.5478378537027636,19,-0.9659258262890684,0.2588190451025203,7,-0.4999999999999997,-0.8660254037844388,6,-0.7818315,0.6234898,1,206,100,100
2021-07-25 20:00:00+00:00,15.285087719298245,,,23.5,99,0.8,6.6,158,979.4,15.263157894736842,15.153508771929825,15.021929824561404,13.75,15.241228070175438,15.208333333333334,14.831688596491228,13.715538847117795,0.021929824561369268,0.041026945030403494,0.4865676903719379,20,-0.8660254037844386,0.5000000000000001,7,-0.4999999999999997,-0.8660254037844388,6,-0.7818315,0.6234898,1,206,100,100
2021-07-25 21:00:00+00:00,15.307017543859649,,,23.5,99,0.2,7.0,168,979.3,15.285087719298245,15.175438596491228,15.043859649122806,14.0,15.263157894736842,15.230263157894735,14.895650584795321,13.711283416875522,0.021929824561361274,0.041026945030401926,0.43651485259129974,21,-0.7071067811865477,0.7071067811865474,7,-0.4999999999999997,-0.8660254037844388,6,-0.7818315,0.6234898,1,206,100,100
2021-07-25 22:00:00+00:00,15.328947368421053,,,23.5,99,0.3,8.4,160,979.3,15.307017543859649,15.197368421052632,15.06578947368421,14.0,15.285087719298247,15.252192982456139,14.950109649122808,13.70715852130326,0.021929824561354835,0.04102694503039984,0.3999126987732109,22,-0.5000000000000004,0.8660254037844384,7,-0.4999999999999997,-0.8660254037844388,6,-0.7818315,0.6234898,1,206,100,100
2021-07-25 23:00:00+00:00,15.350877192982455,,,23.4,100,0.2,7.4,157,979.4,15.328947368421053,15.219298245614034,15.087719298245615,14.0,15.307017543859649,15.274122807017543,15.005482456140351,13.709116541353383,0.021929824561348395,0.04102694503039775,0.35174199776195947,23,-0.25881904510252157,0.9659258262890681,7,-0.4999999999999997,-0.8660254037844388,6,-0.7818315,0.6234898,1,206,100,100
2021-07-26 00:00:00+00:00,15.37280701754386,,,23.7,99,0.2,7.1,165,980.3,15.350877192982455,15.241228070175438,15.109649122807017,14.0,15.328947368421053,15.296052631578947,15.061769005847955,13.717157477025896,0.021929824561338847,0.0410269450303949,0.28573949043935526,0,0.0,1.0,7,-0.4999999999999997,-0.8660254037844388,0,0.0,1.0,0,207,100,100
2021-07-26 01:00:00+00:00,15.394736842105264,,,24.2,99,0.7,8.3,182,980.9,15.37280701754386,15.263157894736842,15.131578947368421,14.5,15.350877192982457,15.317982456140351,15.118969298245615,13.72532894736842,0.021929824561329296,0.04102694503039309,0.1828219087398562,1,0.25881904510252074,0.9659258262890683,7,-0.4999999999999997,-0.8660254037844388,0,0.0,1.0,0,207,100,100
2021-07-26 02:00:00+00:00,15.416666666666666,,,24.8,96,0.4,8.4,187,981.2,15.394736842105264,15.285087719298245,15.153508771929825,15.0,15.372807017543858,15.339912280701753,15.15625,13.731646825396824,0.021929824561319748,0.04102694503039205,0.1364641832238485,2,0.49999999999999994,0.8660254037844387,7,-0.4999999999999997,-0.8660254037844388,0,0.0,1.0,0,207,100,100
2021-07-26 03:00:00+00:00,15.43859649122807,,,25.2,95,0.4,6.5,183,981.5,15.416666666666666,15.307017543859649,15.175438596491228,15.0,15.394736842105262,15.361842105263158,15.173611111111112,13.73611111111111,0.021929824561307983,0.041026945030389964,0.14210924570620648,3,0.7071067811865476,0.7071067811865476,7,-0.4999999999999997,-0.8660254037844388,0,0.0,1.0,0,207,100,100
2021-07-26 04:00:00+00:00,15.460526315789474,,,26.1,92,0.4,5.8,180,981.2,15.43859649122807,15.328947368421053,15.197368421052632,15.0,15.416666666666666,15.383771929824562,15.19188596491228,13.738721804511277,0.021929824561296215,0.041026945030387875,0.1469319591820608,4,0.8660254037844386,0.5000000000000001,7,-0.4999999999999997,-0.8660254037844388,0,0.0,1.0,0,207,100,100
2021-07-26 05:00:00+00:00,15.482456140350877,,,28.5,80,0.5,5.7,215,980.4,15.460526315789474,15.350877192982455,15.219298245614034,15.0,15.43859649122807,15.405701754385964,15.211074561403509,13.741463032581454,0.021929824561284447,0.041026945030385786,0.15080329477004883,5,0.9659258262890683,0.25881904510252074,7,-0.4999999999999997,-0.8660254037844388,0,0.0,1.0,0,207,100,100
2021-07-26 06:00:00+00:00,15.50438596491228,,,28.4,80,3.5,14.3,223,979.5,15.482456140350877,15.37280701754386,15.241228070175438,15.0,15.460526315789474,15.427631578947368,15.231176900584794,13.744334795321638,0.021929824561271124,0.04102694503038294,0.15357402539623968,6,1.0,6.123233995736766e-17,7,-0.4999999999999997,-0.8660254037844388,0,0.0,1.0,0,207,100,100
2021-07-26 07:00:00+00:00,15.526315789473685,,,29.0,74,0.7,10.3,205,978.5,15.50438596491228,15.394736842105264,15.263157894736842,15.0,15.482456140350877,15.449561403508772,15.252192982456142,13.747337092731831,0.021929824561259356,0.04102694503038114,0.1550672765763533,7,0.9659258262890683,-0.25881904510252063,7,-0.4999999999999997,-0.8660254037844388,0,0.0,1.0,0,207,100,100
2021-07-26 08:00:00+00:00,15.548245614035087,,,29.2,72,0.0,9.8,204,977.6,15.526315789473685,15.416666666666666,15.285087719298245,15.021929824561404,15.50438596491228,15.471491228070176,15.274122807017543,13.750469924812032,0.021929824561247587,0.041026945030380096,0.155067276576339,8,0.8660254037844387,-0.4999999999999998,7,-0.4999999999999997,-0.8660254037844388,0,0.0,1.0,0,207,100,100
2021-07-26 09:00:00+00:00,15.570175438596491,,,29.1,73,0.2,7.9,227,977.3,15.548245614035087,15.43859649122807,15.307017543859649,15.043859649122806,15.526315789473685,15.493421052631577,15.296052631578947,13.753733291562238,0.02192982456123271,0.04102694503037801,0.15506727657632485,9,0.7071067811865476,-0.7071067811865475,7,-0.4999999999999997,-0.8660254037844388,0,0.0,1.0,0,207,100,100
2021-07-26 10:00:00+00:00,15.592105263157894,,,27.5,86,2.0,8.3,214,977.4,15.570175438596491,15.460526315789474,15.328947368421053,15.06578947368421,15.548245614035089,15.515350877192981,15.317982456140351,13.757127192982455,0.021929824561217833,0.04102694503037592,0.1550672765763108,10,0.49999999999999994,-0.8660254037844387,7,-0.4999999999999997,-0.8660254037844388,0,0.0,1.0,0,207,100,100
2021-07-26 11:00:00+00:00,15.614035087719298,,,26.5,88,0.3,11.1,209,978.1,15.592105263157894,15.482456140350877,15.350877192982455,15.087719298245615,15.570175438596491,15.537280701754385,15.339912280701753,13.760651629072681,0.021929824561201846,0.041026945030373595,0.15506727657629682,11,0.258819045102521,-0.9659258262890682,7,-0.4999999999999997,-0.8660254037844388,0,0.0,1.0,0,207,100,100
2021-07-26 12:00:00+00:00,15.635964912280702,,,25.5,91,0.4,9.0,182,978.4,15.614035087719298,15.50438596491228,15.37280701754386,15.109649122807017,15.592105263157896,15.55921052631579,15.361842105263158,13.764306599832915,0.02192982456118475,0.041026945030371784,0.15506727657628286,12,1.2246467991473532e-16,-1.0,7,-0.4999999999999997,-0.8660254037844388,0,0.0,1.0,0,207,100,100
2021-07-26 13:00:00+00:00,15.657894736842104,,,24.9,93,0.0,10.9,188,979.2,15.635964912280702,15.526315789473685,15.394736842105264,15.131578947368421,15.614035087719296,15.581140350877192,15.383771929824562,13.768092105263158,0.02192982456116765,0.04102694503037074,0.15506727657626876,13,-0.2588190451025208,-0.9659258262890683,7,-0.4999999999999997,-0.8660254037844388,0,0.0,1.0,0,207,100,100
2021-07-26 14:00:00+00:00,15.679824561403509,,,24.5,95,0.0,9.7,178,980.3,15.657894736842104,15.548245614035087,15.416666666666666,15.153508771929825,15.635964912280704,15.603070175438596,15.405701754385966,13.772008145363408,0.021929824561149,0.041026945030369175,0.15506727657625458,14,-0.4999999999999997,-0.8660254037844388,7,-0.4999999999999997,-0.8660254037844388,0,0.0,1.0,0,207,100,100
2021-07-26 15:00:00+00:00,15.701754385964913,,,24.0,97,0.0,8.4,173,980.9,15.679824561403509,15.570175438596491,15.43859649122807,15.175438596491228,15.657894736842104,15.625,15.42763157894737,13.776054720133667,0.021929824561131902,0.041026945030367086,0.15506727657624067,15,-0.7071067811865471,-0.7071067811865479,7,-0.4999999999999997,-0.8660254037844388,0,0.0,1.0,0,207,100,100
2021-07-26 16:00:00+00:00,15.723684210526315,,,24.0,97,0.1,7.7,169,981.1,15.701754385964913,15.592105263157894,15.460526315789474,15.197368421052632,15.679824561403509,15.646929824561404,15.449561403508772,13.792136591478698,0.021929824561114804,0.041026945030365,0.15506727657622682,16,-0.8660254037844385,-0.5000000000000004,7,-0.4999999999999997,-0.8660254037844388,0,0.0,1.0,0,207,100,100
2021-07-26 17:00:00+00:00,15.74561403508772,,,23.7,96,0.0,7.6,175,981.0,15.723684210526315,15.614035087719298,15.482456140350877,15.219298245614034,15.701754385964913,15.668859649122808,15.471491228070176,13.808348997493734,0.0219298245610946,0.041026945030362146,0.15506727657621283,17,-0.9659258262890683,-0.25881904510252063,7,-0.4999999999999997,-0.8660254037844388,0,0.0,1.0,0,207,100,100
2021-07-26 18:00:00+00:00,15.767543859649123,,,23.5,98,0.1,8.2,165,980.8,15.74561403508772,15.635964912280702,15.50438596491228,15.241228070175438,15.723684210526315,15.69078947368421,15.493421052631577,13.824691938178782,0.021929824561074392,0.04102694503036035,0.15506727657619873,18,-1.0,-1.8369701987210297e-16,7,-0.4999999999999997,-0.8660254037844388,0,0.0,1.0,0,207,100,100
2021-07-26 19:00:00+00:00,15.789473684210526,,,23.4,98,0.1,8.4,173,980.1,15.767543859649123,15.657894736842104,15.526315789473685,15.263157894736842,15.74561403508772,15.712719298245615,15.515350877192981,13.841165413533835,0.021929824561054186,0.0410269450303593,0.15506727657618463,19,-0.9659258262890684,0.2588190451025203,7,-0.4999999999999997,-0.8660254037844388,0,0.0,1.0,0,207,100,100
2021-07-26 20:00:00+00:00,15.81140350877193,,,23.2,98,0.6,6.8,162,980.0,15.789473684210526,15.679824561403509,15.548245614035087,15.285087719298245,15.767543859649123,15.734649122807019,15.537280701754385,13.857769423558896,0.02192982456103176,0.04102694503035721,0.15506727657617048,20,-0.8660254037844386,0.5000000000000001,7,-0.4999999999999997,-0.8660254037844388,0,0.0,1.0,0,207,100,100
2021-07-26 21:00:00+00:00,15.833333333333334,,,23.0,99,1.2,6.3,149,979.7,15.81140350877193,15.701754385964913,15.570175438596491,15.307017543859649,15.789473684210526,15.75657894736842,15.55921052631579,13.874503968253967,0.021929824561009333,0.04102694503035512,0.15506727657615643,21,-0.7071067811865477,0.7071067811865474,7,-0.4999999999999997,-0.8660254037844388,0,0.0,1.0,0,207,100,100
2021-07-26 22:00:00+00:00,15.855263157894736,,,23.0,99,1.4,5.4,138,979.6,15.833333333333334,15.723684210526315,15.592105263157894,15.328947368421053,15.81140350877193,15.778508771929824,15.581140350877192,13.892857142857142,0.021929824560986903,0.041026945030353035,0.15506727657614258,22,-0.5000000000000004,0.8660254037844384,7,-0.4999999999999997,-0.8660254037844388,0,0.0,1.0,0,207,100,100
2021-07-26 23:00:00+00:00,15.87719298245614,,,23.0,99,0.9,5.5,148,979.8,15.855263157894736,15.74561403508772,15.614035087719298,15.350877192982455,15.833333333333334,15.800438596491228,15.603070175438596,13.91282894736842,0.021929824560962926,0.04102694503035019,0.15506727657612862,23,-0.25881904510252157,0.9659258262890681,7,-0.4999999999999997,-0.8660254037844388,0,0.0,1.0,0,207,100,100
2021-07-27 00:00:00+00:00,15.899122807017545,,,23.8,97,0.3,7.3,171,980.4,15.87719298245614,15.767543859649123,15.635964912280702,15.37280701754386,15.855263157894738,15.822368421052632,15.625,13.934419381787801,0.021929824560940496,0.041026945030348386,0.1550672765761145,0,0.0,1.0,7,-0.4999999999999997,-0.8660254037844388,1,0.7818315,0.6234898,0,208,100,100
2021-07-27 01:00:00+00:00,15.921052631578947,,,24.2,95,0.0,7.9,183,981.0,15.899122807017545,15.789473684210526,15.657894736842104,15.394736842105264,15.877192982456139,15.844298245614036,15.646929824561404,13.957628446115288,0.02192982456091807,0.041026945030347345,0.1550672765761004,1,0.25881904510252074,0.9659258262890683,7,-0.4999999999999997,-0.8660254037844388,1,0.7818315,0.6234898,0,208,100,100
2021-07-27 02:00:00+00:00,15.942982456140351,,,24.8,92,0.1,7.2,174,981.3,15.921052631578947,15.81140350877193,15.679824561403509,15.416666666666666,15.899122807017543,15.866228070175438,15.668859649122808,13.983944235588973,0.021929824560892534,0.041026945030345256,0.15506727657608624,2,0.49999999999999994,0.8660254037844387,7,-0.4999999999999997,-0.8660254037844388,1,0.7818315,0.6234898,0,208,100,100
2021-07-27 03:00:00+00:00,15.964912280701755,,,26.0,85,0.1,7.6,188,981.5,15.942982456140351,15.833333333333334,15.701754385964913,15.43859649122807,15.921052631578947,15.888157894736842,15.69078947368421,14.013366750208856,0.021929824560867003,0.04102694503034317,0.1550672765760722,3,0.7071067811865476,0.7071067811865476,7,-0.4999999999999997,-0.8660254037844388,1,0.7818315,0.6234898,0,208,100,100
2021-07-27 04:00:00+00:00,15.986842105263158,,,26.1,84,0.1,9.0,185,981.3,15.964912280701755,15.855263157894736,15.723684210526315,15.460526315789474,15.942982456140351,15.910087719298247,15.712719298245615,14.042919799498748,0.021929824560841468,0.04102694503034108,0.15506727657605834,4,0.8660254037844386,0.5000000000000001,7,-0.4999999999999997,-0.8660254037844388,1,0.7818315,0.6234898,0,208,100,100
2021-07-27 05:00:00+00:00,16.00877192982456,,,27.2,81,0.1,8.8,168,980.8,15.986842105263158,15.87719298245614,15.74561403508772,15.482456140350877,15.964912280701753,15.932017543859649,15.734649122807019,14.072603383458645,0.021929824560813712,0.041026945030338234,0.15506727657604438,5,0.9659258262890683,0.25881904510252074,7,-0.4999999999999997,-0.8660254037844388,1,0.7818315,0.6234898,0,208,100,100
2021-07-27 06:00:00+00:00,16.030701754385966,,,28.6,78,0.1,10.5,186,979.8,16.00877192982456,15.899122807017545,15.767543859649123,15.50438596491228,15.98684210526316,15.953947368421053,15.756578947368423,14.102417502088556,0.021929824560785956,0.04102694503033643,0.15506727657603028,6,1.0,6.123233995736766e-17,7,-0.4999999999999997,-0.8660254037844388,1,0.7818315,0.6234898,0,208,100,100
2021-07-27 07:00:00+00:00,16.05263157894737,,,28.9,72,0.1,11.0,203,978.7,16.030701754385966,15.921052631578947,15.789473684210526,15.526315789473685,16.00877192982456,15.975877192982457,15.778508771929824,14.130378028404344,0.021929824560758867,0.04102694503033538,0.15506727657601616,7,0.9659258262890683,-0.25881904510252063,7,-0.4999999999999997,-0.8660254037844388,1,0.7818315,0.6234898,0,208,100,100
2021-07-27 08:00:00+00:00,16.07456140350877,,,29.5,68,0.0,9.2,219,977.7,16.05263157894737,15.942982456140351,15.81140350877193,15.548245614035087,16.030701754385966,15.997807017543858,15.800438596491228,14.156484962406015,0.02192982456073311,0.041026945030333814,0.15506727657600208,8,0.8660254037844387,-0.4999999999999998,7,-0.4999999999999997,-0.8660254037844388,1,0.7818315,0.6234898,0,208,100,100
2021-07-27 09:00:00+00:00,16.096491228070175,,,30.1,67,0.1,7.6,211,976.8,16.07456140350877,15.964912280701755,15.833333333333334,15.570175438596491,16.05263157894737,16.019736842105264,15.82236842105263,14.180738304093568,0.021929824560706464,0.041026945030331205,0.15506727657598765,9,0.7071067811865476,-0.7071067811865475,7,-0.4999999999999997,-0.8660254037844388,1,0.7818315,0.6234898,0,208,100,100
2021-07-27 10:00:00+00:00,16.11842105263158,,,28.6,78,0.5,7.5,235,976.7,16.096491228070175,15.986842105263158,15.855263157894736,15.592105263157894,16.07456140350877,16.041666666666668,15.844298245614034,14.205122180451129,0.021929824560682928,0.04102694503032859,0.15506727657597347,10,0.49999999999999994,-0.8660254037844387,7,-0.4999999999999997,-0.8660254037844388,1,0.7818315,0.6234898,0,208,100,100
2021-07-27 11:00:00+00:00,16.140350877192983,,,27.5,83,0.2,9.7,211,977.3,16.11842105263158,16.00877192982456,15.87719298245614,15.614035087719298,16.096491228070175,16.063596491228072,15.866228070175438,14.229636591478698,0.02192982456065939,0.04102694503032546,0.15506727657595937,11,0.258819045102521,-0.9659258262890682,7,-0.4999999999999997,-0.8660254037844388,1,0.7818315,0.6234898,0,208,100,100
2021-07-27 12:00:00+00:00,16.162280701754387,,,26.5,84,0.1,9.9,190,977.8,16.140350877192983,16.030701754385966,15.899122807017545,15.635964912280702,16.11842105263158,16.085526315789476,15.888157894736842,14.254281537176274,0.021929824560631854,0.04102694503032232,0.15506727657594527,12,1.2246467991473532e-16,-1.0,7,-0.4999999999999997,-0.8660254037844388,1,0.7818315,0.6234898,0,208,100,100
2021-07-27 13:00:00+00:00,16.184210526315788,,,25.7,90,0.0,9.1,171,978.8,16.162280701754387,16.05263157894737,15.921052631578947,15.657894736842104,16.140350877192983,16.107456140350877,15.910087719298247,14.27905701754386,0.02192982456060432,0.041026945030319194,0.15506727657593117,13,-0.2588190451025208,-0.9659258262890683,7,-0.4999999999999997,-0.8660254037844388,1,0.7818315,0.6234898,0,208,100,100
2021-07-27 14:00:00+00:00,16.20614035087719,,,25.2,93,0.0,10.0,167,979.7,16.184210526315788,16.07456140350877,15.942982456140351,15.679824561403509,16.162280701754387,16.129385964912277,15.932017543859649,14.303963032581454,0.021929824560574566,0.04102694503031502,0.15506727657591676,14,-0.4999999999999997,-0.8660254037844388,7,-0.4999999999999997,-0.8660254037844388,1,0.7818315,0.6234898,0,208,100,100
2021-07-27 15:00:00+00:00,16.228070175438596,,,24.6,95,0.0,9.1,162,980.5,16.20614035087719,16.096491228070175,15.964912280701755,15.701754385964913,16.18421052631579,16.15131578947368,15.953947368421053,14.328999582289057,0.021929824560544812,0.04102694503030979,0.15506727657590258,15,-0.7071067811865471,-0.7071067811865479,7,-0.4999999999999997,-0.8660254037844388,1,0.7818315,0.6234898,0,208,100,100
2021-07-27 16:00:00+00:00,16.25,,,24.1,96,0.0,7.7,152,980.8,16.228070175438596,16.11842105263158,15.986842105263158,15.723684210526315,16.20614035087719,16.173245614035086,15.975877192982457,14.354166666666666,0.02192982456051506,0.04102694503030457,0.1550672765758886,16,-0.8660254037844385,-0.5000000000000004,7,-0.4999999999999997,-0.8660254037844388,1,0.7818315,0.6234898,0,208,100,100
2021-07-27 17:00:00+00:00,16.271929824561404,,,24.0,96,0.0,7.2,177,980.7,16.25,16.140350877192983,16.00877192982456,15.74561403508772,16.228070175438592,16.19517543859649,15.997807017543858,14.379464285714286,0.021929824560483084,0.04102694503029935,0.15506727657587452,17,-0.9659258262890683,-0.25881904510252063,7,-0.4999999999999997,-0.8660254037844388,1,0.7818315,0.6234898,0,208,100,100
2021-07-27 18:00:00+00:00,16.29385964912281,,,23.7,98,0.0,6.6,167,980.3,16.271929824561404,16.162280701754387,16.030701754385966,15.767543859649123,16.25,16.217105263157894,16.019736842105264,14.404892439431913,0.021929824560451113,0.041026945030294124,0.1550672765758604,18,-1.0,-1.8369701987210297e-16,7,-0.4999999999999997,-0.8660254037844388,1,0.7818315,0.6234898,0,208,100,100
2021-07-27 19:00:00+00:00,16.31578947368421,,,23.7,99,0.1,5.0,150,979.7,16.29385964912281,16.184210526315788,16.05263157894737,15.789473684210526,16.271929824561408,16.239035087719298,16.041666666666668,14.430451127819548,0.02192982456041914,0.041026945030288905,0.1550672765758463,19,-0.9659258262890684,0.2588190451025203,7,-0.4999999999999997,-0.8660254037844388,1,0.7818315,0.6234898,0,208,100,100
2021-07-27 20:00:00+00:00,16.337719298245613,,,23.6,99,0.0,5.0,159,979.5,16.31578947368421,16.20614035087719,16.07456140350877,15.81140350877193,16.29385964912281,16.260964912280702,16.063596491228072,14.456140350877192,0.021929824560384944,0.04102694503028064,0.1550672765758318,20,-0.8660254037844386,0.5000000000000001,7,-0.4999999999999997,-0.8660254037844388,1,0.7818315,0.6234898,0,208,100,100
2021-07-27 21:00:00+00:00,16.359649122807017,,,23.6,99,0.0,5.8,158,979.4,16.337719298245613,16.228070175438596,16.096491228070175,15.833333333333334,16.31578947368421,16.282894736842106,16.085526315789473,14.478983918128655,0.02192982456035075,0.04102694503027238,0.15506727657581731,21,-0.7071067811865477,0.7071067811865474,7,-0.4999999999999997,-0.8660254037844388,1,0.7818315,0.6234898,0,208,100,100
2021-07-27 22:00:00+00:00,16.38157894736842,,,23.6,98,0.3,6.5,161,979.6,16.359649122807017,16.25,16.11842105263158,15.855263157894736,16.337719298245613,16.304824561403507,16.107456140350877,14.498981829573935,0.021929824560316558,0.04102694503026412,0.15506727657580283,22,-0.5000000000000004,0.8660254037844384,7,-0.4999999999999997,-0.8660254037844388,1,0.7818315,0.6234898,0,208,100,100
2021-07-27 23:00:00+00:00,16.403508771929825,,,23.5,97,0.2,6.4,164,979.8,16.38157894736842,16.271929824561404,16.140350877192983,15.87719298245614,16.359649122807017,16.32675438596491,16.12938596491228,14.518851476517382,0.021929824560280142,0.041026945030255856,0.1550672765757882,23,-0.25881904510252157,0.9659258262890681,7,-0.4999999999999997,-0.8660254037844388,1,0.7818315,0.6234898,0,208,100,100
2021-07-28 00:00:00+00:00,16.42543859649123,,,24.4,94,0.0,6.9,171,980.5,16.403508771929825,16.29385964912281,16.162280701754387,15.899122807017545,16.38157894736842,16.348684210526315,16.15131578947368,14.538592858958994,0.021929824560243727,0.04102694503024759,0.15506727657577357,0,0.0,1.0,7,-0.4999999999999997,-0.8660254037844388,2,0.9749279,-0.22252093,0,209,100,100
2021-07-28 01:00:00+00:00,16.44736842105263,,,25.5,90,0.0,8.0,188,980.9,16.42543859649123,16.31578947368421,16.184210526315788,15.921052631578947,16.403508771929825,16.37061403508772,16.173245614035086,14.558205976898767,0.02192982456020731,0.041026945030239334,0.15506727657575894,1,0.25881904510252074,0.9659258262890683,7,-0.4999999999999997,-0.8660254037844388,2,0.9749279,-0.22252093,0,209,100,100
2021-07-28 02:00:00+00:00,16.469298245614034,,,26.4,85,0.1,6.4,196,981.6,16.44736842105263,16.337719298245613,16.20614035087719,15.942982456140351,16.42543859649123,16.392543859649123,16.19517543859649,14.577690830336714,0.021929824560170008,0.04102694503022898,0.15506727657574393,2,0.49999999999999994,0.8660254037844387,7,-0.4999999999999997,-0.8660254037844388,2,0.9749279,-0.22252093,0,209,100,100
2021-07-28 03:00:00+00:00,16.49122807017544,,,27.0,84,0.3,6.3,167,981.6,16.469298245614034,16.359649122807017,16.228070175438596,15.964912280701755,16.44736842105263,16.414473684210527,16.217105263157894,14.59704741927282,0.021929824560135817,0.04102694503021863,0.15506727657572894,3,0.7071067811865476,0.7071067811865476,7,-0.4999999999999997,-0.8660254037844388,2,0.9749279,-0.22252093,0,209,100,100
2021-07-28 04:00:00+00:00,16.513157894736842,,,26.9,86,0.6,9.4,212,981.5,16.49122807017544,16.38157894736842,16.25,15.986842105263158,16.46929824561403,16.436403508771928,16.239035087719298,14.616275743707092,0.021929824560101622,0.041026945030208276,0.15506727657571392,4,0.8660254037844386,0.5000000000000001,7,-0.4999999999999997,-0.8660254037844388,2,0.9749279,-0.22252093,0,209,100,100
2021-07-28 05:00:00+00:00,16.535087719298247,,,26.5,87,1.7,9.2,191,980.7,16.513157894736842,16.403508771929825,16.271929824561404,16.00877192982456,16.49122807017544,16.458333333333332,16.260964912280702,14.635375803639533,0.02192982456006343,0.04102694503019793,0.1550672765756988,5,0.9659258262890683,0.25881904510252074,7,-0.4999999999999997,-0.8660254037844388,2,0.9749279,-0.22252093,0,209,100,100
2021-07-28 06:00:00+00:00,16.55701754385965,,,26.5,87,0.5,11.3,197,979.8,16.535087719298247,16.42543859649123,16.29385964912281,16.030701754385966,16.513157894736846,16.480263157894736,16.282894736842106,14.654347599070139,0.02192982456002524,0.04102694503018758,0.15506727657568367,6,1.0,6.123233995736766e-17,7,-0.4999999999999997,-0.8660254037844388,2,0.9749279,-0.22252093,0,209,100,100
2021-07-28 07:00:00+00:00,16.57894736842105,,,27.1,85,0.2,8.4,187,978.5,16.55701754385965,16.44736842105263,16.31578947368421,16.05263157894737,16.535087719298247,16.50219298245614,16.30482456140351,14.67319112999891,0.021929824559987047,0.04102694503017723,0.15506727657566854,7,0.9659258262890683,-0.25881904510252063,7,-0.4999999999999997,-0.8660254037844388,2,0.9749279,-0.22252093,0,209,100,100
2021-07-28 08:00:00+00:00,16.600877192982455,,,28.5,80,0.0,7.2,207,977.9,16.57894736842105,16.469298245614034,16.337719298245613,16.07456140350877,16.557017543859647,16.524122807017545,16.326754385964914,14.691906396425846,0.02192982455994663,0.04102694503016479,0.15506727657565314,8,0.8660254037844387,-0.4999999999999998,7,-0.4999999999999997,-0.8660254037844388,2,0.9749279,-0.22252093,0,209,100,100
2021-07-28 09:00:00+00:00,16.62280701754386,,,28.5,80,0.0,7.3,213,977.2,16.600877192982455,16.49122807017544,16.359649122807017,16.096491228070175,16.57894736842105,16.54605263157895,16.34868421052632,14.710493398350948,0.02192982455990622,0.04102694503015235,0.15506727657563749,9,0.7071067811865476,-0.7071067811865475,7,-0.4999999999999997,-0.8660254037844388,2,0.9749279,-0.22252093,0,209,100,100
2021-07-28 10:00:00+00:00,16.644736842105264,,,27.8,83,0.2,6.9,219,977.1,16.62280701754386,16.513157894736842,16.38157894736842,16.11842105263158,16.600877192982455,16.567982456140353,16.37061403508772,14.728952135774218,0.021929824559865807,0.04102694503013991,0.15506727657562183,10,0.49999999999999994,-0.8660254037844387,7,-0.4999999999999997,-0.8660254037844388,2,0.9749279,-0.22252093,0,209,100,100
2021-07-28 11:00:00+00:00,16.666666666666668,,,27.0,86,0.4,8.3,180,977.5,16.644736842105264,16.535087719298247,16.403508771929825,16.140350877192983,16.62280701754386,16.589912280701757,16.392543859649123,14.747282608695652,0.021929824559823174,0.04102694503012747,0.15506727657560618,11,0.258819045102521,-0.9659258262890682,7,-0.4999999999999997,-0.8660254037844388,2,0.9749279,-0.22252093,0,209,100,100
2021-07-28 12:00:00+00:00,16.68859649122807,,,26.8,83,0.4,9.4,184,977.8,16.666666666666668,16.55701754385965,16.42543859649123,16.162280701754387,16.644736842105264,16.61184210526316,16.414473684210527,14.76548481711525,0.02192982455978054,0.04102694503011503,0.15506727657559052,12,1.2246467991473532e-16,-1.0,7,-0.4999999999999997,-0.8660254037844388,2,0.9749279,-0.22252093,0,209,100,100
2021-07-28 13:00:00+00:00,16.710526315789473,,,26.1,86,0.0,10.7,192,979.3,16.68859649122807,16.57894736842105,16.44736842105263,16.184210526315788,16.666666666666668,16.63377192982456,16.436403508771928,14.783558761033015,0.021929824559735685,0.04102694503010155,0.15506727657557462,13,-0.2588190451025208,-0.9659258262890683,7,-0.4999999999999997,-0.8660254037844388,2,0.9749279,-0.22252093,0,209,100,100
2021-07-28 14:00:00+00:00,16.732456140350877,,,25.8,89,0.0,10.8,182,980.2,16.710526315789473,16.600877192982455,16.469298245614034,16.20614035087719,16.688596491228072,16.655701754385966,16.458333333333332,14.801504440448948,0.021929824559690836,0.04102694503008702,0.15506727657555847,14,-0.4999999999999997,-0.8660254037844388,7,-0.4999999999999997,-0.8660254037844388,2,0.9749279,-0.22252093,0,209,100,100
2021-07-28 15:00:00+00:00,16.75438596491228,,,25.1,94,0.0,10.2,172,981.0,16.732456140350877,16.62280701754386,16.49122807017544,16.228070175438596,16.710526315789473,16.677631578947366,16.480263157894736,14.819321855363047,0.021929824559645983,0.04102694503007249,0.1550672765755423,15,-0.7071067811865471,-0.7071067811865479,7,-0.4999999999999997,-0.8660254037844388,2,0.9749279,-0.22252093,0,209,100,100
2021-07-28 16:00:00+00:00,16.776315789473685,,,24.9,95,0.0,9.0,164,981.0,16.75438596491228,16.644736842105264,16.513157894736842,16.25,16.732456140350877,16.69956140350877,16.50219298245614,14.83701100577531,0.021929824559598906,0.041026945030057965,0.15506727657552613,16,-0.8660254037844385,-0.5000000000000004,7,-0.4999999999999997,-0.8660254037844388,2,0.9749279,-0.22252093,0,209,100,100
2021-07-28 17:00:00+00:00,16.79824561403509,,,24.7,94,0.0,9.5,171,981.0,16.776315789473685,16.666666666666668,16.535087719298247,16.271929824561404,16.75438596491228,16.721491228070175,16.524122807017545,14.854571891685737,0.021929824559551832,0.041026945030043435,0.15506727657550998,17,-0.9659258262890683,-0.25881904510252063,7,-0.4999999999999997,-0.8660254037844388,2,0.9749279,-0.22252093,0,209,100,100
2021-07-28 18:00:00+00:00,16.82017543859649,,,24.4,95,0.0,8.1,167,980.9,16.79824561403509,16.68859649122807,16.55701754385965,16.29385964912281,16.776315789473685,16.74342105263158,16.54605263157895,14.87200451309433,0.02192982455950476,0.041026945030028905,0.15506727657549382,18,-1.0,-1.8369701987210297e-16,7,-0.4999999999999997,-0.8660254037844388,2,0.9749279,-0.22252093,0,209,100,100
2021-07-28 19:00:00+00:00,16.842105263157894,,,24.2,95,0.0,8.2,165,980.4,16.82017543859649,16.710526315789473,16.57894736842105,16.31578947368421,16.798245614035086,16.765350877192983,16.567982456140353,14.88930887000109,0.021929824559456797,0.041026945030012286,0.15506727657547742,19,-0.9659258262890684,0.2588190451025203,7,-0.4999999999999997,-0.8660254037844388,2,0.9749279,-0.22252093,0,209,100,100
2021-07-28 20:00:00+00:00,16.864035087719298,,,24.1,96,0.0,7.4,166,980.1,16.842105263157894,16.732456140350877,16.600877192982455,16.337719298245613,16.82017543859649,16.787280701754387,16.589912280701753,14.906484962406015,0.021929824559411944,0.041026945029995675,0.15506727657546074,20,-0.8660254037844386,0.5000000000000001,7,-0.4999999999999997,-0.8660254037844388,2,0.9749279,-0.22252093,0,209,100,100
2021-07-28 21:00:00+00:00,16.885964912280702,,,23.8,97,0.0,6.8,162,980.1,16.864035087719298,16.75438596491228,16.62280701754386,16.359649122807017,16.842105263157894,16.80921052631579,16.611842105263158,14.923532790309107,0.02192982455936709,0.041026945029979056,0.15506727657544403,21,-0.7071067811865477,0.7071067811865474,7,-0.4999999999999997,-0.8660254037844388,2,0.9749279,-0.22252093,0,209,100,100
2021-07-28 22:00:00+00:00,16.907894736842106,,,23.4,98,0.0,6.5,146,980.2,16.885964912280702,16.776315789473685,16.644736842105264,16.38157894736842,16.864035087719298,16.831140350877195,16.63377192982456,14.940711152882205,0.02192982455931824,0.04102694502996244,0.15506727657542735,22,-0.5000000000000004,0.8660254037844384,7,-0.4999999999999997,-0.8660254037844388,2,0.9749279,-0.22252093,0,209,100,100
2021-07-28 23:00:00+00:00,16.92982456140351,,,23.1,98,0.0,6.3,156,980.4,16.907894736842106,16.79824561403509,16.666666666666668,16.403508771929825,16.885964912280702,16.8530701754386,16.655701754385966,14.958020050125313,0.021929824559269392,0.04102694502994582,0.15506727657541067,23,-0.25881904510252157,0.9659258262890681,7,-0.4999999999999997,-0.8660254037844388,2,0.9749279,-0.22252093,0,209,100,100
2021-07-29 00:00:00+00:00,16.95175438596491,,,24.5,93,0.0,6.9,174,981.3,16.92982456140351,16.82017543859649,16.68859649122807,16.42543859649123,16.907894736842106,16.875,16.67763157894737,14.98736424394319,0.021929824559220542,0.0410269450299292,0.155067276575394,0,0.0,1.0,7,-0.4999999999999997,-0.8660254037844388,3,0.43388373,-0.90096885,0,210,100,100
2021-07-29 01:00:00+00:00,16.973684210526315,,,25.6,88,0.0,7.3,191,981.8,16.95175438596491,16.842105263157894,16.710526315789473,16.44736842105263,16.92982456140351,16.8969298245614,16.69956140350877,15.01683897243108,0.02192982455916947,0.04102694502990954,0.15506727657537706,1,0.25881904510252074,0.9659258262890683,7,-0.4999999999999997,-0.8660254037844388,3,0.43388373,-0.90096885,0,210,100,100
2021-07-29 02:00:00+00:00,16.99561403508772,,,27.2,80,0.0,7.9,210,982.2,16.973684210526315,16.864035087719298,16.732456140350877,16.469298245614034,16.951754385964914,16.91885964912281,16.721491228070175,15.046444235588973,0.0219298245591184,0.04102694502988989,0.15506727657535987,2,0.49999999999999994,0.8660254037844387,7,-0.4999999999999997,-0.8660254037844388,3,0.43388373,-0.90096885,0,210,100,100
2021-07-29 03:00:00+00:00,17.017543859649123,,,28.5,76,0.1,7.3,191,982.2,16.99561403508772,16.885964912280702,16.75438596491228,16.49122807017544,16.973684210526315,16.94078947368421,16.74342105263158,15.076180033416877,0.02192982455906733,0.04102694502987023,0.1550672765753427,3,0.7071067811865476,0.7071067811865476,7,-0.4999999999999997,-0.8660254037844388,3,0.43388373,-0.90096885,0,210,100,100
2021-07-29 04:00:00+00:00,17.039473684210527,,,29.4,74,0.1,7.1,204,981.7,17.017543859649123,16.907894736842106,16.776315789473685,16.513157894736842,16.99561403508772,16.962719298245613,16.765350877192983,15.106046365914787,0.02192982455901404,0.041026945029850576,0.1550672765753255,4,0.8660254037844386,0.5000000000000001,7,-0.4999999999999997,-0.8660254037844388,3,0.43388373,-0.90096885,0,210,100,100
2021-07-29 05:00:00+00:00,17.06140350877193,,,30.8,69,0.1,6.1,230,981.1,17.039473684210527,16.92982456140351,16.79824561403509,16.535087719298247,17.017543859649123,16.984649122807017,16.787280701754387,15.136043233082706,0.02192982455896075,0.04102694502983092,0.1550672765753083,5,0.9659258262890683,0.25881904510252074,7,-0.4999999999999997,-0.8660254037844388,3,0.43388373,-0.90096885,0,210,100,100
2021-07-29 06:00:00+00:00,17.083333333333332,,,31.5,65,0.1,7.2,243,979.6,17.06140350877193,16.95175438596491,16.82017543859649,16.55701754385965,17.039473684210527,17.00657894736842,16.80921052631579,15.166170634920634,0.02192982455890746,0.04102694502981126,0.15506727657529112,6,1.0,6.123233995736766e-17,7,-0.4999999999999997,-0.8660254037844388,3,0.43388373,-0.90096885,0,210,100,100
2021-07-29 07:00:00+00:00,17.105263157894736,,,31.5,64,0.0,0.8,243,978.7,17.083333333333332,16.973684210526315,16.842105263157894,16.57894736842105,17.06140350877193,17.028508771929825,16.83114035087719,15.196428571428571,0.021929824558851948,0.04102694502978951,0.15506727657527383,7,0.9659258262890683,-0.25881904510252063,7,-0.4999999999999997,-0.8660254037844388,3,0.43388373,-0.90096885,0,210,100,100
2021-07-29 08:00:00+00:00,17.12719298245614,,,29.2,82,1.3,2.5,172,978.3,17.105263157894736,16.99561403508772,16.864035087719298,16.600877192982455,17.083333333333332,17.05043859649123,16.853070175438596,15.226817042606516,0.021929824558796433,0.04102694502976777,0.15506727657525676,8,0.8660254037844387,-0.4999999999999998,7,-0.4999999999999997,-0.8660254037844388,3,0.43388373,-0.90096885,0,210,100,100
2021-07-29 09:00:00+00:00,17.149122807017545,,,28.6,89,0.4,2.6,254,978.1,17.12719298245614,17.017543859649123,16.885964912280702,16.62280701754386,17.105263157894736,17.072368421052634,16.875,15.257336048454468,0.021929824558740922,0.04102694502974602,0.15506727657524008,9,0.7071067811865476,-0.7071067811865475,7,-0.4999999999999997,-0.8660254037844388,3,0.43388373,-0.90096885,0,210,100,100
2021-07-29 10:00:00+00:00,17.17105263157895,,,28.2,87,0.1,2.2,9,977.7,17.149122807017545,17.039473684210527,16.907894736842106,16.644736842105264,17.12719298245614,17.094298245614038,16.896929824561404,15.28798558897243,0.02192982455868319,0.041026945029724274,0.1550672765752234,10,0.49999999999999994,-0.8660254037844387,7,-0.4999999999999997,-0.8660254037844388,3,0.43388373,-0.90096885,0,210,100,100
2021-07-29 11:00:00+00:00,17.19298245614035,,,27.9,91,0.0,3.6,53,978.7,17.17105263157895,17.06140350877193,16.92982456140351,16.666666666666668,17.149122807017545,17.116228070175442,16.91885964912281,15.318765664160402,0.02192982455862546,0.04102694502970253,0.15506727657520672,11,0.258819045102521,-0.9659258262890682,7,-0.4999999999999997,-0.8660254037844388,3,0.43388373,-0.90096885,0,210,100,100
2021-07-29 12:00:00+00:00,17.214912280701753,,,27.5,92,0.0,4.5,151,978.9,17.19298245614035,17.083333333333332,16.95175438596491,16.68859649122807,17.17105263157895,17.138157894736842,16.94078947368421,15.34967627401838,0.02192982455856684,0.04102694502967974,0.1550672765751898,12,1.2246467991473532e-16,-1.0,7,-0.4999999999999997,-0.8660254037844388,3,0.43388373,-0.90096885,0,210,100,100
2021-07-29 13:00:00+00:00,17.236842105263158,,,27.3,88,0.0,5.9,169,980.0,17.214912280701753,17.105263157894736,16.973684210526315,16.710526315789473,17.192982456140353,17.160087719298243,16.962719298245613,15.380717418546366,0.021929824558511328,0.041026945029655905,0.1550672765751726,13,-0.2588190451025208,-0.9659258262890683,7,-0.4999999999999997,-0.8660254037844388,3,0.43388373,-0.90096885,0,210,100,100
2021-07-29 14:00:00+00:00,17.25877192982456,,,26.9,89,0.0,8.3,178,981.0,17.236842105263158,17.12719298245614,16.99561403508772,16.732456140350877,17.214912280701753,17.18201754385965,16.984649122807017,15.41188909774436,0.021929824558455817,0.04102694502963207,0.15506727657515543,14,-0.4999999999999997,-0.8660254037844388,7,-0.4999999999999997,-0.8660254037844388,3,0.43388373,-0.90096885,0,210,100,100
2021-07-29 15:00:00+00:00,17.280701754385966,,,26.4,94,0.0,9.7,176,982.0,17.25877192982456,17.149122807017545,17.017543859649123,16.75438596491228,17.236842105263154,17.20394736842105,17.00657894736842,15.440215121136175,0.02192982455839631,0.041026945029608235,0.15506727657513822,15,-0.7071067811865471,-0.7071067811865479,7,-0.4999999999999997,-0.8660254037844388,3,0.43388373,-0.90096885,0,210,100,100
2021-07-29 16:00:00+00:00,17.30263157894737,,,25.9,94,0.0,8.5,168,982.3,17.280701754385966,17.17105263157895,17.039473684210527,16.776315789473685,17.25877192982456,17.225877192982455,17.028508771929825,15.465695488721806,0.0219298245583368,0.0410269450295844,0.15506727657512104,16,-0.8660254037844385,-0.5000000000000004,7,-0.4999999999999997,-0.8660254037844388,3,0.43388373,-0.90096885,0,210,100,100
2021-07-29 17:00:00+00:00,17.32456140350877,,,25.6,94,0.0,7.1,165,982.0,17.30263157894737,17.19298245614035,17.06140350877193,16.79824561403509,17.28070175438597,17.24780701754386,17.05043859649123,15.491306390977442,0.02192982455827729,0.041026945029560564,0.15506727657510386,17,-0.9659258262890683,-0.25881904510252063,7,-0.4999999999999997,-0.8660254037844388,3,0.43388373,-0.90096885,0,210,100,100
2021-07-29 18:00:00+00:00,17.346491228070175,,,25.4,94,0.0,5.5,157,981.6,17.32456140350877,17.214912280701753,17.083333333333332,16.82017543859649,17.30263157894737,17.269736842105264,17.07236842105263,15.517047827903092,0.02192982455821556,0.04102694502953464,0.15506727657508657,18,-1.0,-1.8369701987210297e-16,7,-0.4999999999999997,-0.8660254037844388,3,0.43388373,-0.90096885,0,210,100,100
2021-07-29 19:00:00+00:00,17.36842105263158,,,25.2,95,0.0,4.8,153,981.3,17.346491228070175,17.236842105263158,17.105263157894736,16.842105263157894,17.32456140350877,17.291666666666668,17.094298245614034,15.542919799498748,0.021929824558153833,0.04102694502950872,0.1550672765750695,19,-0.9659258262890684,0.2588190451025203,7,-0.4999999999999997,-0.8660254037844388,3,0.43388373,-0.90096885,0,210,100,100
2021-07-29 20:00:00+00:00,17.390350877192983,,,25.1,95,0.0,6.6,158,981.0,17.36842105263158,17.25877192982456,17.12719298245614,16.864035087719298,17.346491228070175,17.31359649122807,17.11622807017544,15.568922305764412,0.021929824558092104,0.04102694502948279,0.15506727657505281,20,-0.8660254037844386,0.5000000000000001,7,-0.4999999999999997,-0.8660254037844388,3,0.43388373,-0.90096885,0,210,100,100
2021-07-29 21:00:00+00:00,17.412280701754387,,,24.8,95,0.0,6.5,161,980.7,17.390350877192983,17.280701754385966,17.149122807017545,16.885964912280702,17.36842105263158,17.335526315789473,17.138157894736842,15.595055346700084,0.021929824558028155,0.04102694502945688,0.15506727657503613,21,-0.7071067811865477,0.7071067811865474,7,-0.4999999999999997,-0.8660254037844388,3,0.43388373,-0.90096885,0,210,100,100
2021-07-29 22:00:00+00:00,17.434210526315788,,,24.4,94,0.0,7.1,156,980.8,17.412280701754387,17.30263157894737,17.17105263157895,16.907894736842106,17.390350877192983,17.357456140350877,17.160087719298247,15.621318922305765,0.021929824557964207,0.041026945029430946,0.15506727657501942,22,-0.5000000000000004,0.8660254037844384,7,-0.4999999999999997,-0.8660254037844388,3,0.43388373,-0.90096885,0,210,100,100
2021-07-29 23:00:00+00:00,17.45614035087719,,,24.1,93,0.0,8.0,170,981.5,17.434210526315788,17.32456140350877,17.19298245614035,16.92982456140351,17.412280701754387,17.37938596491228,17.182017543859647,15.647713032581454,0.021929824557898037,0.04102694502940398,0.15506727657500252,23,-0.25881904510252157,0.9659258262890681,7,-0.4999999999999997,-0.8660254037844388,3,0.43388373,-0.90096885,0,210,100,100
2021-07-30 00:00:00+00:00,17.478070175438596,,,24.6,98,0.0,6.8,177,982.6,17.45614035087719,17.346491228070175,17.214912280701753,16.95175438596491,17.43421052631579,17.40131578947368,17.20394736842105,15.674237677527152,0.021929824557831868,0.04102694502937597,0.15506727657498556,0,0.0,1.0,7,-0.4999999999999997,-0.8660254037844388,4,-0.43388373,-0.90096885,0,211,100,100
2021-07-30 01:00:00+00:00,17.5,,,25.8,92,0.0,8.3,175,983.1,17.478070175438596,17.36842105263158,17.236842105263158,16.973684210526315,17.45614035087719,17.423245614035086,17.225877192982455,15.702380952380953,0.0219298245577657,0.04102694502934796,0.15506727657496838,1,0.25881904510252074,0.9659258262890683,7,-0.4999999999999997,-0.8660254037844388,4,-0.43388373,-0.90096885,0,211,100,100
2021-07-30 02:00:00+00:00,17.521929824561404,,,27.3,85,0.1,8.5,192,983.3,17.5,17.390350877192983,17.25877192982456,16.99561403508772,17.478070175438596,17.44517543859649,17.24780701754386,15.732142857142858,0.02192982455769731,0.041026945029319944,0.1550672765749512,2,0.49999999999999994,0.8660254037844387,7,-0.4999999999999997,-0.8660254037844388,4,-0.43388373,-0.90096885,0,211,100,100
2021-07-30 03:00:00+00:00,17.54385964912281,,,28.1,80,0.1,7.9,210,983.5,17.521929824561404,17.412280701754387,17.280701754385966,17.017543859649123,17.5,17.467105263157894,17.269736842105264,15.763523391812866,0.02192982455762892,0.04102694502929193,0.15506727657493402,3,0.7071067811865476,0.7071067811865476,7,-0.4999999999999997,-0.8660254037844388,4,-0.43388373,-0.90096885,0,211,100,100
2021-07-30 04:00:00+00:00,17.565789473684212,,,28.8,79,0.1,3.9,214,983.0,17.54385964912281,17.434210526315788,17.30263157894737,17.039473684210527,17.521929824561404,17.489035087719298,17.291666666666668,15.796522556390977,0.02192982455756053,0.04102694502926392,0.15506727657491684,4,0.8660254037844386,0.5000000000000001,7,-0.4999999999999997,-0.8660254037844388,4,-0.43388373,-0.90096885,0,211,100,100
2021-07-30 05:00:00+00:00,17.587719298245613,,,30.5,74,0.2,2.4,207,982.5,17.565789473684212,17.45614035087719,17.32456140350877,17.06140350877193,17.54385964912281,17.510964912280702,17.313596491228072,15.829652255639097,0.02192982455749214,0.041026945029233916,0.15506727657489966,5,0.9659258262890683,0.25881904510252074,7,-0.4999999999999997,-0.8660254037844388,4,-0.43388373,-0.90096885,0,211,100,100
2021-07-30 06:00:00+00:00,17.609649122807017,,,31.2,67,0.3,3.3,257,981.6,17.587719298245613,17.478070175438596,17.346491228070175,17.083333333333332,17.56578947368421,17.532894736842106,17.335526315789473,15.856960108604845,0.021929824557422862,0.04102694502920287,0.15506727657488234,6,1.0,6.123233995736766e-17,7,-0.4999999999999997,-0.8660254037844388,4,-0.43388373,-0.90096885,0,211,100,100
2021-07-30 07:00:00+00:00,17.63157894736842,,,29.2,85,5.7,3.5,24,980.7,17.609649122807017,17.5,17.36842105263158,17.105263157894736,17.587719298245613,17.554824561403507,17.357456140350877,15.881422305764412,0.021929824557356693,0.04102694502917182,0.1550672765748653,7,0.9659258262890683,-0.25881904510252063,7,-0.4999999999999997,-0.8660254037844388,4,-0.43388373,-0.90096885,0,211,100,100
2021-07-30 08:00:00+00:00,17.653508771929825,,,28.3,88,1.6,6.9,62,979.9,17.63157894736842,17.521929824561404,17.390350877192983,17.12719298245614,17.609649122807017,17.57675438596491,17.37938596491228,15.903038847117795,0.021929824557290523,0.04102694502914077,0.1550672765748486,8,0.8660254037844387,-0.4999999999999998,7,-0.4999999999999997,-0.8660254037844388,4,-0.43388373,-0.90096885,0,211,100,100
2021-07-30 09:00:00+00:00,17.675438596491226,,,28.8,83,0.1,3.6,96,979.3,17.653508771929825,17.54385964912281,17.412280701754387,17.149122807017545,17.63157894736842,17.598684210526315,17.40131578947368,15.924785923141187,0.021929824557220357,0.041026945029109724,0.1550672765748319,9,0.7071067811865476,-0.7071067811865475,7,-0.4999999999999997,-0.8660254037844388,4,-0.43388373,-0.90096885,0,211,100,100
2021-07-30 10:00:00+00:00,17.69736842105263,,,28.5,84,0.1,1.5,104,979.3,17.675438596491226,17.565789473684212,17.434210526315788,17.17105263157895,17.653508771929825,17.62061403508772,17.423245614035086,15.946663533834586,0.021929824557147974,0.04102694502907763,0.15506727657481498,10,0.49999999999999994,-0.8660254037844387,7,-0.4999999999999997,-0.8660254037844388,4,-0.43388373,-0.90096885,0,211,100,100
2021-07-30 11:00:00+00:00,17.719298245614034,,,27.8,91,0.1,1.9,292,979.8,17.69736842105263,17.587719298245613,17.45614035087719,17.19298245614035,17.67543859649123,17.642543859649123,17.44517543859649,15.962719298245615,0.021929824557075588,0.04102694502904554,0.15506727657479805,11,0.258819045102521,-0.9659258262890682,7,-0.4999999999999997,-0.8660254037844388,4,-0.43388373,-0.90096885,0,211,100,100
2021-07-30 12:00:00+00:00,17.74122807017544,,,27.8,89,0.0,5.4,184,979.8,17.719298245614034,17.609649122807017,17.478070175438596,17.214912280701753,17.69736842105263,17.664473684210524,17.467105263157894,15.97592940685046,0.0219298245570032,0.0410269450290124,0.15506727657478087,12,1.2246467991473532e-16,-1.0,7,-0.4999999999999997,-0.8660254037844388,4,-0.43388373,-0.90096885,0,211,100,100
2021-07-30 13:00:00+00:00,17.763157894736842,,,28.0,82,0.0,9.4,176,980.9,17.74122807017544,17.63157894736842,17.5,17.236842105263158,17.719298245614034,17.68640350877193,17.489035087719298,15.986293859649122,0.021929824556928594,0.041026945028979266,0.15506727657476368,13,-0.2588190451025208,-0.9659258262890683,7,-0.4999999999999997,-0.8660254037844388,4,-0.43388373,-0.90096885,0,211,100,100
2021-07-30 14:00:00+00:00,17.785087719298247,,,27.0,89,0.0,10.9,171,982.0,17.763157894736842,17.653508771929825,17.521929824561404,17.25877192982456,17.74122807017544,17.708333333333332,17.510964912280702,15.996788847117795,0.021929824556853987,0.04102694502894613,0.1550672765747465,14,-0.4999999999999997,-0.8660254037844388,7,-0.4999999999999997,-0.8660254037844388,4,-0.43388373,-0.90096885,0,211,100,100
2021-07-30 15:00:00+00:00,17.80701754385965,,,26.2,90,0.0,10.4,166,982.9,17.785087719298247,17.675438596491226,17.54385964912281,17.280701754385966,17.763157894736842,17.730263157894736,17.532894736842106,16.007414369256473,0.02192982455677938,0.04102694502891299,0.15506727657472932,15,-0.7071067811865471,-0.7071067811865479,7,-0.4999999999999997,-0.8660254037844388,4,-0.43388373,-0.90096885,0,211,100,100
2021-07-30 16:00:00+00:00,17.82894736842105,,,25.5,92,1.2,8.3,146,982.9,17.80701754385965,17.69736842105263,17.565789473684212,17.30263157894737,17.785087719298247,17.75219298245614,17.554824561403507,16.018170426065165,0.021929824556704773,0.04102694502887881,0.15506727657471214,16,-0.8660254037844385,-0.5000000000000004,7,-0.4999999999999997,-0.8660254037844388,4,-0.43388373,-0.90096885,0,211,100,100
2021-07-30 17:00:00+00:00,17.850877192982455,,,24.9,99,1.0,5.4,138,982.6,17.82894736842105,17.719298245614034,17.587719298245613,17.32456140350877,17.807017543859647,17.774122807017545,17.576754385964914,16.02905701754386,0.021929824556627946,0.04102694502884359,0.15506727657469482,17,-0.9659258262890683,-0.25881904510252063,7,-0.4999999999999997,-0.8660254037844388,4,-0.43388373,-0.90096885,0,211,100,100
2021-07-30 18:00:00+00:00,17.87280701754386,,,24.8,99,0.6,4.6,162,982.0,17.850877192982455,17.74122807017544,17.609649122807017,17.346491228070175,17.82894736842105,17.79605263157895,17.598684210526315,16.040074143692564,0.021929824556551118,0.04102694502880836,0.15506727657467778,18,-1.0,-1.8369701987210297e-16,7,-0.4999999999999997,-0.8660254037844388,4,-0.43388373,-0.90096885,0,211,100,100
2021-07-30 19:00:00+00:00,17.894736842105264,,,24.7,99,1.2,5.6,153,981.9,17.87280701754386,17.763157894736842,17.63157894736842,17.36842105263158,17.850877192982455,17.81798245614035,17.62061403508772,16.05122180451128,0.02192982455647429,0.04102694502877314,0.1550672765746611,19,-0.9659258262890684,0.2588190451025203,7,-0.4999999999999997,-0.8660254037844388,4,-0.43388373,-0.90096885,0,211,100,100
2021-07-30 20:00:00+00:00,17.916666666666668,,,24.5,99,0.8,6.5,146,981.5,17.894736842105264,17.785087719298247,17.653508771929825,17.390350877192983,17.87280701754386,17.839912280701753,17.642543859649123,16.0625,0.021929824556395243,0.04102694502873791,0.15506727657464442,20,-0.8660254037844386,0.5000000000000001,7,-0.4999999999999997,-0.8660254037844388,4,-0.43388373,-0.90096885,0,211,100,100
2021-07-30 21:00:00+00:00,17.93859649122807,,,24.4,99,0.8,5.8,150,981.4,17.916666666666668,17.80701754385965,17.675438596491226,17.412280701754387,17.894736842105264,17.861842105263158,17.664473684210527,16.073908730158728,0.021929824556316195,0.04102694502870268,0.1550672765746277,21,-0.7071067811865477,0.7071067811865474,7,-0.4999999999999997,-0.8660254037844388,4,-0.43388373,-0.90096885,0,211,100,100
2021-07-30 22:00:00+00:00,17.960526315789473,,,24.2,99,0.5,4.7,148,981.5,17.93859649122807,17.82894736842105,17.69736842105263,17.434210526315788,17.916666666666668,17.883771929824558,17.686403508771928,16.079495614035086,0.02192982455623626,0.04102694502866641,0.15506727657461078,22,-0.5000000000000004,0.8660254037844384,7,-0.4999999999999997,-0.8660254037844388,4,-0.43388373,-0.90096885,0,211,100,100
2021-07-30 23:00:00+00:00,17.982456140350877,,,24.0,99,0.3,6.6,158,981.8,17.960526315789473,17.850877192982455,17.719298245614034,17.45614035087719,17.93859649122807,17.905701754385966,17.708333333333332,16.085213032581454,0.02192982455615943,0.0410269450286291,0.1550672765745936,23,-0.25881904510252157,0.9659258262890681,7,-0.4999999999999997,-0.8660254037844388,4,-0.43388373,-0.90096885,0,211,100,100
2021-07-31 00:00:00+00:00,18.00438596491228,,,24.4,99,0.5,7.3,160,982.6,17.982456140350877,17.87280701754386,17.74122807017544,17.478070175438596,17.96052631578947,17.92763157894737,17.730263157894736,16.09701336675021,0.021929824556082604,0.041026945028591784,0.15506727657457642,0,0.0,1.0,7,-0.4999999999999997,-0.8660254037844388,5,-0.9749279,-0.22252093,1,212,100,100
2021-07-31 01:00:00+00:00,18.026315789473685,,,25.4,95,1.1,8.0,162,983.1,18.00438596491228,17.894736842105264,17.763157894736842,17.5,17.982456140350877,17.94956140350877,17.75219298245614,16.10894423558897,0.02192982455600178,0.04102694502855447,0.15506727657455924,1,0.25881904510252074,0.9659258262890683,7,-0.4999999999999997,-0.8660254037844388,5,-0.9749279,-0.22252093,1,212,100,100
2021-07-31 02:00:00+00:00,18.04824561403509,,,26.5,89,0.1,10.0,193,983.6,18.026315789473685,17.916666666666668,17.785087719298247,17.521929824561404,18.004385964912284,17.971491228070175,17.774122807017545,16.121005639097746,0.021929824555920956,0.041026945028517156,0.15506727657454206,2,0.49999999999999994,0.8660254037844387,7,-0.4999999999999997,-0.8660254037844388,5,-0.9749279,-0.22252093,1,212,100,100
2021-07-31 03:00:00+00:00,18.07017543859649,,,27.0,85,0.1,8.7,204,983.7,18.04824561403509,17.93859649122807,17.80701754385965,17.54385964912281,18.026315789473685,17.99342105263158,17.79605263157895,16.133197577276526,0.02192982455584013,0.041026945028479846,0.15506727657452488,3,0.7071067811865476,0.7071067811865476,7,-0.4999999999999997,-0.8660254037844388,5,-0.9749279,-0.22252093,1,212,100,100
2021-07-31 04:00:00+00:00,18.092105263157894,,,27.8,81,0.0,8.2,209,983.3,18.07017543859649,17.960526315789473,17.82894736842105,17.565789473684212,18.048245614035086,18.015350877192983,17.817982456140353,16.145520050125313,0.021929824555757087,0.04102694502844044,0.15506727657450756,4,0.8660254037844386,0.5000000000000001,7,-0.4999999999999997,-0.8660254037844388,5,-0.9749279,-0.22252093,1,212,100,100
2021-07-31 05:00:00+00:00,18.114035087719298,,,28.9,75,0.0,7.4,203,982.5,18.092105263157894,17.982456140350877,17.850877192982455,17.587719298245613,18.07017543859649,18.037280701754387,17.839912280701753,16.16392543859649,0.021929824555674042,0.041026945028401034,0.15506727657449076,5,0.9659258262890683,0.25881904510252074,7,-0.4999999999999997,-0.8660254037844388,5,-0.9749279,-0.22252093,1,212,100,100
2021-07-31 06:00:00+00:00,18.135964912280702,,,29.8,73,0.1,10.1,186,981.3,18.114035087719298,18.00438596491228,17.87280701754386,17.609649122807017,18.092105263157894,18.05921052631579,17.861842105263158,16.182461361737676,0.021929824555590997,0.041026945028361635,0.15506727657447406,6,1.0,6.123233995736766e-17,7,-0.4999999999999997,-0.8660254037844388,5,-0.9749279,-0.22252093,1,212,100,100
2021-07-31 07:00:00+00:00,18.157894736842106,,,30.1,70,0.0,9.7,182,980.0,18.135964912280702,18.026315789473685,17.894736842105264,17.63157894736842,18.114035087719298,18.081140350877195,17.88377192982456,16.201127819548873,0.021929824555505732,0.04102694502832223,0.15506727657445737,7,0.9659258262890683,-0.25881904510252063,7,-0.4999999999999997,-0.8660254037844388,5,-0.9749279,-0.22252093,1,212,100,100
2021-07-31 08:00:00+00:00,18.179824561403507,,,30.2,69,0.0,12.2,204,979.3,18.157894736842106,18.04824561403509,17.916666666666668,17.653508771929825,18.135964912280702,18.1030701754386,17.905701754385962,16.219924812030076,0.021929824555420467,0.04102694502828283,0.1550672765744407,8,0.8660254037844387,-0.4999999999999998,7,-0.4999999999999997,-0.8660254037844388,5,-0.9749279,-0.22252093,1,212,100,100
2021-07-31 09:00:00+00:00,18.20175438596491,,,29.0,81,0.9,5.4,266,978.9,18.179824561403507,18.07017543859649,17.93859649122807,17.675438596491226,18.157894736842106,18.125,17.92763157894737,16.238852339181285,0.02192982455533298,0.041026945028242945,0.15506727657442376,9,0.7071067811865476,-0.7071067811865475,7,-0.4999999999999997,-0.8660254037844388,5,-0.9749279,-0.22252093,1,212,100,100
2021-07-31 10:00:00+00:00,18.223684210526315,,,27.6,88,2.7,5.4,233,979.3,18.20175438596491,18.092105263157894,17.960526315789473,17.69736842105263,18.17982456140351,18.1469298245614,17.94956140350877,16.263862781954888,0.0219298245552455,0.041026945028204115,0.15506727657440658,10,0.49999999999999994,-0.8660254037844387,7,-0.4999999999999997,-0.8660254037844388,5,-0.9749279,-0.22252093,1,212,100,100
2021-07-31 11:00:00+00:00,18.24561403508772,,,27.3,92,0.1,4.8,153,979.9,18.223684210526315,18.114035087719298,17.982456140350877,17.719298245614034,18.20175438596491,18.168859649122805,17.971491228070175,16.289003759398497,0.021929824555158014,0.0410269450281668,0.1550672765743894,11,0.258819045102521,-0.9659258262890682,7,-0.4999999999999997,-0.8660254037844388,5,-0.9749279,-0.22252093,1,212,100,100
2021-07-31 12:00:00+00:00,18.267543859649123,,,27.5,84,0.1,8.4,190,979.8,18.24561403508772,18.135964912280702,18.00438596491228,17.74122807017544,18.223684210526315,18.19078947368421,17.99342105263158,16.314275271512116,0.021929824555068308,0.04102694502812949,0.15506727657437222,12,1.2246467991473532e-16,-1.0,7,-0.4999999999999997,-0.8660254037844388,5,-0.9749279,-0.22252093,1,212,100,100
2021-07-31 13:00:00+00:00,18.289473684210527,,,26.6,89,0.0,9.4,176,981.5,18.267543859649123,18.157894736842106,18.026315789473685,17.763157894736842,18.24561403508772,18.212719298245613,18.015350877192983,16.34562969924812,0.021929824554978602,0.04102694502809217,0.155067276574355,13,-0.2588190451025208,-0.9659258262890683,7,-0.4999999999999997,-0.8660254037844388,5,-0.9749279,-0.22252093,1,212,100,100
2021-07-31 14:00:00+00:00,18.31140350877193,,,25.9,92,0.0,8.9,166,981.9,18.289473684210527,18.179824561403507,18.04824561403509,17.785087719298247,18.267543859649123,18.234649122807017,18.037280701754387,16.377114661654133,0.021929824554888896,0.04102694502805485,0.15506727657433783,14,-0.4999999999999997,-0.8660254037844388,7,-0.4999999999999997,-0.8660254037844388,5,-0.9749279,-0.22252093,1,212,100,100
2021-07-31 15:00:00+00:00,18.333333333333332,,,25.6,93,0.0,9.2,169,982.2,18.31140350877193,18.20175438596491,18.07017543859649,17.80701754385965,18.289473684210527,18.25657894736842,18.05921052631579,16.408730158730158,0.02192982455479919,0.041026945028016494,0.15506727657432065,15,-0.7071067811865471,-0.7071067811865479,7,-0.4999999999999997,-0.8660254037844388,5,-0.9749279,-0.22252093,1,212,100,100
2021-07-31 16:00:00+00:00,18.355263157894736,,,25.0,95,0.0,7.3,160,981.9,18.333333333333332,18.223684210526315,18.092105263157894,17.82894736842105,18.31140350877193,18.278508771929825,18.081140350877195,16.44047619047619,0.021929824554708596,0.041026945027977095,0.15506727657430336,16,-0.8660254037844385,-0.5000000000000004,7,-0.4999999999999997,-0.8660254037844388,5,-0.9749279,-0.22252093,1,212,100,100
2021-07-31 17:00:00+00:00,18.37719298245614,,,24.6,96,0.0,6.8,162,981.8,18.355263157894736,18.24561403508772,18.114035087719298,17.850877192982455,18.333333333333332,18.30043859649123,18.103070175438596,16.472352756892228,0.02192982455462111,0.04102694502793769,0.1550672765742863,17,-0.9659258262890683,-0.25881904510252063,7,-0.4999999999999997,-0.8660254037844388,5,-0.9749279,-0.22252093,1,212,100,100
2021-07-31 18:00:00+00:00,18.399122807017545,,,24.5,97,0.0,6.3,156,981.6,18.37719298245614,18.267543859649123,18.135964912280702,17.87280701754386,18.355263157894736,18.32236842105263,18.125,16.50435985797828,0.021929824554533628,0.04102694502789829,0.1550672765742696,18,-1.0,-1.8369701987210297e-16,7,-0.4999999999999997,-0.8660254037844388,5,-0.9749279,-0.22252093,1,212,100,100
2021-07-31 19:00:00+00:00,18.42105263157895,,,24.5,98,0.0,6.3,156,981.1,18.399122807017545,18.289473684210527,18.157894736842106,17.894736842105264,18.37719298245614,18.344298245614034,18.146929824561404,16.53500939849624,0.021929824554442146,0.041026945027858884,0.15506727657425293,19,-0.9659258262890684,0.2588190451025203,7,-0.4999999999999997,-0.8660254037844388,5,-0.9749279,-0.22252093,1,212,100,100
2021-07-31 20:00:00+00:00,18.44298245614035,,,24.4,99,0.0,7.6,172,980.5,18.42105263157895,18.31140350877193,18.179824561403507,17.916666666666668,18.399122807017545,18.36622807017544,18.168859649122805,16.564301378446117,0.021929824554350663,0.041026945027819485,0.15506727657423625,20,-0.8660254037844386,0.5000000000000001,7,-0.4999999999999997,-0.8660254037844388,5,-0.9749279,-0.22252093,1,212,100,100
2021-07-31 21:00:00+00:00,18.464912280701753,,,24.2,98,0.0,7.7,169,980.5,18.44298245614035,18.333333333333332,18.20175438596491,17.93859649122807,18.42105263157895,18.388157894736842,18.19078947368421,16.592235797827904,0.02192982455425696,0.04102694502777961,0.15506727657421931,21,-0.7071067811865477,0.7071067811865474,7,-0.4999999999999997,-0.8660254037844388,5,-0.9749279,-0.22252093,1,212,100,100
2021-07-31 22:00:00+00:00,18.486842105263158,,,24.1,97,0.0,8.4,170,980.6,18.464912280701753,18.355263157894736,18.223684210526315,17.960526315789473,18.442982456140353,18.410087719298247,18.212719298245613,16.618812656641605,0.02192982455416326,0.04102694502774077,0.15506727657420213,22,-0.5000000000000004,0.8660254037844384,7,-0.4999999999999997,-0.8660254037844388,5,-0.9749279,-0.22252093,1,212,100,100
2021-07-31 23:00:00+00:00,18.50877192982456,,,24.1,95,0.0,8.1,167,980.8,18.486842105263158,18.37719298245614,18.24561403508772,17.982456140350877,18.464912280701753,18.432017543859647,18.234649122807017,16.645520050125313,0.021929824554069558,0.04102694502770346,0.15506727657418493,23,-0.25881904510252157,0.9659258262890681,7,-0.4999999999999997,-0.8660254037844388,5,-0.9749279,-0.22252093,1,212,100,100
2021-08-01 00:00:00+00:00,18.530701754385966,,,24.4,93,0.0,8.8,168,981.1,18.50877192982456,18.399122807017545,18.267543859649123,18.00438596491228,18.486842105263154,18.45394736842105,18.25657894736842,16.67235797827903,0.021929824553973635,0.04102694502766614,0.15506727657416775,0,0.0,1.0,8,-0.8660254037844385,-0.5000000000000004,6,-0.7818315,0.6234898,1,213,100,100
2021-08-01 01:00:00+00:00,18.55263157894737,,,24.8,92,0.1,8.4,170,981.6,18.530701754385966,18.42105263157895,18.289473684210527,18.026315789473685,18.50877192982456,18.475877192982455,18.278508771929825,16.69932644110276,0.02192982455387771,0.04102694502762883,0.15506727657415056,1,0.25881904510252074,0.9659258262890683,8,-0.8660254037844385,-0.5000000000000004,6,-0.7818315,0.6234898,1,213,100,100
2021-08-01 02:00:00+00:00,18.57456140350877,,,25.5,89,0.1,8.1,167,982.0,18.55263157894737,18.44298245614035,18.31140350877193,18.04824561403509,18.53070175438597,18.49780701754386,18.30043859649123,16.7234492481203,0.02192982455378179,0.041026945027591515,0.15506727657413338,2,0.49999999999999994,0.8660254037844387,8,-0.8660254037844385,-0.5000000000000004,6,-0.7818315,0.6234898,1,213,100,100
2021-08-01 03:00:00+00:00,18.596491228070175,,,26.6,83,0.1,10.3,205,982.0,18.57456140350877,18.464912280701753,18.333333333333332,18.07017543859649,18.55263157894737,18.519736842105264,18.32236842105263,16.744726399331665,0.021929824553683645,0.04102694502755211,0.1550672765741161,3,0.7071067811865476,0.7071067811865476,8,-0.8660254037844385,-0.5000000000000004,6,-0.7818315,0.6234898,1,213,100,100
2021-08-01 04:00:00+00:00,18.61842105263158,,,27.2,80,0.0,11.6,216,981.6,18.596491228070175,18.486842105263158,18.355263157894736,18.092105263157894,18.57456140350877,18.541666666666668,18.344298245614034,16.766134085213032,0.0219298245535855,0.04102694502751271,0.15506727657409902,4,0.8660254037844386,0.5000000000000001,8,-0.8660254037844385,-0.5000000000000004,6,-0.7818315,0.6234898,1,213,100,100
2021-08-01 05:00:00+00:00,18.640350877192983,,,28.0,75,0.0,12.6,207,980.9,18.61842105263158,18.50877192982456,18.37719298245614,18.114035087719298,18.596491228070175,18.563596491228072,18.36622807017544,16.787672305764413,0.021929824553487357,0.041026945027473304,0.15506727657408234,5,0.9659258262890683,0.25881904510252074,8,-0.8660254037844385,-0.5000000000000004,6,-0.7818315,0.6234898,1,213,100,100
2021-08-01 06:00:00+00:00,18.662280701754387,,,28.5,73,0.0,12.2,204,979.7,18.640350877192983,18.530701754385966,18.399122807017545,18.135964912280702,18.61842105263158,18.585526315789476,18.388157894736842,16.809341060985798,0.021929824553386996,0.041026945027433905,0.15506727657406566,6,1.0,6.123233995736766e-17,8,-0.8660254037844385,-0.5000000000000004,6,-0.7818315,0.6234898,1,213,100,100
2021-08-01 07:00:00+00:00,18.684210526315788,,,29.1,70,0.0,11.7,214,978.8,18.662280701754387,18.55263157894737,18.42105263157895,18.157894736842106,18.640350877192983,18.607456140350877,18.410087719298247,16.83114035087719,0.021929824553286632,0.0410269450273945,0.15506727657404898,7,0.9659258262890683,-0.25881904510252063,8,-0.8660254037844385,-0.5000000000000004,6,-0.7818315,0.6234898,1,213,100,100
2021-08-01 08:00:00+00:00,18.70614035087719,,,29.9,67,0.0,8.9,220,978.3,18.684210526315788,18.57456140350877,18.44298245614035,18.179824561403507,18.662280701754387,18.629385964912277,18.43201754385965,16.853070175438596,0.02192982455318538,0.04102694502735462,0.15506727657403205,8,0.8660254037844387,-0.4999999999999998,8,-0.8660254037844385,-0.5000000000000004,6,-0.7818315,0.6234898,1,213,100,100
2021-08-01 09:00:00+00:00,18.728070175438596,,,30.0,68,0.0,6.8,212,977.6,18.70614035087719,18.596491228070175,18.464912280701753,18.20175438596491,18.68421052631579,18.651315789473685,18.45394736842105,16.875,0.021929824553087236,0.04102694502731579,0.15506727657401484,9,0.7071067811865476,-0.7071067811865475,8,-0.8660254037844385,-0.5000000000000004,6,-0.7818315,0.6234898,1,213,100,100
2021-08-01 10:00:00+00:00,18.75,,,28.0,82,1.5,10.6,215,978.1,18.728070175438596,18.61842105263158,18.486842105263158,18.223684210526315,18.70614035087719,18.673245614035086,18.475877192982455,16.896929824561404,0.021929824552989093,0.04102694502727848,0.15506727657399766,10,0.49999999999999994,-0.8660254037844387,8,-0.8660254037844385,-0.5000000000000004,6,-0.7818315,0.6234898,1,213,100,100
2021-08-01 11:00:00+00:00,18.771929824561404,,,26.5,93,1.9,6.7,164,979.3,18.75,18.640350877192983,18.50877192982456,18.24561403508772,18.728070175438596,18.69517543859649,18.49780701754386,16.91885964912281,0.02192982455288695,0.04102694502724116,0.15506727657398048,11,0.258819045102521,-0.9659258262890682,8,-0.8660254037844385,-0.5000000000000004,6,-0.7818315,0.6234898,1,213,100,100
2021-08-01 12:00:00+00:00,18.79385964912281,,,26.4,87,0.7,7.9,183,979.3,18.771929824561404,18.662280701754387,18.530701754385966,18.267543859649123,18.75,18.717105263157894,18.519736842105264,16.940789473684212,0.021929824552784808,0.041026945027203846,0.1550672765739633,12,1.2246467991473532e-16,-1.0,8,-0.8660254037844385,-0.5000000000000004,6,-0.7818315,0.6234898,1,213,100,100
2021-08-01 13:00:00+00:00,18.81578947368421,,,25.8,92,0.1,9.0,175,980.1,18.79385964912281,18.684210526315788,18.55263157894737,18.289473684210527,18.771929824561404,18.739035087719298,18.541666666666668,16.962719298245613,0.021929824552682668,0.041026945027166535,0.15506727657394612,13,-0.2588190451025208,-0.9659258262890683,8,-0.8660254037844385,-0.5000000000000004,6,-0.7818315,0.6234898,1,213,100,100
2021-08-01 14:00:00+00:00,18.837719298245613,,,25.4,95,0.1,9.4,173,980.7,18.81578947368421,18.70614035087719,18.57456140350877,18.31140350877193,18.79385964912281,18.760964912280702,18.563596491228072,16.984649122807017,0.021929824552578307,0.04102694502712713,0.15506727657392883,14,-0.4999999999999997,-0.8660254037844388,8,-0.8660254037844385,-0.5000000000000004,6,-0.7818315,0.6234898,1,213,100,100
2021-08-01 15:00:00+00:00,18.859649122807017,,,25.0,96,0.1,8.1,167,981.5,18.837719298245613,18.728070175438596,18.596491228070175,18.333333333333332,18.81578947368421,18.782894736842106,18.585526315789473,17.00657894736842,0.021929824552473946,0.04102694502708773,0.155067276573912,15,-0.7071067811865471,-0.7071067811865479,8,-0.8660254037844385,-0.5000000000000004,6,-0.7818315,0.6234898,1,213,100,100
2021-08-01 16:00:00+00:00,18.88157894736842,,,24.9,96,0.1,6.5,161,981.8,18.859649122807017,18.75,18.61842105263158,18.355263157894736,18.837719298245613,18.80482456140351,18.607456140350877,17.028508771929825,0.021929824552369585,0.041026945027048324,0.15506727657389532,16,-0.8660254037844385,-0.5000000000000004,8,-0.8660254037844385,-0.5000000000000004,6,-0.7818315,0.6234898,1,213,100,100
2021-08-01 17:00:00+00:00,18.903508771929825,,,24.8,97,0.2,7.4,166,981.2,18.88157894736842,18.771929824561404,18.640350877192983,18.37719298245614,18.859649122807017,18.826754385964914,18.62938596491228,17.050438596491226,0.021929824552263003,0.04102694502700892,0.15506727657387864,17,-0.9659258262890683,-0.25881904510252063,8,-0.8660254037844385,-0.5000000000000004,6,-0.7818315,0.6234898,1,213,100,100
2021-08-01 18:00:00+00:00,18.925438596491226,,,24.6,97,0.7,6.6,167,980.6,18.903508771929825,18.79385964912281,18.662280701754387,18.399122807017545,18.88157894736842,18.84868421052632,18.651315789473685,17.07236842105263,0.021929824552156422,0.04102694502696952,0.15506727657386196,18,-1.0,-1.8369701987210297e-16,8,-0.8660254037844385,-0.5000000000000004,6,-0.7818315,0.6234898,1,213,100,100
2021-08-01 19:00:00+00:00,18.94736842105263,,,24.3,99,1.1,6.5,161,979.9,18.925438596491226,18.81578947368421,18.684210526315788,18.42105263157895,18.903508771929825,18.87061403508772,18.673245614035086,17.094298245614034,0.02192982455204762,0.04102694502692964,0.155067276573845,19,-0.9659258262890684,0.2588190451025203,8,-0.8660254037844385,-0.5000000000000004,6,-0.7818315,0.6234898,1,213,100,100
2021-08-01 20:00:00+00:00,18.969298245614034,,,24.2,99,0.9,7.7,169,979.6,18.94736842105263,18.837719298245613,18.70614035087719,18.44298245614035,18.92543859649123,18.89254385964912,18.69517543859649,17.11622807017544,0.021929824551938815,0.04102694502689081,0.15506727657382807,20,-0.8660254037844386,0.5000000000000001,8,-0.8660254037844385,-0.5000000000000004,6,-0.7818315,0.6234898,1,213,100,100
2021-08-01 21:00:00+00:00,18.99122807017544,,,24.0,99,0.4,9.1,173,979.7,18.969298245614034,18.859649122807017,18.728070175438596,18.464912280701753,18.94736842105263,18.914473684210527,18.717105263157894,17.138157894736842,0.021929824551830013,0.041026945026853494,0.1550672765738109,21,-0.7071067811865477,0.7071067811865474,8,-0.8660254037844385,-0.5000000000000004,6,-0.7818315,0.6234898,1,213,100,100
2021-08-01 22:00:00+00:00,19.013157894736842,,,23.8,99,0.3,9.4,176,979.8,18.99122807017544,18.88157894736842,18.75,18.486842105263158,18.96929824561403,18.936403508771928,18.739035087719298,17.160087719298243,0.02192982455171899,0.04102694502681618,0.1550672765737937,22,-0.5000000000000004,0.8660254037844384,8,-0.8660254037844385,-0.5000000000000004,6,-0.7818315,0.6234898,1,213,100,100
2021-08-01 23:00:00+00:00,19.035087719298247,,,23.6,99,0.2,8.4,170,980.3,19.013157894736842,18.903508771929825,18.771929824561404,18.50877192982456,18.99122807017544,18.958333333333332,18.760964912280702,17.18201754385965,0.021929824551607968,0.041026945026778866,0.15506727657377653,23,-0.25881904510252157,0.9659258262890681,8,-0.8660254037844385,-0.5000000000000004,6,-0.7818315,0.6234898,1,213,100,100
2021-08-02 00:00:00+00:00,19.05701754385965,,,24.1,98,0.1,8.0,172,981.1,19.035087719298247,18.925438596491226,18.79385964912281,18.530701754385966,19.013157894736846,18.980263157894736,18.782894736842106,17.203947368421055,0.021929824551496942,0.04102694502674155,0.15506727657375935,0,0.0,1.0,8,-0.8660254037844385,-0.5000000000000004,0,0.0,1.0,0,214,100,100
2021-08-02 01:00:00+00:00,19.07894736842105,,,25.3,91,0.0,9.5,191,981.7,19.05701754385965,18.94736842105263,18.81578947368421,18.55263157894737,19.035087719298247,19.00219298245614,18.804824561403507,17.22587719298246,0.02192982455138592,0.04102694502670319,0.15506727657374217,1,0.25881904510252074,0.9659258262890683,8,-0.8660254037844385,-0.5000000000000004,0,0.0,1.0,0,214,100,100
2021-08-02 02:00:00+00:00,19.100877192982455,,,27.0,82,0.0,8.9,223,982.0,19.07894736842105,18.969298245614034,18.837719298245613,18.57456140350877,19.057017543859647,19.024122807017545,18.826754385964914,17.24780701754386,0.02192982455127401,0.04102694502666379,0.15506727657372485,2,0.49999999999999994,0.8660254037844387,8,-0.8660254037844385,-0.5000000000000004,0,0.0,1.0,0,214,100,100
2021-08-02 03:00:00+00:00,19.12280701754386,,,28.1,76,0.1,7.1,221,981.9,19.100877192982455,18.99122807017544,18.859649122807017,18.596491228070175,19.07894736842105,19.04605263157895,18.848684210526315,17.269736842105264,0.021929824551165208,0.041026945026624385,0.1550672765737078,3,0.7071067811865476,0.7071067811865476,8,-0.8660254037844385,-0.5000000000000004,0,0.0,1.0,0,214,100,100
2021-08-02 04:00:00+00:00,19.144736842105264,,,29.1,73,0.1,5.0,210,981.5,19.12280701754386,19.013157894736842,18.88157894736842,18.61842105263158,19.100877192982455,19.067982456140353,18.87061403508772,17.291666666666668,0.021929824551056406,0.04102694502658498,0.15506727657369113,4,0.8660254037844386,0.5000000000000001,8,-0.8660254037844385,-0.5000000000000004,0,0.0,1.0,0,214,100,100
2021-08-02 05:00:00+00:00,19.166666666666664,,,29.1,75,0.2,4.7,203,980.6,19.144736842105264,19.035087719298247,18.903508771929825,18.640350877192983,19.12280701754386,19.089912280701757,18.892543859649123,17.313596491228072,0.021929824550943607,0.04102694502654558,0.15506727657367442,5,0.9659258262890683,0.25881904510252074,8,-0.8660254037844385,-0.5000000000000004,0,0.0,1.0,0,214,100,100
2021-08-02 06:00:00+00:00,19.18859649122807,,,30.2,67,0.1,9.0,209,979.6,19.166666666666664,19.05701754385965,18.925438596491226,18.662280701754387,19.144736842105264,19.111842105263158,18.914473684210524,17.335526315789473,0.021929824550828585,0.0410269450265057,0.1550672765736575,6,1.0,6.123233995736766e-17,8,-0.8660254037844385,-0.5000000000000004,0,0.0,1.0,0,214,100,100
2021-08-02 07:00:00+00:00,19.210526315789473,,,29.8,72,0.4,7.6,205,979.0,19.18859649122807,19.07894736842105,18.94736842105263,18.684210526315788,19.166666666666668,19.133771929824558,18.936403508771928,17.357456140350877,0.021929824550713566,0.041026945026467906,0.15506727657364056,7,0.9659258262890683,-0.25881904510252063,8,-0.8660254037844385,-0.5000000000000004,0,0.0,1.0,0,214,100,100
2021-08-02 08:00:00+00:00,19.232456140350877,,,28.4,83,7.7,9.2,281,979.0,19.210526315789473,19.100877192982455,18.969298245614034,18.70614035087719,19.18859649122807,19.155701754385962,18.958333333333332,17.37938596491228,0.021929824550598546,0.041026945026430596,0.15506727657362337,8,0.8660254037844387,-0.4999999999999998,8,-0.8660254037844385,-0.5000000000000004,0,0.0,1.0,0,214,100,100
2021-08-02 09:00:00+00:00,19.25438596491228,,,26.6,97,0.8,1.3,326,979.1,19.232456140350877,19.12280701754386,18.99122807017544,18.728070175438596,19.21052631578947,19.177631578947366,18.980263157894736,17.401315789473685,0.021929824550481307,0.04102694502639328,0.1550672765736062,9,0.7071067811865476,-0.7071067811865475,8,-0.8660254037844385,-0.5000000000000004,0,0.0,1.0,0,214,100,100
2021-08-02 10:00:00+00:00,19.276315789473685,,,26.4,98,1.3,3.8,139,979.4,19.25438596491228,19.144736842105264,19.013157894736842,18.75,19.232456140350877,19.19956140350877,19.00219298245614,17.42324561403509,0.021929824550364067,0.04102694502635596,0.155067276573589,10,0.49999999999999994,-0.8660254037844387,8,-0.8660254037844385,-0.5000000000000004,0,0.0,1.0,0,214,100,100
2021-08-02 11:00:00+00:00,19.29824561403509,,,26.1,98,0.2,4.3,180,980.0,19.276315789473685,19.166666666666664,19.035087719298247,18.771929824561404,19.254385964912284,19.221491228070175,19.024122807017545,17.44517543859649,0.021929824550246828,0.04102694502631865,0.15506727657357183,11,0.258819045102521,-0.9659258262890682,8,-0.8660254037844385,-0.5000000000000004,0,0.0,1.0,0,214,100,100
2021-08-02 12:00:00+00:00,19.320175438596493,,,26.0,92,0.2,6.5,186,980.0,19.29824561403509,19.18859649122807,19.05701754385965,18.79385964912281,19.276315789473685,19.24342105263158,19.046052631578945,17.467105263157894,0.021929824550129585,0.04102694502628029,0.15506727657355465,12,1.2246467991473532e-16,-1.0,8,-0.8660254037844385,-0.5000000000000004,0,0.0,1.0,0,214,100,100
2021-08-02 13:00:00+00:00,19.342105263157894,,,25.5,94,0.1,8.3,178,980.9,19.320175438596493,19.210526315789473,19.07894736842105,18.81578947368421,19.298245614035086,19.265350877192983,19.06798245614035,17.489035087719298,0.021929824550012345,0.041026945026241934,0.15506727657353747,13,-0.2588190451025208,-0.9659258262890683,8,-0.8660254037844385,-0.5000000000000004,0,0.0,1.0,0,214,100,100
2021-08-02 14:00:00+00:00,19.364035087719298,,,25.0,99,0.5,6.8,177,981.6,19.342105263157894,19.232456140350877,19.100877192982455,18.837719298245613,19.32017543859649,19.287280701754387,19.089912280701753,17.510964912280702,0.021929824549892885,0.04102694502620253,0.15506727657351987,14,-0.4999999999999997,-0.8660254037844388,8,-0.8660254037844385,-0.5000000000000004,0,0.0,1.0,0,214,100,100
2021-08-02 15:00:00+00:00,19.385964912280702,,,24.8,99,0.4,6.6,158,982.3,19.364035087719298,19.25438596491228,19.12280701754386,18.859649122807017,19.342105263157894,19.30921052631579,19.111842105263158,17.532894736842106,0.02192982454977343,0.04102694502616313,0.15506727657350283,15,-0.7071067811865471,-0.7071067811865479,8,-0.8660254037844385,-0.5000000000000004,0,0.0,1.0,0,214,100,100
2021-08-02 16:00:00+00:00,19.407894736842106,,,24.5,99,0.7,4.5,151,982.2,19.385964912280702,19.276315789473685,19.144736842105264,18.88157894736842,19.364035087719298,19.331140350877195,19.13377192982456,17.554824561403507,0.02192982454965397,0.04102694502612372,0.15506727657348615,16,-0.8660254037844385,-0.5000000000000004,8,-0.8660254037844385,-0.5000000000000004,0,0.0,1.0,0,214,100,100
2021-08-02 17:00:00+00:00,19.429824561403507,,,24.4,99,2.8,5.2,155,981.7,19.407894736842106,19.29824561403509,19.166666666666664,18.903508771929825,19.385964912280702,19.3530701754386,19.155701754385962,17.57675438596491,0.02192982454953229,0.04102694502608432,0.15506727657346947,17,-0.9659258262890683,-0.25881904510252063,8,-0.8660254037844385,-0.5000000000000004,0,0.0,1.0,0,214,100,100
2021-08-02 18:00:00+00:00,19.45175438596491,,,24.1,99,2.8,4.6,141,981.3,19.429824561403507,19.320175438596493,19.18859649122807,18.925438596491226,19.407894736842106,19.375,19.177631578947366,17.598684210526315,0.021929824549409716,0.04102694502604444,0.15506727657345254,18,-1.0,-1.8369701987210297e-16,8,-0.8660254037844385,-0.5000000000000004,0,0.0,1.0,0,214,100,100
2021-08-02 19:00:00+00:00,19.473684210526315,,,24.0,99,2.2,5.5,157,981.0,19.45175438596491,19.342105263157894,19.210526315789473,18.94736842105263,19.429824561403507,19.3969298245614,19.19956140350877,17.62061403508772,0.021929824549290256,0.04102694502600665,0.15506727657343536,19,-0.9659258262890684,0.2588190451025203,8,-0.8660254037844385,-0.5000000000000004,0,0.0,1.0,0,214,100,100
2021-08-02 20:00:00+00:00,19.49561403508772,,,23.8,99,2.1,7.3,169,980.5,19.473684210526315,19.364035087719298,19.232456140350877,18.969298245614034,19.451754385964907,19.418859649122805,19.221491228070175,17.642543859649123,0.021929824549170796,0.04102694502596933,0.15506727657341818,20,-0.8660254037844386,0.5000000000000001,8,-0.8660254037844385,-0.5000000000000004,0,0.0,1.0,0,214,100,100
2021-08-02 21:00:00+00:00,19.517543859649123,,,23.6,99,1.6,7.0,168,980.7,19.49561403508772,19.385964912280702,19.25438596491228,18.99122807017544,19.473684210526315,19.44078947368421,19.24342105263158,17.664473684210527,0.02192982454904734,0.041026945025932016,0.15506727657340097,21,-0.7071067811865477,0.7071067811865474,8,-0.8660254037844385,-0.5000000000000004,0,0.0,1.0,0,214,100,100
2021-08-02 22:00:00+00:00,19.539473684210527,,,23.4,99,1.3,7.4,166,980.7,19.517543859649123,19.407894736842106,19.276315789473685,19.013157894736842,19.495614035087723,19.462719298245613,19.265350877192983,17.686403508771928,0.021929824548923883,0.041026945025894705,0.1550672765733838,22,-0.5000000000000004,0.8660254037844384,8,-0.8660254037844385,-0.5000000000000004,0,0.0,1.0,0,214,100,100
2021-08-02 23:00:00+00:00,19.56140350877193,,,23.2,99,0.5,6.4,153,981.3,19.539473684210527,19.429824561403507,19.29824561403509,19.035087719298247,19.517543859649123,19.484649122807017,19.287280701754387,17.708333333333332,0.021929824548800426,0.04102694502585739,0.1550672765733666,23,-0.25881904510252157,0.9659258262890681,8,-0.8660254037844385,-0.5000000000000004,0,0.0,1.0,0,214,100,100
2021-08-03 00:00:00+00:00,19.583333333333332,,,24.0,96,0.1,7.4,151,981.9,19.56140350877193,19.45175438596491,19.320175438596493,19.05701754385965,19.539473684210524,19.50657894736842,19.309210526315788,17.730263157894736,0.02192982454867697,0.04102694502581903,0.15506727657334943,0,0.0,1.0,8,-0.8660254037844385,-0.5000000000000004,1,0.7818315,0.6234898,0,215,100,100
2021-08-03 01:00:00+00:00,19.605263157894736,,,25.0,93,0.0,9.0,175,982.3,19.583333333333332,19.473684210526315,19.342105263157894,19.07894736842105,19.561403508771928,19.528508771929825,19.331140350877195,17.75219298245614,0.021929824548551292,0.041026945025779624,0.15506727657333214,1,0.25881904510252074,0.9659258262890683,8,-0.8660254037844385,-0.5000000000000004,1,0.7818315,0.6234898,0,215,100,100
2021-08-03 02:00:00+00:00,19.62719298245614,,,26.6,83,0.1,7.9,196,982.8,19.605263157894736,19.49561403508772,19.364035087719298,19.100877192982455,19.583333333333332,19.55043859649123,19.353070175438596,17.77412280701754,0.021929824548425618,0.041026945025740225,0.15506727657331507,2,0.49999999999999994,0.8660254037844387,8,-0.8660254037844385,-0.5000000000000004,1,0.7818315,0.6234898,0,215,100,100
2021-08-03 03:00:00+00:00,19.649122807017545,,,28.0,80,0.1,4.5,166,982.6,19.62719298245614,19.517543859649123,19.385964912280702,19.12280701754386,19.605263157894736,19.57236842105263,19.375,17.796052631578945,0.02192982454829994,0.041026945025700826,0.15506727657329838,3,0.7071067811865476,0.7071067811865476,8,-0.8660254037844385,-0.5000000000000004,1,0.7818315,0.6234898,0,215,100,100
2021-08-03 04:00:00+00:00,19.671052631578945,,,29.0,77,0.2,7.8,146,982.1,19.649122807017545,19.539473684210527,19.407894736842106,19.144736842105264,19.62719298245614,19.594298245614034,19.3969298245614,17.81798245614035,0.021929824548172043,0.04102694502566142,0.1550672765732817,4,0.8660254037844386,0.5000000000000001,8,-0.8660254037844385,-0.5000000000000004,1,0.7818315,0.6234898,0,215,100,100
2021-08-03 05:00:00+00:00,19.69298245614035,,,29.1,74,0.3,7.6,188,981.5,19.671052631578945,19.56140350877193,19.429824561403507,19.166666666666664,19.649122807017545,19.61622807017544,19.418859649122805,17.839912280701757,0.02192982454804192,0.041026945025621535,0.15506727657326477,5,0.9659258262890683,0.25881904510252074,8,-0.8660254037844385,-0.5000000000000004,1,0.7818315,0.6234898,0,215,100,100
2021-08-03 06:00:00+00:00,19.714912280701753,,,31.0,66,0.2,7.0,235,980.5,19.69298245614035,19.583333333333332,19.45175438596491,19.18859649122807,19.671052631578945,19.638157894736842,19.440789473684212,17.861842105263158,0.021929824547911803,0.041026945025583746,0.15506727657324756,6,1.0,6.123233995736766e-17,8,-0.8660254037844385,-0.5000000000000004,1,0.7818315,0.6234898,0,215,100,100
2021-08-03 07:00:00+00:00,19.736842105263158,,,29.2,76,1.6,15.5,181,980.0,19.714912280701753,19.605263157894736,19.473684210526315,19.210526315789473,19.692982456140346,19.660087719298247,19.462719298245613,17.88377192982456,0.021929824547781685,0.04102694502554643,0.15506727657323038,7,0.9659258262890683,-0.25881904510252063,8,-0.8660254037844385,-0.5000000000000004,1,0.7818315,0.6234898,0,215,100,100
2021-08-03 08:00:00+00:00,19.75877192982456,,,27.8,87,1.6,13.5,209,979.6,19.736842105263158,19.62719298245614,19.49561403508772,19.232456140350877,19.714912280701753,19.682017543859647,19.484649122807017,17.905701754385966,0.021929824547649347,0.04102694502550912,0.1550672765732132,8,0.8660254037844387,-0.4999999999999998,8,-0.8660254037844385,-0.5000000000000004,1,0.7818315,0.6234898,0,215,100,100
2021-08-03 09:00:00+00:00,19.780701754385966,,,26.6,90,2.0,10.2,198,979.6,19.75877192982456,19.649122807017545,19.517543859649123,19.25438596491228,19.73684210526316,19.70394736842105,19.50657894736842,17.92763157894737,0.021929824547517008,0.0410269450254718,0.15506727657319602,9,0.7071067811865476,-0.7071067811865475,8,-0.8660254037844385,-0.5000000000000004,1,0.7818315,0.6234898,0,215,100,100
2021-08-03 10:00:00+00:00,19.80263157894737,,,26.4,92,0.4,7.6,183,980.0,19.780701754385966,19.671052631578945,19.539473684210527,19.276315789473685,19.75877192982456,19.725877192982455,19.528508771929825,17.949561403508774,0.02192982454738467,0.04102694502543449,0.15506727657317884,10,0.49999999999999994,-0.8660254037844387,8,-0.8660254037844385,-0.5000000000000004,1,0.7818315,0.6234898,0,215,100,100
2021-08-03 11:00:00+00:00,19.82456140350877,,,25.8,93,1.9,8.3,162,980.7,19.80263157894737,19.69298245614035,19.56140350877193,19.29824561403509,19.780701754385962,19.74780701754386,19.55043859649123,17.971491228070175,0.02192982454725233,0.04102694502539613,0.15506727657316166,11,0.258819045102521,-0.9659258262890682,8,-0.8660254037844385,-0.5000000000000004,1,0.7818315,0.6234898,0,215,100,100
2021-08-03 12:00:00+00:00,19.846491228070175,,,26.5,89,0.2,10.3,168,980.4,19.82456140350877,19.714912280701753,19.583333333333332,19.320175438596493,19.802631578947366,19.769736842105264,19.572368421052634,17.99342105263158,0.021929824547119104,0.041026945025356726,0.15506727657314434,12,1.2246467991473532e-16,-1.0,8,-0.8660254037844385,-0.5000000000000004,1,0.7818315,0.6234898,0,215,100,100
2021-08-03 13:00:00+00:00,19.86842105263158,,,25.8,90,0.3,11.5,160,981.1,19.846491228070175,19.736842105263158,19.605263157894736,19.342105263157894,19.82456140350877,19.791666666666668,19.594298245614038,18.015350877192983,0.021929824546988986,0.04102694502531732,0.15506727657312755,13,-0.2588190451025208,-0.9659258262890683,8,-0.8660254037844385,-0.5000000000000004,1,0.7818315,0.6234898,0,215,100,100
2021-08-03 14:00:00+00:00,19.890350877192983,,,24.8,94,3.8,8.0,172,982.1,19.86842105263158,19.75877192982456,19.62719298245614,19.364035087719298,19.846491228070175,19.813596491228072,19.61622807017544,18.037280701754383,0.021929824546858868,0.04102694502527792,0.15506727657311087,14,-0.4999999999999997,-0.8660254037844388,8,-0.8660254037844385,-0.5000000000000004,1,0.7818315,0.6234898,0,215,100,100
2021-08-03 15:00:00+00:00,19.912280701754387,,,24.2,99,2.7,4.2,121,982.7,19.890350877192983,19.780701754385966,19.649122807017545,19.385964912280702,19.86842105263158,19.835526315789476,19.638157894736842,18.059210526315788,0.021929824546724753,0.041026945025238515,0.15506727657309416,15,-0.7071067811865471,-0.7071067811865479,8,-0.8660254037844385,-0.5000000000000004,1,0.7818315,0.6234898,0,215,100,100
2021-08-03 16:00:00+00:00,19.934210526315788,,,24.2,99,0.7,3.5,114,983.3,19.912280701754387,19.80263157894737,19.671052631578945,19.407894736842106,19.890350877192983,19.857456140350877,19.660087719298243,18.08114035087719,0.021929824546590638,0.041026945025199116,0.15506727657307748,16,-0.8660254037844385,-0.5000000000000004,8,-0.8660254037844385,-0.5000000000000004,1,0.7818315,0.6234898,0,215,100,100
2021-08-03 17:00:00+00:00,19.95614035087719,,,23.9,99,2.4,4.5,151,983.2,19.934210526315788,19.82456140350877,19.69298245614035,19.429824561403507,19.912280701754387,19.879385964912277,19.682017543859647,18.103070175438596,0.0219298245464543,0.04102694502515924,0.15506727657306055,17,-0.9659258262890683,-0.25881904510252063,8,-0.8660254037844385,-0.5000000000000004,1,0.7818315,0.6234898,0,215,100,100
2021-08-03 18:00:00+00:00,19.978070175438596,,,23.5,99,0.6,5.7,162,982.8,19.95614035087719,19.846491228070175,19.714912280701753,19.45175438596491,19.93421052631579,19.901315789473685,19.70394736842105,18.125,0.021929824546317964,0.04102694502512041,0.15506727657304337,18,-1.0,-1.8369701987210297e-16,8,-0.8660254037844385,-0.5000000000000004,1,0.7818315,0.6234898,0,215,100,100
2021-08-03 19:00:00+00:00,20.0,1304191.0,1.0,23.4,99,0.1,5.2,164,982.4,19.978070175438596,19.86842105263158,19.736842105263158,19.473684210526315,19.95614035087719,19.923245614035086,19.725877192982455,18.146929824561404,0.021929824546181628,0.04102694502508309,0.15506727657302619,19,-0.9659258262890684,0.2588190451025203,8,-0.8660254037844385,-0.5000000000000004,1,0.7818315,0.6234898,0,215,100,100
2021-08-03 20:00:00+00:00,20.0,1304191.0,1.0,23.4,98,0.0,6.2,159,982.1,20.0,19.890350877192983,19.75877192982456,19.49561403508772,19.978070175438596,19.94517543859649,19.74780701754386,18.16885964912281,0.021929824546043072,0.04102694502504577,0.155067276573009,20,-0.8660254037844386,0.5000000000000001,8,-0.8660254037844385,-0.5000000000000004,1,0.7818315,0.6234898,0,215,100,100
2021-08-03 21:00:00+00:00,20.0,1304191.0,1.0,23.2,98,0.0,6.5,161,982.0,20.0,19.912280701754387,19.780701754385966,19.517543859649123,19.992690058479532,19.96345029239766,19.768823099415204,18.190658939014202,0.012661190087041817,0.03581125354327353,0.1535740253928322,21,-0.7071067811865477,0.7071067811865474,8,-0.8660254037844385,-0.5000000000000004,1,0.7818315,0.6234898,0,215,100,100
2021-08-03 22:00:00+00:00,20.0,1304191.0,1.0,23.0,98,0.0,6.7,164,982.2,20.0,19.934210526315788,19.80263157894737,19.539473684210527,20.0,19.978070175438596,19.78892543859649,18.212327694235587,0.0,0.0277392777127495,0.1508032947665487,22,-0.5000000000000004,0.8660254037844384,8,-0.8660254037844385,-0.5000000000000004,1,0.7818315,0.6234898,0,215,100,100
2021-08-03 23:00:00+00:00,20.0,1304191.0,1.0,23.0,98,0.0,7.3,169,982.7,20.0,19.95614035087719,19.82456140350877,19.56140350877193,20.0,19.989035087719298,19.80811403508772,18.233865914786968,0.0,0.01834780758725412,0.1469319591784393,23,-0.25881904510252157,0.9659258262890681,8,-0.8660254037844385,-0.5000000000000004,1,0.7818315,0.6234898,0,215,100,100
2021-08-04 00:00:00+00:00,20.0,1304191.0,1.0,23.4,97,0.0,8.4,170,983.1,20.0,19.978070175438596,19.846491228070175,19.583333333333332,20.0,19.996345029239766,19.82638888888889,18.255273600668335,0.0,0.008952813362349848,0.14210924570243383,0,0.0,1.0,8,-0.8660254037844385,-0.5000000000000004,2,0.9749279,-0.22252093,0,216,100,100
2021-08-04 01:00:00+00:00,19.0,1304191.0,1.0,24.4,93,0.1,9.7,182,983.4,20.0,20.0,19.86842105263158,19.605263157894736,20.0,20.0,19.84375,18.2765507518797,0.0,0.0,0.1364641832198919,1,0.25881904510252074,0.9659258262890683,8,-0.8660254037844385,-0.5000000000000004,2,0.9749279,-0.22252093,0,216,100,100
2021-08-04 02:00:00+00:00,19.0,1304191.0,1.0,25.9,87,0.1,8.3,198,983.7,19.0,20.0,19.890350877192983,19.62719298245614,19.666666666666668,19.833333333333332,19.818530701754387,18.29174498746867,0.5773502691896263,0.40824829046386274,0.2154964604258723,2,0.49999999999999994,0.8660254037844387,8,-0.8660254037844385,-0.5000000000000004,2,0.9749279,-0.22252093,0,216,100,100
2021-08-04 03:00:00+00:00,19.0,1304191.0,1.0,27.4,83,0.0,6.5,180,983.6,19.0,20.0,19.912280701754387,19.649122807017545,19.333333333333332,19.666666666666668,19.792397660818715,18.306808688387633,0.5773502691896263,0.5163977794943212,0.27067408522565634,3,0.7071067811865476,0.7071067811865476,8,-0.8660254037844385,-0.5000000000000004,2,0.9749279,-0.22252093,0,216,100,100
2021-08-04 04:00:00+00:00,20.0,1304191.0,1.0,28.2,80,0.0,6.9,171,983.1,19.0,20.0,19.934210526315788,19.671052631578945,19.0,19.5,19.765350877192983,18.321741854636592,0.0,0.5477225575051646,0.3144969948376914,4,0.8660254037844386,0.5000000000000001,8,-0.8660254037844385,-0.5000000000000004,2,0.9749279,-0.22252093,0,216,100,100
2021-08-04 05:00:00+00:00,20.0,,,29.2,75,0.1,10.2,170,982.2,20.0,20.0,19.95614035087719,19.69298245614035,19.333333333333332,19.5,19.77905701754386,18.34249686716792,0.5773502691896263,0.5477225575051646,0.31736357749933836,5,0.9659258262890683,0.25881904510252074,8,-0.8660254037844385,-0.5000000000000004,2,0.9749279,-0.22252093,0,216,100,100
2021-08-04 06:00:00+00:00,20.0,1304191.0,1.0,30.0,66,0.2,12.4,210,981.2,20.0,20.0,19.978070175438596,19.714912280701753,19.666666666666668,19.5,19.791849415204677,18.36312134502924,0.5773502691896263,0.5477225575051646,0.3199205885364669,6,1.0,6.123233995736766e-17,8,-0.8660254037844385,-0.5000000000000004,2,0.9749279,-0.22252093,0,216,100,100
2021-08-04 07:00:00+00:00,20.0,1304191.0,1.0,30.1,65,0.2,12.9,203,980.4,20.0,19.0,20.0,19.736842105263158,20.0,19.5,19.80372807017544,18.38361528822055,0.0,0.5477225575051646,0.32222407089868976,7,0.9659258262890683,-0.25881904510252063,8,-0.8660254037844385,-0.5000000000000004,2,0.9749279,-0.22252093,0,216,100,100
2021-08-04 08:00:00+00:00,20.0,1304191.0,1.0,30.0,66,0.1,9.5,205,979.7,20.0,19.0,20.0,19.75877192982456,20.0,19.666666666666668,19.81469298245614,18.403978696741856,0.0,0.5163977794943203,0.32431972468357156,8,0.8660254037844387,-0.4999999999999998,8,-0.8660254037844385,-0.5000000000000004,2,0.9749279,-0.22252093,0,216,100,100
2021-08-04 09:00:00+00:00,20.0,1304191.0,1.0,28.6,75,0.5,7.9,223,979.7,20.0,19.0,20.0,19.780701754385966,20.0,19.833333333333332,19.824744152046787,18.42421157059315,0.0,0.4082482904638601,0.32624360265013497,9,0.7071067811865476,-0.7071067811865475,8,-0.8660254037844385,-0.5000000000000004,2,0.9749279,-0.22252093,0,216,100,100
2021-08-04 10:00:00+00:00,20.0,1304191.0,1.0,27.7,86,0.3,4.1,232,979.7,20.0,20.0,20.0,19.80263157894737,20.0,20.0,19.83388157894737,18.444313909774436,0.0,0.0,0.3280226323033819,10,0.49999999999999994,-0.8660254037844387,8,-0.8660254037844385,-0.5000000000000004,2,0.9749279,-0.22252093,0,216,100,100
2021-08-04 11:00:00+00:00,21.0,1304191.0,1.0,27.1,90,0.0,4.4,171,980.4,20.0,20.0,20.0,19.82456140350877,20.0,20.0,19.842105263157894,18.464285714285715,0.0,0.0,0.3296750151891761,11,0.258819045102521,-0.9659258262890682,8,-0.8660254037844385,-0.5000000000000004,2,0.9749279,-0.22252093,0,216,100,100
2021-08-04 12:00:00+00:00,20.0,1304191.0,1.0,27.0,81,0.0,10.0,195,980.6,21.0,20.0,20.0,19.846491228070175,20.333333333333332,20.166666666666668,19.89108187134503,18.490079365079367,0.5773502691896263,0.40824829046386274,0.40553842892619046,12,1.2246467991473532e-16,-1.0,8,-0.8660254037844385,-0.5000000000000004,2,0.9749279,-0.22252093,0,216,100,100
2021-08-04 13:00:00+00:00,20.0,1304191.0,1.0,26.0,87,0.8,7.3,191,981.9,20.0,20.0,19.0,19.86842105263158,20.333333333333332,20.166666666666668,19.89747807017544,18.509790100250626,0.5773502691896263,0.40824829046386274,0.40601486154962735,13,-0.2588190451025208,-0.9659258262890683,8,-0.8660254037844385,-0.5000000000000004,2,0.9749279,-0.22252093,0,216,100,100
2021-08-04 14:00:00+00:00,20.085714285714285,,,25.1,95,1.4,8.2,142,982.6,20.0,20.0,19.0,19.890350877192983,20.333333333333332,20.166666666666668,19.90296052631579,18.52937030075188,0.5773502691896263,0.40824829046386274,0.40649352202973493,14,-0.4999999999999997,-0.8660254037844388,8,-0.8660254037844385,-0.5000000000000004,2,0.9749279,-0.22252093,0,216,100,100
2021-08-04 15:00:00+00:00,20.17142857142857,,,24.8,97,0.5,8.2,139,983.1,20.085714285714285,20.0,19.0,19.912280701754387,20.02857142857143,20.18095238095238,19.91110066833751,18.549330170664756,0.04948716593053917,0.40271189546411346,0.4081826246664819,15,-0.7071067811865471,-0.7071067811865479,8,-0.8660254037844385,-0.5000000000000004,2,0.9749279,-0.22252093,0,216,100,100
2021-08-04 16:00:00+00:00,20.257142857142856,,,24.5,97,0.0,6.7,144,983.0,20.17142857142857,20.0,20.0,19.934210526315788,20.085714285714285,20.20952380952381,19.9218984962406,18.569669709989256,0.08571428571428481,0.3932768321000695,0.4116283284174379,16,-0.8660254037844385,-0.5000000000000004,8,-0.8660254037844385,-0.5000000000000004,2,0.9749279,-0.22252093,0,216,100,100
2021-08-04 17:00:00+00:00,20.34285714285714,,,24.2,97,0.0,6.3,156,982.3,20.257142857142856,21.0,20.0,19.95614035087719,20.17142857142857,20.25238095238095,19.935354010025062,18.59038891872538,0.0857142857142857,0.37965254433727674,0.4172874742796108,17,-0.9659258262890683,-0.25881904510252063,8,-0.8660254037844385,-0.5000000000000004,2,0.9749279,-0.22252093,0,216,100,100
2021-08-04 18:00:00+00:00,20.428571428571427,,,24.1,97,0.0,6.5,177,982.2,20.34285714285714,20.0,20.0,19.978070175438596,20.257142857142856,20.142857142857142,19.951467209690893,18.611487796873135,0.08571428571428481,0.13997084244475358,0.4255103697098269,18,-1.0,-1.8369701987210297e-16,8,-0.8660254037844385,-0.5000000000000004,2,0.9749279,-0.22252093,0,216,100,100
2021-08-04 19:00:00+00:00,20.514285714285712,,,23.9,98,0.1,5.9,142,981.8,20.428571428571427,20.0,20.0,20.0,20.34285714285714,20.21428571428571,19.970238095238095,18.63296634443251,0.0857142857142857,0.16035674514745352,0.4365289536305572,19,-0.9659258262890684,0.2588190451025203,8,-0.8660254037844385,-0.5000000000000004,2,0.9749279,-0.22252093,0,216,100,100
2021-08-04 20:00:00+00:00,20.6,,,23.5,99,0.1,6.1,152,981.1,20.514285714285712,20.085714285714285,20.0,20.0,20.428571428571427,20.3,19.991666666666664,18.65482456140351,0.08571428571428481,0.160356745147452,0.450454107196866,20,-0.8660254037844386,0.5000000000000001,8,-0.8660254037844385,-0.5000000000000004,2,0.9749279,-0.22252093,0,216,100,100
2021-08-04 21:00:00+00:00,20.685714285714287,,,23.5,98,0.0,6.5,161,981.1,20.6,20.17142857142857,20.0,20.0,20.514285714285716,20.385714285714283,20.016666666666666,18.67706244778613,0.08571428571428792,0.1603567451474515,0.4672726027697486,21,-0.7071067811865477,0.7071067811865474,8,-0.8660254037844385,-0.5000000000000004,2,0.9749279,-0.22252093,0,216,100,100
2021-08-04 22:00:00+00:00,20.771428571428572,,,23.3,98,0.0,6.6,158,981.6,20.685714285714287,20.257142857142856,20.0,20.0,20.599999999999998,20.47142857142857,20.045238095238094,18.69968000358038,0.08571428571428792,0.16035674514745046,0.48676661061953147,22,-0.5000000000000004,0.8660254037844384,8,-0.8660254037844385,-0.5000000000000004,2,0.9749279,-0.22252093,0,216,100,100
2021-08-04 23:00:00+00:00,20.857142857142858,,,23.0,98,0.0,6.6,158,981.9,20.771428571428572,20.34285714285714,21.0,20.0,20.685714285714287,20.557142857142853,20.077380952380953,18.72267722878625,0.08571428571428481,0.1603567451474479,0.5086285938039262,23,-0.25881904510252157,0.9659258262890681,8,-0.8660254037844385,-0.5000000000000004,2,0.9749279,-0.22252093,0,216,100,100
2021-08-05 00:00:00+00:00,20.942857142857143,,,23.7,96,0.0,7.0,168,982.4,20.857142857142858,20.428571428571427,20.0,20.0,20.771428571428572,20.642857142857142,20.113095238095237,18.74605412340375,0.0857142857142857,0.16035674514744536,0.5324920346182138,0,0.0,1.0,8,-0.8660254037844385,-0.5000000000000004,3,0.43388373,-0.90096885,0,217,100,100
2021-08-05 01:00:00+00:00,21.02857142857143,,,25.1,91,0.0,7.2,177,982.9,20.942857142857143,20.514285714285712,20.0,19.0,20.857142857142858,20.72857142857143,20.152380952380952,18.769810687432866,0.08571428571428481,0.16035674514744278,0.5579571476774419,1,0.25881904510252074,0.9659258262890683,8,-0.8660254037844385,-0.5000000000000004,3,0.43388373,-0.90096885,0,217,100,100
2021-08-05 02:00:00+00:00,21.114285714285714,,,26.8,82,0.1,8.7,197,983.0,21.02857142857143,20.6,20.085714285714285,19.0,20.942857142857143,20.814285714285713,20.23690476190476,18.793946920873612,0.0857142857142857,0.16035674514744022,0.5286791340090948,2,0.49999999999999994,0.8660254037844387,8,-0.8660254037844385,-0.5000000000000004,3,0.43388373,-0.90096885,0,217,100,100
2021-08-05 03:00:00+00:00,21.2,,,27.2,80,0.1,7.9,204,983.0,21.114285714285714,20.685714285714287,20.17142857142857,19.0,21.02857142857143,20.900000000000002,20.325,18.81846282372598,0.08571428571428481,0.1603567451474387,0.4882151546869619,3,0.7071067811865476,0.7071067811865476,8,-0.8660254037844385,-0.5000000000000004,3,0.43388373,-0.90096885,0,217,100,100
2021-08-05 04:00:00+00:00,21.285714285714285,,,28.4,75,0.0,5.0,201,982.7,21.2,20.771428571428572,20.257142857142856,20.0,21.114285714285714,20.985714285714288,20.416666666666668,18.843358395989974,0.0857142857142857,0.16035674514743717,0.43190559508195014,4,0.8660254037844386,0.5000000000000001,8,-0.8660254037844385,-0.5000000000000004,3,0.43388373,-0.90096885,0,217,100,100
2021-08-05 05:00:00+00:00,21.37142857142857,,,30.1,68,0.1,4.0,180,982.1,21.285714285714285,20.857142857142858,20.34285714285714,20.0,21.2,21.07142857142857,20.470238095238095,18.868633637665592,0.08571428571428481,0.16035674514743564,0.4569859332099967,5,0.9659258262890683,0.25881904510252074,8,-0.8660254037844385,-0.5000000000000004,3,0.43388373,-0.90096885,0,217,100,100
2021-08-05 06:00:00+00:00,21.457142857142856,,,30.9,67,0.1,6.8,177,980.8,21.37142857142857,20.942857142857143,20.428571428571427,20.0,21.285714285714285,21.15714285714286,20.527380952380952,18.894288548752836,0.0857142857142857,0.16035674514743414,0.480755038125756,6,1.0,6.123233995736766e-17,8,-0.8660254037844385,-0.5000000000000004,3,0.43388373,-0.90096885,0,217,100,100
2021-08-05 07:00:00+00:00,21.542857142857144,,,29.6,74,1.1,11.7,227,980.2,21.457142857142856,21.02857142857143,20.514285714285712,20.0,21.37142857142857,21.242857142857144,20.58809523809524,18.920323129251702,0.08571428571428481,0.16035674514743262,0.5027637312060221,7,0.9659258262890683,-0.25881904510252063,8,-0.8660254037844385,-0.5000000000000004,3,0.43388373,-0.90096885,0,217,100,100
2021-08-05 08:00:00+00:00,21.62857142857143,,,30.4,69,0.2,10.0,206,979.6,21.542857142857144,21.114285714285714,20.6,20.0,21.457142857142856,21.328571428571426,20.652380952380952,18.946737379162194,0.08571428571428792,0.16035674514743212,0.5225469443782129,8,0.8660254037844387,-0.4999999999999998,8,-0.8660254037844385,-0.5000000000000004,3,0.43388373,-0.90096885,0,217,100,100
2021-08-05 09:00:00+00:00,21.714285714285715,,,28.6,81,1.5,9.8,152,979.3,21.62857142857143,21.2,20.685714285714287,20.0,21.542857142857144,21.414285714285715,20.720238095238095,18.973531298484307,0.08571428571428792,0.1603567451474311,0.539609715785426,9,0.7071067811865476,-0.7071067811865475,8,-0.8660254037844385,-0.5000000000000004,3,0.43388373,-0.90096885,0,217,100,100
2021-08-05 10:00:00+00:00,21.8,,,27.2,92,2.2,3.1,249,979.7,21.714285714285715,21.285714285714285,20.771428571428572,20.0,21.62857142857143,21.5,20.791666666666668,19.000704887218046,0.08571428571428481,0.16035674514742854,0.5534102817597543,10,0.49999999999999994,-0.8660254037844387,8,-0.8660254037844385,-0.5000000000000004,3,0.43388373,-0.90096885,0,217,100,100
2021-08-05 11:00:00+00:00,21.885714285714286,,,26.6,95,0.9,5.0,210,980.6,21.8,21.37142857142857,20.857142857142858,21.0,21.71428571428571,21.58571428571429,20.866666666666664,19.02825814536341,0.0857142857142857,0.16035674514742596,0.5633381723965911,11,0.258819045102521,-0.9659258262890682,8,-0.8660254037844385,-0.5000000000000004,3,0.43388373,-0.90096885,0,217,100,100
2021-08-05 12:00:00+00:00,21.97142857142857,,,26.6,89,0.4,6.5,186,980.2,21.885714285714286,21.457142857142856,20.942857142857143,20.0,21.8,21.671428571428574,20.90357142857143,19.056191072920395,0.08571428571428481,0.1603567451474234,0.6002550478319785,12,1.2246467991473532e-16,-1.0,8,-0.8660254037844385,-0.5000000000000004,3,0.43388373,-0.90096885,0,217,100,100
2021-08-05 13:00:00+00:00,22.057142857142857,,,26.3,89,0.0,7.6,188,981.5,21.97142857142857,21.542857142857144,21.02857142857143,20.0,21.885714285714286,21.757142857142856,20.985714285714284,19.084503669889006,0.0857142857142857,0.16035674514742082,0.6060915267303129,13,-0.2588190451025208,-0.9659258262890683,8,-0.8660254037844385,-0.5000000000000004,3,0.43388373,-0.90096885,0,217,100,100
2021-08-05 14:00:00+00:00,22.142857142857142,,,25.8,92,0.0,7.6,188,982.5,22.057142857142857,21.62857142857143,21.114285714285714,20.085714285714285,21.97142857142857,21.842857142857145,21.07142857142857,19.113195936269246,0.08571428571428481,0.16035674514741932,0.6060915267302958,14,-0.4999999999999997,-0.8660254037844388,8,-0.8660254037844385,-0.5000000000000004,3,0.43388373,-0.90096885,0,217,100,100
2021-08-05 15:00:00+00:00,22.228571428571428,,,25.4,95,0.0,6.8,177,983.4,22.142857142857142,21.714285714285715,21.2,20.17142857142857,22.05714285714286,21.92857142857143,21.157142857142855,19.142267872061105,0.0857142857142857,0.1603567451474178,0.6060915267302787,15,-0.7071067811865471,-0.7071067811865479,8,-0.8660254037844385,-0.5000000000000004,3,0.43388373,-0.90096885,0,217,100,100
2021-08-05 16:00:00+00:00,22.314285714285713,,,24.9,97,0.0,7.1,165,983.7,22.228571428571428,21.8,21.285714285714285,20.257142857142856,22.14285714285714,22.014285714285716,21.242857142857144,19.17171947726459,0.08571428571428481,0.16035674514741627,0.6060915267302616,16,-0.8660254037844385,-0.5000000000000004,8,-0.8660254037844385,-0.5000000000000004,3,0.43388373,-0.90096885,0,217,100,100
2021-08-05 17:00:00+00:00,22.4,,,24.6,96,0.0,6.4,164,983.3,22.314285714285713,21.885714285714286,21.37142857142857,20.34285714285714,22.228571428571428,22.099999999999998,21.32857142857143,19.2015507518797,0.0857142857142857,0.16035674514741474,0.6060915267302445,17,-0.9659258262890683,-0.25881904510252063,8,-0.8660254037844385,-0.5000000000000004,3,0.43388373,-0.90096885,0,217,100,100
2021-08-05 18:00:00+00:00,22.485714285714288,,,24.4,96,0.0,6.4,164,982.7,22.4,21.97142857142857,21.457142857142856,20.428571428571427,22.314285714285713,22.185714285714283,21.414285714285715,19.23176169590643,0.08571428571428481,0.16035674514741322,0.6060915267302274,18,-1.0,-1.8369701987210297e-16,8,-0.8660254037844385,-0.5000000000000004,3,0.43388373,-0.90096885,0,217,100,100
2021-08-05 19:00:00+00:00,22.57142857142857,,,24.0,97,0.0,6.2,170,982.2,22.485714285714288,22.057142857142857,21.542857142857144,20.514285714285712,22.400000000000002,22.271428571428572,21.5,19.262352309344788,0.08571428571428792,0.16035674514741274,0.6060915267302106,19,-0.9659258262890684,0.2588190451025203,8,-0.8660254037844385,-0.5000000000000004,3,0.43388373,-0.90096885,0,217,100,100
2021-08-05 20:00:00+00:00,22.65714285714286,,,23.8,98,0.0,6.8,162,982.1,22.57142857142857,22.142857142857142,21.62857142857143,20.6,22.485714285714284,22.357142857142858,21.585714285714285,19.29332259219477,0.08571428571428703,0.16035674514741122,0.6060915267301935,20,-0.8660254037844386,0.5000000000000001,8,-0.8660254037844385,-0.5000000000000004,3,0.43388373,-0.90096885,0,217,100,100
2021-08-05 21:00:00+00:00,22.742857142857144,,,23.7,98,0.0,6.8,155,982.0,22.65714285714286,22.228571428571428,21.714285714285715,20.685714285714287,22.571428571428573,22.442857142857147,21.671428571428574,19.324672544456376,0.08571428571429014,0.16035674514741072,0.606091526730177,21,-0.7071067811865477,0.7071067811865474,8,-0.8660254037844385,-0.5000000000000004,3,0.43388373,-0.90096885,0,217,100,100
2021-08-05 22:00:00+00:00,22.82857142857143,,,23.5,97,0.0,6.4,153,982.1,22.742857142857144,22.314285714285713,21.8,20.771428571428572,22.657142857142855,22.52857142857143,21.757142857142856,19.35640216612961,0.08571428571429547,0.1603567451474097,0.6060915267301604,22,-0.5000000000000004,0.8660254037844384,8,-0.8660254037844385,-0.5000000000000004,3,0.43388373,-0.90096885,0,217,100,100
2021-08-05 23:00:00+00:00,22.914285714285715,,,23.4,97,0.0,6.2,159,982.5,22.82857142857143,22.4,21.885714285714286,20.857142857142858,22.742857142857144,22.614285714285714,21.84285714285714,19.388511457214467,0.08571428571429858,0.16035674514740714,0.6060915267301439,23,-0.25881904510252157,0.9659258262890681,8,-0.8660254037844385,-0.5000000000000004,3,0.43388373,-0.90096885,0,217,100,100
2021-08-06 00:00:00+00:00,23.0,1304191.0,1.0,24.1,93,0.0,6.2,170,982.9,22.914285714285715,22.485714285714288,21.97142857142857,20.942857142857143,22.828571428571426,22.7,21.92857142857143,19.421000417710943,0.08571428571430391,0.16035674514740456,0.6060915267301272,0,0.0,1.0,8,-0.8660254037844385,-0.5000000000000004,4,-0.43388373,-0.90096885,0,218,100,100
2021-08-06 01:00:00+00:00,23.0,1304191.0,1.0,25.0,91,0.0,6.1,177,983.5,23.0,22.57142857142857,22.057142857142857,21.02857142857143,22.914285714285715,22.78571428571429,22.014285714285716,19.453869047619047,0.08571428571430924,0.16035674514740303,0.6060915267301107,1,0.25881904510252074,0.9659258262890683,8,-0.8660254037844385,-0.5000000000000004,4,-0.43388373,-0.90096885,0,218,100,100
2021-08-06 02:00:00+00:00,22.8,,,26.3,83,0.0,7.8,202,984.1,23.0,22.65714285714286,22.142857142857142,21.114285714285714,22.97142857142857,22.857142857142858,22.09642857142857,19.486607142857142,0.049487165930586594,0.13997084244469124,0.6002550478317418,2,0.49999999999999994,0.8660254037844387,8,-0.8660254037844385,-0.5000000000000004,4,-0.43388373,-0.90096885,0,218,100,100
2021-08-06 03:00:00+00:00,22.6,,,27.6,78,0.1,5.5,191,984.4,22.8,22.742857142857144,22.228571428571428,21.2,22.933333333333337,22.88095238095238,22.166666666666668,19.518024227234754,0.11547005383794301,0.10753895038693044,0.5785682335097976,3,0.7071067811865476,0.7071067811865476,8,-0.8660254037844385,-0.5000000000000004,4,-0.43388373,-0.90096885,0,218,100,100
2021-08-06 04:00:00+00:00,22.4,,,28.5,73,0.2,5.4,180,984.2,22.6,22.82857142857143,22.314285714285713,21.285714285714285,22.8,22.857142857142858,22.224999999999998,19.54812030075188,0.20000000000000628,0.15118578920363362,0.5465589703527062,4,0.8660254037844386,0.5000000000000001,8,-0.8660254037844385,-0.5000000000000004,4,-0.43388373,-0.90096885,0,218,100,100
2021-08-06 05:00:00+00:00,22.2,,,29.0,72,0.2,8.3,178,983.7,22.4,22.914285714285715,22.4,21.37142857142857,22.600000000000005,22.78571428571429,22.271428571428572,19.57689536340852,0.20000000000000318,0.24159335036122034,0.5093622158167487,5,0.9659258262890683,0.25881904510252074,8,-0.8660254037844385,-0.5000000000000004,4,-0.43388373,-0.90096885,0,218,100,100
2021-08-06 06:00:00+00:00,22.0,1304191.0,1.0,27.8,81,2.6,8.7,218,983.0,22.2,23.0,22.485714285714288,21.457142857142856,22.400000000000002,22.666666666666668,22.30595238095238,19.604349415204677,0.20000000000000007,0.3265986323710692,0.47245167856799497,6,1.0,6.123233995736766e-17,8,-0.8660254037844385,-0.5000000000000004,4,-0.43388373,-0.90096885,0,218,100,100
2021-08-06 07:00:00+00:00,22.0,1304191.0,1.0,29.1,76,0.1,7.1,204,981.6,22.0,23.0,22.57142857142857,21.542857142857144,22.2,22.5,22.328571428571433,19.63048245614035,0.19999999999999696,0.37416573867737957,0.4420650098520036,7,0.9659258262890683,-0.25881904510252063,8,-0.8660254037844385,-0.5000000000000004,4,-0.43388373,-0.90096885,0,218,100,100
2021-08-06 08:00:00+00:00,22.0,1304191.0,1.0,29.8,72,0.1,8.4,200,980.8,22.0,22.8,22.65714285714286,21.62857142857143,22.066666666666666,22.333333333333332,22.347619047619048,19.656484962406015,0.11547005383792174,0.3265986323710785,0.4158071584499999,8,0.8660254037844387,-0.4999999999999998,8,-0.8660254037844385,-0.5000000000000004,4,-0.43388373,-0.90096885,0,218,100,100
2021-08-06 09:00:00+00:00,22.0,1304191.0,1.0,30.1,67,0.0,8.7,197,979.7,22.0,22.6,22.742857142857144,21.714285714285715,22.0,22.2,22.36309523809524,19.68235693400167,0.0,0.25298221281346106,0.39423342588247573,9,0.7071067811865476,-0.7071067811865475,8,-0.8660254037844385,-0.5000000000000004,4,-0.43388373,-0.90096885,0,218,100,100
2021-08-06 10:00:00+00:00,22.0,1304191.0,1.0,29.2,73,0.2,10.7,200,980.3,22.0,22.4,22.82857142857143,21.8,22.0,22.099999999999998,22.375,19.70809837092732,0.0,0.16733200530680728,0.37775900168292154,10,0.49999999999999994,-0.8660254037844387,8,-0.8660254037844385,-0.5000000000000004,4,-0.43388373,-0.90096885,0,218,100,100
2021-08-06 11:00:00+00:00,23.0,1304191.0,1.0,27.5,84,0.6,8.3,182,981.0,22.0,22.2,22.914285714285715,21.885714285714286,22.0,22.03333333333333,22.383333333333336,19.733709273182956,0.0,0.08164965809276589,0.3665631323785062,11,0.258819045102521,-0.9659258262890682,8,-0.8660254037844385,-0.5000000000000004,4,-0.43388373,-0.90096885,0,218,100,100
2021-08-06 12:00:00+00:00,22.0,1304191.0,1.0,27.4,84,0.0,9.0,175,981.8,23.0,22.0,23.0,21.97142857142857,22.333333333333332,22.166666666666668,22.429761904761904,19.76514202172097,0.5773502691896263,0.40824829046386274,0.3713310112336173,12,1.2246467991473532e-16,-1.0,8,-0.8660254037844385,-0.5000000000000004,4,-0.43388373,-0.90096885,0,218,100,100
2021-08-06 13:00:00+00:00,23.0,1304191.0,1.0,26.6,89,0.0,8.4,173,982.4,22.0,22.0,23.0,22.057142857142857,22.333333333333332,22.166666666666668,22.43095238095238,19.790491854636592,0.5773502691896263,0.40824829046386274,0.36984052935436246,13,-0.2588190451025208,-0.9659258262890683,8,-0.8660254037844385,-0.5000000000000004,4,-0.43388373,-0.90096885,0,218,100,100
2021-08-06 14:00:00+00:00,22.0,1304191.0,1.0,26.0,92,0.0,8.7,175,983.1,23.0,22.0,22.8,22.142857142857142,22.666666666666668,22.333333333333332,22.4702380952381,19.821663533834585,0.5773502691896263,0.5163977794943212,0.3783848518688671,14,-0.4999999999999997,-0.8660254037844388,8,-0.8660254037844385,-0.5000000000000004,4,-0.43388373,-0.90096885,0,218,100,100
2021-08-06 15:00:00+00:00,23.0,1304191.0,1.0,25.7,93,0.0,8.8,171,983.9,22.0,22.0,22.6,22.228571428571428,22.333333333333332,22.333333333333332,22.46428571428571,19.84675229741019,0.5773502691896263,0.5163977794943212,0.3848275982681546,15,-0.7071067811865471,-0.7071067811865479,8,-0.8660254037844385,-0.5000000000000004,4,-0.43388373,-0.90096885,0,218,100,100
2021-08-06 16:00:00+00:00,24.0,1304191.0,1.0,25.0,94,0.0,7.0,168,984.0,23.0,22.0,22.4,22.314285714285713,22.666666666666668,22.5,22.49642857142857,19.87766290726817,0.5773502691896263,0.5477225575051646,0.39632853642249266,16,-0.8660254037844385,-0.5000000000000004,8,-0.8660254037844385,-0.5000000000000004,4,-0.43388373,-0.90096885,0,218,100,100
2021-08-06 17:00:00+00:00,23.0,1304191.0,1.0,24.5,96,0.0,6.5,161,983.8,24.0,23.0,22.2,22.4,23.0,22.833333333333332,22.566666666666666,19.914395363408524,1.0000000000000004,0.7527726527090791,0.498776972110079,17,-0.9659258262890683,-0.25881904510252063,8,-0.8660254037844385,-0.5000000000000004,4,-0.43388373,-0.90096885,0,218,100,100
2021-08-06 18:00:00+00:00,23.0,1304191.0,1.0,24.3,97,0.0,6.2,159,983.4,23.0,22.0,22.0,22.485714285714288,23.333333333333332,22.833333333333332,22.59166666666667,19.945044903926483,0.5773502691896263,0.7527726527090791,0.5050572400563917,18,-1.0,-1.8369701987210297e-16,8,-0.8660254037844385,-0.5000000000000004,4,-0.43388373,-0.90096885,0,218,100,100
